DEBUG: Using RE2 regex engine
DEBUG: Parsing configs
DEBUG: No config file found on disk - skipping
DEBUG: No additional config file found specified - skipping
DEBUG: Converting GITHUB_COM_TOKEN into a global host rule
DEBUG: File config
       "config": {}
DEBUG: Additional file config
       "config": {}
DEBUG: CLI config
       "config": {"dryRun": "full", "printConfig": true, "platform": "local"}
DEBUG: Env config
       "config": {
         "hostRules": [
           {"hostType": "github", "matchHost": "github.com", "token": "***********"}
         ]
       }
DEBUG: Resolved global extends
       "config": undefined
DEBUG: Combined config
       "config": {
         "hostRules": [
           {"hostType": "github", "matchHost": "github.com", "token": "***********"}
         ],
         "dryRun": "full",
         "printConfig": true,
         "platform": "local"
       }
DEBUG: Enabling forkProcessing while in non-autodiscover mode
DEBUG: Enabling onboardingNoDeps while in non-autodiscover mode
DEBUG: Found valid git version: 2.50.1
DEBUG: Setting global hostRules
DEBUG: Adding token authentication for github.com (hostType=github) to hostRules
DEBUG: Using baseDir: /var/folders/wx/9mbmyrjs5dv5n451kvzgk4lm0000gn/T/renovate
DEBUG: Using cacheDir: /var/folders/wx/9mbmyrjs5dv5n451kvzgk4lm0000gn/T/renovate/cache
DEBUG: Using containerbaseDir: /var/folders/wx/9mbmyrjs5dv5n451kvzgk4lm0000gn/T/renovate/cache/containerbase
DEBUG: Initializing Renovate internal cache into /var/folders/wx/9mbmyrjs5dv5n451kvzgk4lm0000gn/T/renovate/cache/renovate/renovate-cache-v1
DEBUG: Commits limit = null
DEBUG: Setting global hostRules
DEBUG: Adding token authentication for github.com (hostType=github) to hostRules
DEBUG: validatePresets()
DEBUG: Reinitializing hostRules for repo
DEBUG: Clearing hostRules
DEBUG: Adding token authentication for github.com (hostType=github) to hostRules
 INFO: Repository started (repository=local)
       "renovateVersion": "41.121.0"
DEBUG: Using localDir: /Users/robert/code/home-ops (repository=local)
DEBUG: PackageFiles.clear() - Package files deleted (repository=local)
DEBUG: Resetting npmrc (repository=local)
DEBUG: Resetting npmrc (repository=local)
DEBUG: checkOnboarding() (repository=local)
DEBUG: isOnboarded() (repository=local)
DEBUG: findFile(renovate.json) (repository=local)
DEBUG: Got file list using git (repository=local)
DEBUG: findFile(renovate.json5) (repository=local)
DEBUG: Got file list using git (repository=local)
DEBUG: Config file exists, fileName: renovate.json5 (repository=local)
DEBUG: Repo is onboarded (repository=local)
DEBUG: Got file list using git (repository=local)
DEBUG: Found renovate.json5 config file (repository=local)
DEBUG: Repository config (repository=local)
       "fileName": "renovate.json5",
       "config": {
         "$schema": "https://docs.renovatebot.com/renovate-schema.json",
         "extends": [
           "config:recommended",
           "docker:enableMajor",
           "security:openssf-scorecard",
           ":automergeBranch",
           ":automergeDigest",
           ":dependencyDashboard",
           ":disableRateLimiting",
           ":semanticCommits",
           ":timezone(America/Chicago)",
           "helpers:pinGitHubActionDigestsToSemver",
           "github>rcdailey/home-ops//.renovate/autoMerge.json5",
           "github>rcdailey/home-ops//.renovate/groups.json5",
           "github>rcdailey/home-ops//.renovate/labels.json5",
           "github>rcdailey/home-ops//.renovate/semanticCommits.json5",
           "github>rcdailey/home-ops//.renovate/customManagers.json5"
         ],
         "dependencyDashboardTitle": "Renovate Dashboard 🤖",
         "dependencyDashboardAutoclose": true,
         "suppressNotifications": ["prEditedNotification", "prIgnoreNotification"],
         "configMigration": true,
         "prConcurrentLimit": 15,
         "prHourlyLimit": 8,
         "ignorePresets": ["mergeConfidence:all-badges"],
         "gitIgnoredAuthors": ["git@rdailey.me"],
         "ignorePaths": ["**/*.sops.*", "**/resources/**"],
         "flux": {"managerFilePatterns": ["/\\.yaml(?:\\.j2)?$/"]},
         "kubernetes": {"managerFilePatterns": ["/\\.yaml(?:\\.j2)?$/"]},
         "pre-commit": {"enabled": true}
       }
DEBUG: migrateAndValidate() (repository=local)
DEBUG: No config migration necessary (repository=local)
DEBUG: hostRules: authentication already set for api.github.com (repository=local)
DEBUG: Using queue: host=api.github.com, concurrency=16 (repository=local)
DEBUG: http cache: saving https://api.github.com/repos/rcdailey/home-ops/contents/.renovate/autoMerge.json5 (etag=W/"a08315ac4b75b2d64e32f2911476ead8a606decb", lastModified=Sun, 21 Sep 2025 01:39:14 GMT) (repository=local)
DEBUG: http cache: saving https://api.github.com/repos/rcdailey/home-ops/contents/.renovate/groups.json5 (etag=W/"09418b2faf1b5b1e91577f7f62bbc28ad2ba1150", lastModified=Sun, 21 Sep 2025 01:39:14 GMT) (repository=local)
DEBUG: http cache: saving https://api.github.com/repos/rcdailey/home-ops/contents/.renovate/labels.json5 (etag=W/"a7a467c702f9bf044b2423a12d6bb97da8128e37", lastModified=Sun, 21 Sep 2025 01:39:14 GMT) (repository=local)
DEBUG: http cache: saving https://api.github.com/repos/rcdailey/home-ops/contents/.renovate/semanticCommits.json5 (etag=W/"0f714a6870760464202f9215aabc1428f8220c92", lastModified=Sun, 21 Sep 2025 01:39:14 GMT) (repository=local)
DEBUG: http cache: saving https://api.github.com/repos/rcdailey/home-ops/contents/.renovate/customManagers.json5 (etag=W/"75a09b97cf903d037ab4b4fe737d2dea95909619", lastModified=Sun, 21 Sep 2025 01:39:14 GMT) (repository=local)
DEBUG: Flattening nested packageRules (repository=local)
DEBUG: Resolved config needs migrating (repository=local)
DEBUG: Found repo ignorePaths (repository=local)
       "ignorePaths": ["**/*.sops.*", "**/resources/**"]
DEBUG: No vulnerability alerts found (repository=local)
 INFO: Full resolved config and hostRules including presets (repository=local)
       "config": {
         "mode": "full",
         "detectGlobalManagerConfig": false,
         "detectHostRulesFromEnv": false,
         "useCloudMetadataServices": true,
         "bumpVersions": [],
         "postUpgradeTasks": {
           "commands": [],
           "fileFilters": [],
           "executionMode": "update"
         },
         "onboardingBranch": "renovate/configure",
         "onboardingCommitMessage": null,
         "onboardingConfigFileName": "renovate.json",
         "onboardingNoDeps": "enabled",
         "onboardingPrTitle": "Configure Renovate",
         "configMigration": true,
         "productLinks": {
           "documentation": "https://docs.renovatebot.com/",
           "help": "https://github.com/renovatebot/renovate/discussions",
           "homepage": "https://github.com/renovatebot/renovate"
         },
         "statusCheckNames": {
           "artifactError": "renovate/artifacts",
           "configValidation": "renovate/config-validation",
           "mergeConfidence": "renovate/merge-confidence",
           "minimumReleaseAge": "renovate/stability-days"
         },
         "minimumGroupSize": 1,
         "globalExtends": [],
         "description": [
           "Enable Renovate Dependency Dashboard creation.",
           "Use semantic commit type `fix` for dependencies and `chore` for all others if semantic commits are in use.",
           "Ignore `node_modules`, `bower_components`, `vendor` and various test/tests (except for nuget) directories.",
           "Group known monorepo packages together.",
           "Use curated list of recommended non-monorepo package groupings.",
           "Show only the Age and Confidence Merge Confidence badges for pull requests.",
           "Apply crowd-sourced package replacement rules.",
           "Apply crowd-sourced workarounds for known problems with packages.",
           "Enable Docker `major` updates.",
           "Show OpenSSF badge on pull requests.",
           "If automerging, push the new commit directly to the base branch (no PR).",
           "Automerge `digest` upgrades if they pass tests.",
           "Enable Renovate Dependency Dashboard creation.",
           "Remove hourly and concurrent rate limits.",
           "Use semantic prefixes for commit messages and PR titles.",
           "Evaluate schedules according to timezone `America/Chicago`.",
           "Convert pinned GitHub Action digests to SemVer."
         ],
         "enabled": true,
         "constraintsFiltering": "none",
         "repositoryCache": "disabled",
         "repositoryCacheType": "local",
         "reportType": null,
         "reportPath": null,
         "force": {"dryRun": "full", "printConfig": true, "platform": "local"},
         "draftPR": false,
         "printConfig": true,
         "customDatasources": {},
         "composerIgnorePlatformReqs": [],
         "goGetDirs": ["./..."],
         "onboarding": true,
         "onboardingConfig": {
           "$schema": "https://docs.renovatebot.com/renovate-schema.json"
         },
         "onboardingRebaseCheckbox": false,
         "forkProcessing": "enabled",
         "includeMirrors": false,
         "forkCreation": true,
         "forkToken": null,
         "forkOrg": null,
         "inheritConfig": false,
         "inheritConfigRepoName": "{{parentOrg}}/renovate-config",
         "inheritConfigFileName": "org-inherited-config.json",
         "inheritConfigStrict": false,
         "requireConfig": "optional",
         "optimizeForDisabled": false,
         "dependencyDashboard": true,
         "dependencyDashboardApproval": false,
         "dependencyDashboardAutoclose": true,
         "dependencyDashboardTitle": "Renovate Dashboard 🤖",
         "dependencyDashboardCategory": null,
         "dependencyDashboardHeader": "This issue lists Renovate updates and detected dependencies. Read the [Dependency Dashboard](https://docs.renovatebot.com/key-concepts/dashboard/) docs to learn more.",
         "dependencyDashboardFooter": null,
         "dependencyDashboardLabels": null,
         "dependencyDashboardOSVVulnerabilitySummary": "none",
         "configWarningReuseIssue": false,
         "privateKeyPath": null,
         "privateKeyPathOld": null,
         "encrypted": null,
         "timezone": "America/Chicago",
         "schedule": ["at any time"],
         "automergeSchedule": ["at any time"],
         "updateNotScheduled": true,
         "persistRepoData": true,
         "ignorePlugins": false,
         "ignoreScripts": true,
         "token": null,
         "username": null,
         "password": null,
         "npmrc": null,
         "npmrcMerge": false,
         "npmToken": null,
         "skipArtifactsUpdate": false,
         "skipInstalls": null,
         "baseBranchPatterns": [],
         "useBaseBranchConfig": "none",
         "gitAuthor": null,
         "gitIgnoredAuthors": ["git@rdailey.me"],
         "enabledManagers": [],
         "includePaths": [],
         "ignorePaths": ["**/*.sops.*", "**/resources/**"],
         "excludeCommitPaths": [],
         "registryAliases": {},
         "defaultRegistryUrls": null,
         "registryUrls": null,
         "extractVersion": null,
         "versionCompatibility": null,
         "versioning": null,
         "azureWorkItemId": 0,
         "autoApprove": false,
         "ignoreDeps": [],
         "updateInternalDeps": false,
         "packageRules": [
           {"matchPackageNames": ["*"], "semanticCommitType": "chore"},
           {"matchDepTypes": ["dependencies", "require"], "semanticCommitType": "fix"},
           {
             "matchDatasources": ["maven"],
             "matchDepTypes": [
               "compile",
               "provided",
               "runtime",
               "system",
               "import",
               "parent"
             ],
             "semanticCommitType": "fix"
           },
           {
             "matchDepTypes": [
               "project.dependencies",
               "project.optional-dependencies"
             ],
             "matchManagers": ["pep621"],
             "semanticCommitType": "fix"
           },
           {
             "matchDepTypes": ["dependencies", "extras"],
             "matchManagers": ["poetry"],
             "semanticCommitType": "fix"
           },
           {
             "matchJsonata": ["isLockfileUpdate = true"],
             "semanticCommitType": "chore"
           },
           {
             "description": [
               "accounts monorepo",
               "Group packages from accounts monorepo together."
             ],
             "matchSourceUrls": ["https://github.com/accounts-js/accounts"],
             "groupName": "accounts monorepo",
             "matchUpdateTypes": ["digest", "patch", "minor", "major"]
           },
           {
             "description": [
               "acot monorepo",
               "Group packages from acot monorepo together."
             ],
             "matchSourceUrls": ["https://github.com/acot-a11y/acot"],
             "groupName": "acot monorepo",
             "matchUpdateTypes": ["digest", "patch", "minor", "major"]
           },
           {
             "description": [
               "ag-grid monorepo",
               "Group packages from ag-grid monorepo together."
             ],
             "matchSourceUrls": ["https://github.com/ag-grid/ag-grid"],
             "groupName": "ag-grid monorepo",
             "matchUpdateTypes": ["digest", "patch", "minor", "major"]
           },
           {
             "description": [
               "algolia-instantsearch monorepo",
               "Group packages from algolia-instantsearch monorepo together."
             ],
             "matchSourceUrls": [
               "https://github.com/algolia/instantsearch",
               "https://github.com/algolia/instantsearch.js"
             ],
             "groupName": "algolia-instantsearch monorepo",
             "matchUpdateTypes": ["digest", "patch", "minor", "major"]
           },
           {
             "description": [
               "algolia-react-instantsearch monorepo",
               "Group packages from algolia-react-instantsearch monorepo together."
             ],
             "matchSourceUrls": ["https://github.com/algolia/react-instantsearch"],
             "groupName": "algolia-react-instantsearch monorepo",
             "matchUpdateTypes": ["digest", "patch", "minor", "major"]
           },
           {
             "description": [
               "algoliasearch-autocomplete monorepo",
               "Group packages from algoliasearch-autocomplete monorepo together."
             ],
             "matchSourceUrls": ["https://github.com/algolia/autocomplete"],
             "groupName": "algoliasearch-autocomplete monorepo",
             "matchUpdateTypes": ["digest", "patch", "minor", "major"]
           },
           {
             "description": [
               "algoliasearch-client-javascript monorepo",
               "Group packages from algoliasearch-client-javascript monorepo together."
             ],
             "matchSourceUrls": [
               "https://github.com/algolia/algoliasearch-client-javascript"
             ],
             "groupName": "algoliasearch-client-javascript monorepo",
             "matchUpdateTypes": ["digest", "patch", "minor", "major"]
           },
           {
             "description": [
               "analog monorepo",
               "Group packages from analog monorepo together."
             ],
             "matchSourceUrls": ["https://github.com/analogjs/analog"],
             "groupName": "analog monorepo",
             "matchUpdateTypes": ["digest", "patch", "minor", "major"]
           },
           {
             "description": [
               "angular monorepo",
               "Group packages from angular monorepo together."
             ],
             "matchSourceUrls": ["https://github.com/angular/angular"],
             "groupName": "angular monorepo",
             "matchUpdateTypes": ["digest", "patch", "minor", "major"]
           },
           {
             "description": [
               "angular-cli monorepo",
               "Group packages from angular-cli monorepo together."
             ],
             "matchSourceUrls": ["https://github.com/angular/angular-cli"],
             "groupName": "angular-cli monorepo",
             "matchUpdateTypes": ["digest", "patch", "minor", "major"]
           },
           {
             "description": [
               "angular-eslint monorepo",
               "Group packages from angular-eslint monorepo together."
             ],
             "matchSourceUrls": ["https://github.com/angular-eslint/angular-eslint"],
             "groupName": "angular-eslint monorepo",
             "matchUpdateTypes": ["digest", "patch", "minor", "major"]
           },
           {
             "description": [
               "angularfire monorepo",
               "Group packages from angularfire monorepo together."
             ],
             "matchSourceUrls": ["https://github.com/angular/angularfire"],
             "groupName": "angularfire monorepo",
             "matchUpdateTypes": ["digest", "patch", "minor", "major"]
           },
           {
             "description": [
               "angularjs monorepo",
               "Group packages from angularjs monorepo together."
             ],
             "matchSourceUrls": ["https://github.com/angular/angular.js"],
             "groupName": "angularjs monorepo",
             "matchUpdateTypes": ["digest", "patch", "minor", "major"]
           },
           {
             "description": [
               "apache-lucene monorepo",
               "Group packages from apache-lucene monorepo together."
             ],
             "matchSourceUrls": [
               "https://gitbox.apache.org/repos/asf?p=lucene.git",
               "https://github.com/apache/lucene"
             ],
             "groupName": "apache-lucene monorepo",
             "matchUpdateTypes": ["digest", "patch", "minor", "major"]
           },
           {
             "description": [
               "apollo-server monorepo",
               "Group packages from apollo-server monorepo together."
             ],
             "matchSourceUrls": ["https://github.com/apollographql/apollo-server"],
             "groupName": "apollo-server monorepo",
             "matchUpdateTypes": ["digest", "patch", "minor", "major"]
           },
           {
             "description": [
               "apolloclient monorepo",
               "Group packages from apolloclient monorepo together."
             ],
             "matchSourceUrls": ["https://github.com/apollographql/apollo-client"],
             "groupName": "apolloclient monorepo",
             "matchUpdateTypes": ["digest", "patch", "minor", "major"]
           },
           {
             "description": [
               "applicationinsights-dotnet monorepo",
               "Group packages from applicationinsights-dotnet monorepo together."
             ],
             "matchSourceUrls": [
               "https://github.com/Microsoft/ApplicationInsights-dotnet"
             ],
             "groupName": "applicationinsights-dotnet monorepo",
             "matchUpdateTypes": ["digest", "patch", "minor", "major"]
           },
           {
             "description": [
               "arcus.background-jobs monorepo",
               "Group packages from arcus.background-jobs monorepo together."
             ],
             "matchSourceUrls": [
               "https://github.com/arcus-azure/arcus.backgroundjobs"
             ],
             "groupName": "arcus.background-jobs monorepo",
             "matchUpdateTypes": ["digest", "patch", "minor", "major"]
           },
           {
             "description": [
               "arcus.event-grid monorepo",
               "Group packages from arcus.event-grid monorepo together."
             ],
             "matchSourceUrls": ["https://github.com/arcus-azure/arcus.eventgrid"],
             "groupName": "arcus.event-grid monorepo",
             "matchUpdateTypes": ["digest", "patch", "minor", "major"]
           },
           {
             "description": [
               "arcus.messaging monorepo",
               "Group packages from arcus.messaging monorepo together."
             ],
             "matchSourceUrls": ["https://github.com/arcus-azure/arcus.messaging"],
             "groupName": "arcus.messaging monorepo",
             "matchUpdateTypes": ["digest", "patch", "minor", "major"]
           },
           {
             "description": [
               "arcus.observability monorepo",
               "Group packages from arcus.observability monorepo together."
             ],
             "matchSourceUrls": ["https://github.com/arcus-azure/arcus.observability"],
             "groupName": "arcus.observability monorepo",
             "matchUpdateTypes": ["digest", "patch", "minor", "major"]
           },
           {
             "description": [
               "arcus.security monorepo",
               "Group packages from arcus.security monorepo together."
             ],
             "matchSourceUrls": ["https://github.com/arcus-azure/arcus.security"],
             "groupName": "arcus.security monorepo",
             "matchUpdateTypes": ["digest", "patch", "minor", "major"]
           },
           {
             "description": [
               "arcus.webapi monorepo",
               "Group packages from arcus.webapi monorepo together."
             ],
             "matchSourceUrls": ["https://github.com/arcus-azure/arcus.webapi"],
             "groupName": "arcus.webapi monorepo",
             "matchUpdateTypes": ["digest", "patch", "minor", "major"]
           },
           {
             "description": [
               "arrow-kt monorepo",
               "Group packages from arrow-kt monorepo together."
             ],
             "matchSourceUrls": ["https://github.com/arrow-kt/arrow"],
             "groupName": "arrow-kt monorepo",
             "matchUpdateTypes": ["digest", "patch", "minor", "major"]
           },
           {
             "description": [
               "aspire monorepo",
               "Group packages from aspire monorepo together."
             ],
             "matchSourceUrls": ["https://github.com/dotnet/aspire"],
             "groupName": "aspire monorepo",
             "matchUpdateTypes": ["digest", "patch", "minor", "major"]
           },
           {
             "description": [
               "aspnet aspnetwebstack monorepo",
               "Group packages from aspnet aspnetwebstack monorepo together."
             ],
             "matchSourceUrls": ["https://github.com/aspnet/AspNetWebStack"],
             "groupName": "aspnet aspnetwebstack monorepo",
             "matchUpdateTypes": ["digest", "patch", "minor", "major"]
           },
           {
             "description": [
               "aspnet extensions monorepo",
               "Group packages from aspnet extensions monorepo together."
             ],
             "matchSourceUrls": ["https://github.com/aspnet/Extensions"],
             "groupName": "aspnet extensions monorepo",
             "matchUpdateTypes": ["digest", "patch", "minor", "major"]
           },
           {
             "description": [
               "aspnet-api-versioning monorepo",
               "Group packages from aspnet-api-versioning monorepo together."
             ],
             "matchSourceUrls": ["https://github.com/Microsoft/aspnet-api-versioning"],
             "groupName": "aspnet-api-versioning monorepo",
             "matchUpdateTypes": ["digest", "patch", "minor", "major"]
           },
           {
             "description": [
               "aspnet-health-checks monorepo",
               "Group packages from aspnet-health-checks monorepo together."
             ],
             "matchSourceUrls": [
               "https://github.com/xabaril/AspNetCore.Diagnostics.HealthChecks"
             ],
             "groupName": "aspnet-health-checks monorepo",
             "matchUpdateTypes": ["digest", "patch", "minor", "major"]
           },
           {
             "description": [
               "aspnet-security-oauth-providers monorepo",
               "Group packages from aspnet-security-oauth-providers monorepo together."
             ],
             "matchSourceUrls": [
               "https://github.com/aspnet-contrib/AspNet.Security.OAuth.Providers"
             ],
             "groupName": "aspnet-security-oauth-providers monorepo",
             "matchUpdateTypes": ["digest", "patch", "minor", "major"]
           },
           {
             "description": [
               "astro monorepo",
               "Group packages from astro monorepo together."
             ],
             "matchSourceUrls": ["https://github.com/withastro/astro"],
             "groupName": "astro monorepo",
             "matchUpdateTypes": ["digest", "patch", "minor", "major"]
           },
           {
             "description": [
               "auto monorepo",
               "Group packages from auto monorepo together."
             ],
             "matchSourceUrls": ["https://github.com/intuit/auto"],
             "groupName": "auto monorepo",
             "matchUpdateTypes": ["digest", "patch", "minor", "major"]
           },
           {
             "description": [
               "autofixture monorepo",
               "Group packages from autofixture monorepo together."
             ],
             "matchSourceUrls": ["https://github.com/AutoFixture/AutoFixture"],
             "groupName": "autofixture monorepo",
             "matchUpdateTypes": ["digest", "patch", "minor", "major"]
           },
           {
             "description": [
               "automapper-dotnet monorepo",
               "Group packages from automapper-dotnet monorepo together."
             ],
             "matchSourceUrls": [
               "https://github.com/AutoMapper/AutoMapper",
               "https://github.com/AutoMapper/AutoMapper.Extensions.Microsoft.DependencyInjection"
             ],
             "groupName": "automapper-dotnet monorepo",
             "matchUpdateTypes": ["digest", "patch", "minor", "major"]
           },
           {
             "description": [
               "avalonia monorepo",
               "Group packages from avalonia monorepo together."
             ],
             "matchSourceUrls": ["https://github.com/AvaloniaUI/Avalonia"],
             "groupName": "avalonia monorepo",
             "matchUpdateTypes": ["digest", "patch", "minor", "major"]
           },
           {
             "description": [
               "aws-cdk monorepo",
               "Group packages from aws-cdk monorepo together."
             ],
             "matchSourceUrls": ["https://github.com/aws/aws-cdk"],
             "groupName": "aws-cdk monorepo",
             "matchUpdateTypes": ["digest", "patch", "minor", "major"]
           },
           {
             "description": [
               "aws-lambda-powertools-typescript monorepo",
               "Group packages from aws-lambda-powertools-typescript monorepo together."
             ],
             "matchSourceUrls": [
               "https://github.com/awslabs/aws-lambda-powertools-typescript",
               "https://github.com/aws-powertools/powertools-lambda-typescript"
             ],
             "groupName": "aws-lambda-powertools-typescript monorepo",
             "matchUpdateTypes": ["digest", "patch", "minor", "major"]
           },
           {
             "description": [
               "aws-sdk-client-mock monorepo",
               "Group packages from aws-sdk-client-mock monorepo together."
             ],
             "matchSourceUrls": [
               "https://github.com/m-radzikowski/aws-sdk-client-mock"
             ],
             "groupName": "aws-sdk-client-mock monorepo",
             "matchUpdateTypes": ["digest", "patch", "minor", "major"]
           },
           {
             "description": [
               "aws-sdk-go monorepo",
               "Group packages from aws-sdk-go monorepo together."
             ],
             "matchSourceUrls": ["https://github.com/aws/aws-sdk-go"],
             "groupName": "aws-sdk-go monorepo",
             "matchUpdateTypes": ["digest", "patch", "minor", "major"]
           },
           {
             "description": [
               "aws-sdk-go-v2 monorepo",
               "Group packages from aws-sdk-go-v2 monorepo together."
             ],
             "matchSourceUrls": ["https://github.com/aws/aws-sdk-go-v2"],
             "groupName": "aws-sdk-go-v2 monorepo",
             "matchUpdateTypes": ["digest", "patch", "minor", "major"]
           },
           {
             "description": [
               "aws-sdk-js-v3 monorepo",
               "Group packages from aws-sdk-js-v3 monorepo together."
             ],
             "matchSourceUrls": ["https://github.com/aws/aws-sdk-js-v3"],
             "groupName": "aws-sdk-js-v3 monorepo",
             "matchUpdateTypes": ["digest", "patch", "minor", "major"]
           },
           {
             "description": [
               "aws-sdk-net monorepo",
               "Group packages from aws-sdk-net monorepo together."
             ],
             "matchSourceUrls": ["https://github.com/aws/aws-sdk-net"],
             "groupName": "aws-sdk-net monorepo",
             "matchUpdateTypes": ["digest", "patch", "minor", "major"]
           },
           {
             "description": [
               "aws-sdk-rust monorepo",
               "Group packages from aws-sdk-rust monorepo together."
             ],
             "matchSourceUrls": [
               "https://github.com/smithy-lang/smithy-rs",
               "https://github.com/awslabs/smithy-rs",
               "https://github.com/awslabs/aws-sdk-rust"
             ],
             "groupName": "aws-sdk-rust monorepo",
             "matchUpdateTypes": ["digest", "patch", "minor", "major"]
           },
           {
             "description": [
               "awsappsync monorepo",
               "Group packages from awsappsync monorepo together."
             ],
             "matchSourceUrls": [
               "https://github.com/awslabs/aws-mobile-appsync-sdk-js"
             ],
             "groupName": "awsappsync monorepo",
             "matchUpdateTypes": ["digest", "patch", "minor", "major"]
           },
           {
             "description": [
               "axum monorepo",
               "Group packages from axum monorepo together."
             ],
             "matchSourceUrls": ["https://github.com/tokio-rs/axum"],
             "groupName": "axum monorepo",
             "matchUpdateTypes": ["digest", "patch", "minor", "major"]
           },
           {
             "description": [
               "azure-functions-dotnet-worker monorepo",
               "Group packages from azure-functions-dotnet-worker monorepo together."
             ],
             "matchSourceUrls": [
               "https://github.com/Azure/azure-functions-dotnet-worker"
             ],
             "groupName": "azure-functions-dotnet-worker monorepo",
             "matchUpdateTypes": ["digest", "patch", "minor", "major"]
           },
           {
             "description": [
               "azure azure-libraries-for-net monorepo",
               "Group packages from azure azure-libraries-for-net monorepo together."
             ],
             "matchSourceUrls": ["https://github.com/Azure/azure-libraries-for-net"],
             "groupName": "azure azure-libraries-for-net monorepo",
             "matchUpdateTypes": ["digest", "patch", "minor", "major"]
           },
           {
             "description": [
               "azure azure-sdk-for-net monorepo",
               "Group packages from azure azure-sdk-for-net monorepo together."
             ],
             "matchSourceUrls": ["https://github.com/Azure/azure-sdk-for-net"],
             "groupName": "azure azure-sdk-for-net monorepo",
             "matchUpdateTypes": ["digest", "patch", "minor", "major"]
           },
           {
             "description": [
               "azure azure-storage-net monorepo",
               "Group packages from azure azure-storage-net monorepo together."
             ],
             "matchSourceUrls": ["https://github.com/Azure/azure-storage-net"],
             "groupName": "azure azure-storage-net monorepo",
             "matchUpdateTypes": ["digest", "patch", "minor", "major"]
           },
           {
             "description": [
               "azure-ad-microsoft-authentication-library-for-android monorepo",
               "Group packages from azure-ad-microsoft-authentication-library-for-android monorepo together."
             ],
             "matchSourceUrls": [
               "https://github.com/AzureAD/microsoft-authentication-library-for-android"
             ],
             "groupName": "azure-ad-microsoft-authentication-library-for-android monorepo",
             "matchUpdateTypes": ["digest", "patch", "minor", "major"]
           },
           {
             "description": [
               "azure-ad-microsoft-authentication-library-for-dotnet monorepo",
               "Group packages from azure-ad-microsoft-authentication-library-for-dotnet monorepo together."
             ],
             "matchSourceUrls": [
               "https://github.com/AzureAD/microsoft-authentication-library-for-dotnet"
             ],
             "groupName": "azure-ad-microsoft-authentication-library-for-dotnet monorepo",
             "matchUpdateTypes": ["digest", "patch", "minor", "major"]
           },
           {
             "description": [
               "azure-ad-microsoft-authentication-library-for-go monorepo",
               "Group packages from azure-ad-microsoft-authentication-library-for-go monorepo together."
             ],
             "matchSourceUrls": [
               "https://github.com/AzureAD/microsoft-authentication-library-for-go"
             ],
             "groupName": "azure-ad-microsoft-authentication-library-for-go monorepo",
             "matchUpdateTypes": ["digest", "patch", "minor", "major"]
           },
           {
             "description": [
               "azure-ad-microsoft-authentication-library-for-java monorepo",
               "Group packages from azure-ad-microsoft-authentication-library-for-java monorepo together."
             ],
             "matchSourceUrls": [
               "https://github.com/AzureAD/microsoft-authentication-library-for-java"
             ],
             "groupName": "azure-ad-microsoft-authentication-library-for-java monorepo",
             "matchUpdateTypes": ["digest", "patch", "minor", "major"]
           },
           {
             "description": [
               "azure-ad-microsoft-authentication-library-for-js monorepo",
               "Group packages from azure-ad-microsoft-authentication-library-for-js monorepo together."
             ],
             "matchSourceUrls": [
               "https://github.com/AzureAD/microsoft-authentication-library-for-js"
             ],
             "groupName": "azure-ad-microsoft-authentication-library-for-js monorepo",
             "matchUpdateTypes": ["digest", "patch", "minor", "major"]
           },
           {
             "description": [
               "azure-ad-microsoft-authentication-library-for-objc monorepo",
               "Group packages from azure-ad-microsoft-authentication-library-for-objc monorepo together."
             ],
             "matchSourceUrls": [
               "https://github.com/AzureAD/microsoft-authentication-library-for-objc"
             ],
             "groupName": "azure-ad-microsoft-authentication-library-for-objc monorepo",
             "matchUpdateTypes": ["digest", "patch", "minor", "major"]
           },
           {
             "description": [
               "azure-ad-microsoft-authentication-library-for-python monorepo",
               "Group packages from azure-ad-microsoft-authentication-library-for-python monorepo together."
             ],
             "matchSourceUrls": [
               "https://github.com/AzureAD/microsoft-authentication-library-for-python"
             ],
             "groupName": "azure-ad-microsoft-authentication-library-for-python monorepo",
             "matchUpdateTypes": ["digest", "patch", "minor", "major"]
           },
           {
             "description": [
               "azure-sdk-for-android monorepo",
               "Group packages from azure-sdk-for-android monorepo together."
             ],
             "matchSourceUrls": ["https://github.com/Azure/azure-sdk-for-android"],
             "groupName": "azure-sdk-for-android monorepo",
             "matchUpdateTypes": ["digest", "patch", "minor", "major"]
           },
           {
             "description": [
               "azure-sdk-for-c monorepo",
               "Group packages from azure-sdk-for-c monorepo together."
             ],
             "matchSourceUrls": ["https://github.com/Azure/azure-sdk-for-c"],
             "groupName": "azure-sdk-for-c monorepo",
             "matchUpdateTypes": ["digest", "patch", "minor", "major"]
           },
           {
             "description": [
               "azure-sdk-for-cpp monorepo",
               "Group packages from azure-sdk-for-cpp monorepo together."
             ],
             "matchSourceUrls": ["https://github.com/Azure/azure-sdk-for-cpp"],
             "groupName": "azure-sdk-for-cpp monorepo",
             "matchUpdateTypes": ["digest", "patch", "minor", "major"]
           },
           {
             "description": [
               "azure-sdk-for-go monorepo",
               "Group packages from azure-sdk-for-go monorepo together."
             ],
             "matchSourceUrls": ["https://github.com/Azure/azure-sdk-for-go"],
             "groupName": "azure-sdk-for-go monorepo",
             "matchUpdateTypes": ["digest", "patch", "minor", "major"]
           },
           {
             "description": [
               "azure-sdk-for-ios monorepo",
               "Group packages from azure-sdk-for-ios monorepo together."
             ],
             "matchSourceUrls": ["https://github.com/Azure/azure-sdk-for-ios"],
             "groupName": "azure-sdk-for-ios monorepo",
             "matchUpdateTypes": ["digest", "patch", "minor", "major"]
           },
           {
             "description": [
               "azure-sdk-for-java monorepo",
               "Group packages from azure-sdk-for-java monorepo together."
             ],
             "matchSourceUrls": ["https://github.com/Azure/azure-sdk-for-java"],
             "groupName": "azure-sdk-for-java monorepo",
             "matchUpdateTypes": ["digest", "patch", "minor", "major"]
           },
           {
             "description": [
               "azure-sdk-for-js monorepo",
               "Group packages from azure-sdk-for-js monorepo together."
             ],
             "matchSourceUrls": ["https://github.com/Azure/azure-sdk-for-js"],
             "groupName": "azure-sdk-for-js monorepo",
             "matchUpdateTypes": ["digest", "patch", "minor", "major"]
           },
           {
             "description": [
               "azure-sdk-for-python monorepo",
               "Group packages from azure-sdk-for-python monorepo together."
             ],
             "matchSourceUrls": ["https://github.com/Azure/azure-sdk-for-python"],
             "groupName": "azure-sdk-for-python monorepo",
             "matchUpdateTypes": ["digest", "patch", "minor", "major"]
           },
           {
             "description": [
               "azure-sdk-for-rust monorepo",
               "Group packages from azure-sdk-for-rust monorepo together."
             ],
             "matchSourceUrls": ["https://github.com/Azure/azure-sdk-for-rust"],
             "groupName": "azure-sdk-for-rust monorepo",
             "matchUpdateTypes": ["digest", "patch", "minor", "major"]
           },
           {
             "description": [
               "babel monorepo",
               "Group packages from babel monorepo together."
             ],
             "matchSourceUrls": ["https://github.com/babel/babel"],
             "groupName": "babel monorepo",
             "matchUpdateTypes": ["digest", "patch", "minor", "major"]
           },
           {
             "description": [
               "backstage monorepo",
               "Group packages from backstage monorepo together."
             ],
             "matchSourceUrls": ["https://github.com/backstage/backstage"],
             "groupName": "backstage monorepo",
             "matchUpdateTypes": ["digest", "patch", "minor", "major"]
           },
           {
             "description": [
               "baset monorepo",
               "Group packages from baset monorepo together."
             ],
             "matchSourceUrls": ["https://github.com/igmat/baset"],
             "groupName": "baset monorepo",
             "matchUpdateTypes": ["digest", "patch", "minor", "major"]
           },
           {
             "description": [
               "brave monorepo",
               "Group packages from brave monorepo together."
             ],
             "matchSourceUrls": ["https://github.com/openzipkin/brave"],
             "groupName": "brave monorepo",
             "matchUpdateTypes": ["digest", "patch", "minor", "major"]
           },
           {
             "description": [
               "bugsnag-js monorepo",
               "Group packages from bugsnag-js monorepo together."
             ],
             "matchSourceUrls": ["https://github.com/bugsnag/bugsnag-js"],
             "groupName": "bugsnag-js monorepo",
             "matchUpdateTypes": ["digest", "patch", "minor", "major"]
           },
           {
             "description": [
               "cake monorepo",
               "Group packages from cake monorepo together."
             ],
             "matchSourceUrls": ["https://github.com/cake-build/cake"],
             "groupName": "cake monorepo",
             "matchUpdateTypes": ["digest", "patch", "minor", "major"]
           },
           {
             "description": [
               "cake-issues monorepo",
               "Group packages from cake-issues monorepo together."
             ],
             "matchSourceUrls": ["https://github.com/cake-contrib/Cake.Issues"],
             "groupName": "cake-issues monorepo",
             "matchUpdateTypes": ["digest", "patch", "minor", "major"]
           },
           {
             "description": [
               "capacitor monorepo",
               "Group packages from capacitor monorepo together."
             ],
             "matchSourceUrls": ["https://github.com/ionic-team/capacitor"],
             "groupName": "capacitor monorepo",
             "matchUpdateTypes": ["digest", "patch", "minor", "major"]
           },
           {
             "description": [
               "cedar monorepo",
               "Group packages from cedar monorepo together."
             ],
             "matchSourceUrls": ["https://github.com/cedarjs/cedar/"],
             "groupName": "cedar monorepo",
             "matchUpdateTypes": ["digest", "patch", "minor", "major"]
           },
           {
             "description": [
               "chakra-ui monorepo",
               "Group packages from chakra-ui monorepo together."
             ],
             "matchSourceUrls": ["https://github.com/chakra-ui/chakra-ui"],
             "groupName": "chakra-ui monorepo",
             "matchUpdateTypes": ["digest", "patch", "minor", "major"]
           },
           {
             "description": [
               "chromely monorepo",
               "Group packages from chromely monorepo together."
             ],
             "matchSourceUrls": ["https://github.com/chromelyapps/Chromely"],
             "groupName": "chromely monorepo",
             "matchUpdateTypes": ["digest", "patch", "minor", "major"]
           },
           {
             "description": [
               "citation-js monorepo",
               "Group packages from citation-js monorepo together."
             ],
             "matchSourceUrls": ["https://github.com/citation-js/citation-js"],
             "groupName": "citation-js monorepo",
             "matchUpdateTypes": ["digest", "patch", "minor", "major"]
           },
           {
             "description": [
               "ckeditor monorepo",
               "Group packages from ckeditor monorepo together."
             ],
             "matchSourceUrls": ["https://github.com/ckeditor/ckeditor5"],
             "groupName": "ckeditor monorepo",
             "matchUpdateTypes": ["digest", "patch", "minor", "major"]
           },
           {
             "matchPackageNames": ["/^@cds//", "/^@clr//"],
             "description": ["Group packages from clarity monorepo together."],
             "groupName": "clarity monorepo",
             "matchUpdateTypes": ["digest", "patch", "minor", "major"]
           },
           {
             "description": [
               "clearscript monorepo",
               "Group packages from clearscript monorepo together."
             ],
             "matchSourceUrls": [
               "https://github.com/microsoft/ClearScript",
               "https://github.com/Microsoft/ClearScript"
             ],
             "groupName": "clearscript monorepo",
             "matchUpdateTypes": ["digest", "patch", "minor", "major"]
           },
           {
             "description": [
               "commitlint monorepo",
               "Group packages from commitlint monorepo together."
             ],
             "matchSourceUrls": [
               "https://github.com/conventional-changelog/commitlint"
             ],
             "groupName": "commitlint monorepo",
             "matchUpdateTypes": ["digest", "patch", "minor", "major"]
           },
           {
             "description": [
               "contentful-rich-text monorepo",
               "Group packages from contentful-rich-text monorepo together."
             ],
             "matchSourceUrls": ["https://github.com/contentful/rich-text"],
             "groupName": "contentful-rich-text monorepo",
             "matchUpdateTypes": ["digest", "patch", "minor", "major"]
           },
           {
             "description": [
               "cspell monorepo",
               "Group packages from cspell monorepo together."
             ],
             "matchSourceUrls": ["https://github.com/streetsidesoftware/cspell"],
             "groupName": "cspell monorepo",
             "matchUpdateTypes": ["digest", "patch", "minor", "major"]
           },
           {
             "description": [
               "datadog-browser-sdk monorepo",
               "Group packages from datadog-browser-sdk monorepo together."
             ],
             "matchSourceUrls": ["https://github.com/DataDog/browser-sdk"],
             "groupName": "datadog-browser-sdk monorepo",
             "matchUpdateTypes": ["digest", "patch", "minor", "major"]
           },
           {
             "description": [
               "datatables-net monorepo",
               "Group packages from datatables-net monorepo together."
             ],
             "matchSourceUrls": [
               "https://github.com/DataTables/Dist-DataTables",
               "https://github.com/DataTables/Dist-DataTables-Bootstrap",
               "https://github.com/DataTables/Dist-DataTables-Bootstrap4",
               "https://github.com/DataTables/Dist-DataTables-Bootstrap5",
               "https://github.com/DataTables/Dist-DataTables-Bulma",
               "https://github.com/DataTables/Dist-DataTables-DataTables",
               "https://github.com/DataTables/Dist-DataTables-Foundation",
               "https://github.com/DataTables/Dist-DataTables-SemanticUI",
               "https://github.com/DataTables/Dist-DataTables-jQueryUI"
             ],
             "groupName": "datatables-net monorepo",
             "matchUpdateTypes": ["digest", "patch", "minor", "major"]
           },
           {
             "description": [
               "datatables-net-autofill monorepo",
               "Group packages from datatables-net-autofill monorepo together."
             ],
             "matchSourceUrls": [
               "https://github.com/DataTables/Dist-DataTables-AutoFill",
               "https://github.com/DataTables/Dist-DataTables-AutoFill-Bootstrap",
               "https://github.com/DataTables/Dist-DataTables-AutoFill-Bootstrap4",
               "https://github.com/DataTables/Dist-DataTables-AutoFill-Bootstrap5",
               "https://github.com/DataTables/Dist-DataTables-AutoFill-Bulma",
               "https://github.com/DataTables/Dist-DataTables-AutoFill-DataTables",
               "https://github.com/DataTables/Dist-DataTables-AutoFill-Foundation",
               "https://github.com/DataTables/Dist-DataTables-AutoFill-SemanticUI",
               "https://github.com/DataTables/Dist-DataTables-AutoFill-jQueryUI"
             ],
             "groupName": "datatables-net-autofill monorepo",
             "matchUpdateTypes": ["digest", "patch", "minor", "major"]
           },
           {
             "description": [
               "datatables-net-buttons monorepo",
               "Group packages from datatables-net-buttons monorepo together."
             ],
             "matchSourceUrls": [
               "https://github.com/DataTables/Dist-DataTables-Buttons",
               "https://github.com/DataTables/Dist-DataTables-Buttons-Bootstrap",
               "https://github.com/DataTables/Dist-DataTables-Buttons-Bootstrap4",
               "https://github.com/DataTables/Dist-DataTables-Buttons-Bootstrap5",
               "https://github.com/DataTables/Dist-DataTables-Buttons-Bulma",
               "https://github.com/DataTables/Dist-DataTables-Buttons-DataTables",
               "https://github.com/DataTables/Dist-DataTables-Buttons-Foundation",
               "https://github.com/DataTables/Dist-DataTables-Buttons-SemanticUI",
               "https://github.com/DataTables/Dist-DataTables-Buttons-jQueryUI"
             ],
             "groupName": "datatables-net-buttons monorepo",
             "matchUpdateTypes": ["digest", "patch", "minor", "major"]
           },
           {
             "description": [
               "datatables-net-colreorder monorepo",
               "Group packages from datatables-net-colreorder monorepo together."
             ],
             "matchSourceUrls": [
               "https://github.com/DataTables/Dist-DataTables-ColReorder",
               "https://github.com/DataTables/Dist-DataTables-ColReorder-Bootstrap",
               "https://github.com/DataTables/Dist-DataTables-ColReorder-Bootstrap4",
               "https://github.com/DataTables/Dist-DataTables-ColReorder-Bootstrap5",
               "https://github.com/DataTables/Dist-DataTables-ColReorder-Bulma",
               "https://github.com/DataTables/Dist-DataTables-ColReorder-DataTables",
               "https://github.com/DataTables/Dist-DataTables-ColReorder-Foundation",
               "https://github.com/DataTables/Dist-DataTables-ColReorder-SemanticUI",
               "https://github.com/DataTables/Dist-DataTables-ColReorder-jQueryUI"
             ],
             "groupName": "datatables-net-colreorder monorepo",
             "matchUpdateTypes": ["digest", "patch", "minor", "major"]
           },
           {
             "description": [
               "datatables-net-fixedcolumns monorepo",
               "Group packages from datatables-net-fixedcolumns monorepo together."
             ],
             "matchSourceUrls": [
               "https://github.com/DataTables/Dist-DataTables-FixedColumns",
               "https://github.com/DataTables/Dist-DataTables-FixedColumns-Bootstrap",
               "https://github.com/DataTables/Dist-DataTables-FixedColumns-Bootstrap4",
               "https://github.com/DataTables/Dist-DataTables-FixedColumns-Bootstrap5",
               "https://github.com/DataTables/Dist-DataTables-FixedColumns-Bulma",
               "https://github.com/DataTables/Dist-DataTables-FixedColumns-DataTables",
               "https://github.com/DataTables/Dist-DataTables-FixedColumns-Foundation",
               "https://github.com/DataTables/Dist-DataTables-FixedColumns-SemanticUI",
               "https://github.com/DataTables/Dist-DataTables-FixedColumns-jQueryUI"
             ],
             "groupName": "datatables-net-fixedcolumns monorepo",
             "matchUpdateTypes": ["digest", "patch", "minor", "major"]
           },
           {
             "description": [
               "datatables-net-fixedheader monorepo",
               "Group packages from datatables-net-fixedheader monorepo together."
             ],
             "matchSourceUrls": [
               "https://github.com/DataTables/Dist-DataTables-FixedHeader",
               "https://github.com/DataTables/Dist-DataTables-FixedHeader-Bootstrap",
               "https://github.com/DataTables/Dist-DataTables-FixedHeader-Bootstrap4",
               "https://github.com/DataTables/Dist-DataTables-FixedHeader-Bootstrap5",
               "https://github.com/DataTables/Dist-DataTables-FixedHeader-Bulma",
               "https://github.com/DataTables/Dist-DataTables-FixedHeader-DataTables",
               "https://github.com/DataTables/Dist-DataTables-FixedHeader-Foundation",
               "https://github.com/DataTables/Dist-DataTables-FixedHeader-SemanticUI",
               "https://github.com/DataTables/Dist-DataTables-FixedHeader-jQueryUI"
             ],
             "groupName": "datatables-net-fixedheader monorepo",
             "matchUpdateTypes": ["digest", "patch", "minor", "major"]
           },
           {
             "description": [
               "datatables-net-keytable monorepo",
               "Group packages from datatables-net-keytable monorepo together."
             ],
             "matchSourceUrls": [
               "https://github.com/DataTables/Dist-DataTables-KeyTable",
               "https://github.com/DataTables/Dist-DataTables-KeyTable-Bootstrap",
               "https://github.com/DataTables/Dist-DataTables-KeyTable-Bootstrap4",
               "https://github.com/DataTables/Dist-DataTables-KeyTable-Bootstrap5",
               "https://github.com/DataTables/Dist-DataTables-KeyTable-Bulma",
               "https://github.com/DataTables/Dist-DataTables-KeyTable-DataTables",
               "https://github.com/DataTables/Dist-DataTables-KeyTable-Foundation",
               "https://github.com/DataTables/Dist-DataTables-KeyTable-SemanticUI",
               "https://github.com/DataTables/Dist-DataTables-KeyTable-jQueryUI"
             ],
             "groupName": "datatables-net-keytable monorepo",
             "matchUpdateTypes": ["digest", "patch", "minor", "major"]
           },
           {
             "description": [
               "datatables-net-responsive monorepo",
               "Group packages from datatables-net-responsive monorepo together."
             ],
             "matchSourceUrls": [
               "https://github.com/DataTables/Dist-DataTables-Responsive",
               "https://github.com/DataTables/Dist-DataTables-Responsive-Bootstrap",
               "https://github.com/DataTables/Dist-DataTables-Responsive-Bootstrap4",
               "https://github.com/DataTables/Dist-DataTables-Responsive-Bootstrap5",
               "https://github.com/DataTables/Dist-DataTables-Responsive-Bulma",
               "https://github.com/DataTables/Dist-DataTables-Responsive-DataTables",
               "https://github.com/DataTables/Dist-DataTables-Responsive-Foundation",
               "https://github.com/DataTables/Dist-DataTables-Responsive-SemanticUI",
               "https://github.com/DataTables/Dist-DataTables-Responsive-jQueryUI"
             ],
             "groupName": "datatables-net-responsive monorepo",
             "matchUpdateTypes": ["digest", "patch", "minor", "major"]
           },
           {
             "description": [
               "datatables-net-rowgroup monorepo",
               "Group packages from datatables-net-rowgroup monorepo together."
             ],
             "matchSourceUrls": [
               "https://github.com/DataTables/Dist-DataTables-RowGroup",
               "https://github.com/DataTables/Dist-DataTables-RowGroup-Bootstrap",
               "https://github.com/DataTables/Dist-DataTables-RowGroup-Bootstrap4",
               "https://github.com/DataTables/Dist-DataTables-RowGroup-Bootstrap5",
               "https://github.com/DataTables/Dist-DataTables-RowGroup-Bulma",
               "https://github.com/DataTables/Dist-DataTables-RowGroup-DataTables",
               "https://github.com/DataTables/Dist-DataTables-RowGroup-Foundation",
               "https://github.com/DataTables/Dist-DataTables-RowGroup-SemanticUI",
               "https://github.com/DataTables/Dist-DataTables-RowGroup-jQueryUI"
             ],
             "groupName": "datatables-net-rowgroup monorepo",
             "matchUpdateTypes": ["digest", "patch", "minor", "major"]
           },
           {
             "description": [
               "datatables-net-rowreorder monorepo",
               "Group packages from datatables-net-rowreorder monorepo together."
             ],
             "matchSourceUrls": [
               "https://github.com/DataTables/Dist-DataTables-RowReorder",
               "https://github.com/DataTables/Dist-DataTables-RowReorder-Bootstrap",
               "https://github.com/DataTables/Dist-DataTables-RowReorder-Bootstrap4",
               "https://github.com/DataTables/Dist-DataTables-RowReorder-Bootstrap5",
               "https://github.com/DataTables/Dist-DataTables-RowReorder-Bulma",
               "https://github.com/DataTables/Dist-DataTables-RowReorder-DataTables",
               "https://github.com/DataTables/Dist-DataTables-RowReorder-Foundation",
               "https://github.com/DataTables/Dist-DataTables-RowReorder-SemanticUI",
               "https://github.com/DataTables/Dist-DataTables-RowReorder-jQueryUI"
             ],
             "groupName": "datatables-net-rowreorder monorepo",
             "matchUpdateTypes": ["digest", "patch", "minor", "major"]
           },
           {
             "description": [
               "datatables-net-scroller monorepo",
               "Group packages from datatables-net-scroller monorepo together."
             ],
             "matchSourceUrls": [
               "https://github.com/DataTables/Dist-DataTables-Scroller",
               "https://github.com/DataTables/Dist-DataTables-Scroller-Bootstrap",
               "https://github.com/DataTables/Dist-DataTables-Scroller-Bootstrap4",
               "https://github.com/DataTables/Dist-DataTables-Scroller-Bootstrap5",
               "https://github.com/DataTables/Dist-DataTables-Scroller-Bulma",
               "https://github.com/DataTables/Dist-DataTables-Scroller-DataTables",
               "https://github.com/DataTables/Dist-DataTables-Scroller-Foundation",
               "https://github.com/DataTables/Dist-DataTables-Scroller-SemanticUI",
               "https://github.com/DataTables/Dist-DataTables-Scroller-jQueryUI"
             ],
             "groupName": "datatables-net-scroller monorepo",
             "matchUpdateTypes": ["digest", "patch", "minor", "major"]
           },
           {
             "description": [
               "datatables-net-searchbuilder monorepo",
               "Group packages from datatables-net-searchbuilder monorepo together."
             ],
             "matchSourceUrls": [
               "https://github.com/DataTables/Dist-DataTables-SearchBuilder",
               "https://github.com/DataTables/Dist-DataTables-SearchBuilder-Bootstrap",
               "https://github.com/DataTables/Dist-DataTables-SearchBuilder-Bootstrap4",
               "https://github.com/DataTables/Dist-DataTables-SearchBuilder-Bootstrap5",
               "https://github.com/DataTables/Dist-DataTables-SearchBuilder-Bulma",
               "https://github.com/DataTables/Dist-DataTables-SearchBuilder-DataTables",
               "https://github.com/DataTables/Dist-DataTables-SearchBuilder-Foundation",
               "https://github.com/DataTables/Dist-DataTables-SearchBuilder-SemanticUI",
               "https://github.com/DataTables/Dist-DataTables-SearchBuilder-jQueryUI"
             ],
             "groupName": "datatables-net-searchbuilder monorepo",
             "matchUpdateTypes": ["digest", "patch", "minor", "major"]
           },
           {
             "description": [
               "datatables-net-searchpanes monorepo",
               "Group packages from datatables-net-searchpanes monorepo together."
             ],
             "matchSourceUrls": [
               "https://github.com/DataTables/Dist-DataTables-SearchPanes",
               "https://github.com/DataTables/Dist-DataTables-SearchPanes-Bootstrap",
               "https://github.com/DataTables/Dist-DataTables-SearchPanes-Bootstrap4",
               "https://github.com/DataTables/Dist-DataTables-SearchPanes-Bootstrap5",
               "https://github.com/DataTables/Dist-DataTables-SearchPanes-Bulma",
               "https://github.com/DataTables/Dist-DataTables-SearchPanes-DataTables",
               "https://github.com/DataTables/Dist-DataTables-SearchPanes-Foundation",
               "https://github.com/DataTables/Dist-DataTables-SearchPanes-SemanticUI",
               "https://github.com/DataTables/Dist-DataTables-SearchPanes-jQueryUI"
             ],
             "groupName": "datatables-net-searchpanes monorepo",
             "matchUpdateTypes": ["digest", "patch", "minor", "major"]
           },
           {
             "description": [
               "datatables-net-select monorepo",
               "Group packages from datatables-net-select monorepo together."
             ],
             "matchSourceUrls": [
               "https://github.com/DataTables/Dist-DataTables-Select",
               "https://github.com/DataTables/Dist-DataTables-Select-Bootstrap",
               "https://github.com/DataTables/Dist-DataTables-Select-Bootstrap4",
               "https://github.com/DataTables/Dist-DataTables-Select-Bootstrap5",
               "https://github.com/DataTables/Dist-DataTables-Select-Bulma",
               "https://github.com/DataTables/Dist-DataTables-Select-DataTables",
               "https://github.com/DataTables/Dist-DataTables-Select-Foundation",
               "https://github.com/DataTables/Dist-DataTables-Select-SemanticUI",
               "https://github.com/DataTables/Dist-DataTables-Select-jQueryUI"
             ],
             "groupName": "datatables-net-select monorepo",
             "matchUpdateTypes": ["digest", "patch", "minor", "major"]
           },
           {
             "description": [
               "datatables-net-staterestore monorepo",
               "Group packages from datatables-net-staterestore monorepo together."
             ],
             "matchSourceUrls": [
               "https://github.com/DataTables/Dist-DataTables-StateRestore",
               "https://github.com/DataTables/Dist-DataTables-StateRestore-Bootstrap",
               "https://github.com/DataTables/Dist-DataTables-StateRestore-Bootstrap4",
               "https://github.com/DataTables/Dist-DataTables-StateRestore-Bootstrap5",
               "https://github.com/DataTables/Dist-DataTables-StateRestore-Bulma",
               "https://github.com/DataTables/Dist-DataTables-StateRestore-DataTables",
               "https://github.com/DataTables/Dist-DataTables-StateRestore-Foundation",
               "https://github.com/DataTables/Dist-DataTables-StateRestore-SemanticUI",
               "https://github.com/DataTables/Dist-DataTables-StateRestore-jQueryUI"
             ],
             "groupName": "datatables-net-staterestore monorepo",
             "matchUpdateTypes": ["digest", "patch", "minor", "major"]
           },
           {
             "description": [
               "date-io monorepo",
               "Group packages from date-io monorepo together."
             ],
             "matchSourceUrls": ["https://github.com/dmtrKovalenko/date-io"],
             "groupName": "date-io monorepo",
             "matchUpdateTypes": ["digest", "patch", "minor", "major"]
           },
           {
             "description": [
               "deck-gl monorepo",
               "Group packages from deck-gl monorepo together."
             ],
             "matchSourceUrls": ["https://github.com/visgl/deck.gl"],
             "groupName": "deck-gl monorepo",
             "matchUpdateTypes": ["digest", "patch", "minor", "major"]
           },
           {
             "description": [
               "deno monorepo",
               "Group packages from deno monorepo together."
             ],
             "matchSourceUrls": ["https://github.com/denoland/deno"],
             "groupName": "deno monorepo",
             "matchUpdateTypes": ["digest", "patch", "minor", "major"]
           },
           {
             "description": [
               "devextreme-reactive monorepo",
               "Group packages from devextreme-reactive monorepo together."
             ],
             "matchSourceUrls": ["https://github.com/DevExpress/devextreme-reactive"],
             "groupName": "devextreme-reactive monorepo",
             "matchUpdateTypes": ["digest", "patch", "minor", "major"]
           },
           {
             "description": [
               "dnd-kit monorepo",
               "Group packages from dnd-kit monorepo together."
             ],
             "matchSourceUrls": ["https://github.com/clauderic/dnd-kit"],
             "groupName": "dnd-kit monorepo",
             "matchUpdateTypes": ["digest", "patch", "minor", "major"]
           },
           {
             "description": [
               "docusaurus monorepo",
               "Group packages from docusaurus monorepo together."
             ],
             "matchSourceUrls": ["https://github.com/facebook/docusaurus"],
             "groupName": "docusaurus monorepo",
             "matchUpdateTypes": ["digest", "patch", "minor", "major"]
           },
           {
             "description": [
               "dot-swashbuckle monorepo",
               "Group packages from dot-swashbuckle monorepo together."
             ],
             "matchSourceUrls": ["https://github.com/Havunen/DotSwashbuckle"],
             "groupName": "dot-swashbuckle monorepo",
             "matchUpdateTypes": ["digest", "patch", "minor", "major"]
           },
           {
             "description": [
               "dotnet monorepo",
               "Group packages from dotnet monorepo together."
             ],
             "matchSourceUrls": [
               "https://github.com/dotnet/aspnetcore",
               "https://github.com/dotnet/dotnet",
               "https://github.com/dotnet/efcore",
               "https://github.com/dotnet/extensions",
               "https://github.com/dotnet/fsharp",
               "https://github.com/dotnet/maui",
               "https://github.com/dotnet/msbuild",
               "https://github.com/dotnet/roslyn",
               "https://github.com/dotnet/runtime",
               "https://github.com/dotnet/scaffolding",
               "https://github.com/dotnet/sdk",
               "https://github.com/dotnet/windowsdesktop",
               "https://github.com/dotnet/winforms",
               "https://github.com/dotnet/wpf"
             ],
             "groupName": "dotnet monorepo",
             "matchUpdateTypes": ["digest", "patch", "minor", "major"]
           },
           {
             "description": [
               "dotnet-azure-ad-identitymodel-extensions monorepo",
               "Group packages from dotnet-azure-ad-identitymodel-extensions monorepo together."
             ],
             "matchSourceUrls": [
               "https://github.com/AzureAD/azure-activedirectory-identitymodel-extensions-for-dotnet"
             ],
             "groupName": "dotnet-azure-ad-identitymodel-extensions monorepo",
             "matchUpdateTypes": ["digest", "patch", "minor", "major"]
           },
           {
             "description": [
               "dotnet-azure-ad-microsoft-identity-web monorepo",
               "Group packages from dotnet-azure-ad-microsoft-identity-web monorepo together."
             ],
             "matchSourceUrls": ["https://github.com/AzureAD/microsoft-identity-web"],
             "groupName": "dotnet-azure-ad-microsoft-identity-web monorepo",
             "matchUpdateTypes": ["digest", "patch", "minor", "major"]
           },
           {
             "description": [
               "dotnet-wcf monorepo",
               "Group packages from dotnet-wcf monorepo together."
             ],
             "matchSourceUrls": ["https://github.com/dotnet/wcf"],
             "groupName": "dotnet-wcf monorepo",
             "matchUpdateTypes": ["digest", "patch", "minor", "major"]
           },
           {
             "description": [
               "dotnetcore-cap monorepo",
               "Group packages from dotnetcore-cap monorepo together."
             ],
             "matchSourceUrls": ["https://github.com/dotnetcore/CAP"],
             "groupName": "dotnetcore-cap monorepo",
             "matchUpdateTypes": ["digest", "patch", "minor", "major"]
           },
           {
             "description": [
               "dropwizard monorepo",
               "Group packages from dropwizard monorepo together."
             ],
             "matchSourceUrls": ["https://github.com/dropwizard/dropwizard"],
             "groupName": "dropwizard monorepo",
             "matchUpdateTypes": ["digest", "patch", "minor", "major"]
           },
           {
             "description": [
               "duende-identityserver monorepo",
               "Group packages from duende-identityserver monorepo together."
             ],
             "matchSourceUrls": ["https://github.com/DuendeSoftware/IdentityServer"],
             "groupName": "duende-identityserver monorepo",
             "matchUpdateTypes": ["digest", "patch", "minor", "major"]
           },
           {
             "description": [
               "elastic-apm-agent-rum-js monorepo",
               "Group packages from elastic-apm-agent-rum-js monorepo together."
             ],
             "matchSourceUrls": ["https://github.com/elastic/apm-agent-rum-js"],
             "groupName": "elastic-apm-agent-rum-js monorepo",
             "matchUpdateTypes": ["digest", "patch", "minor", "major"]
           },
           {
             "description": [
               "elastic-ecs-dotnet monorepo",
               "Group packages from elastic-ecs-dotnet monorepo together."
             ],
             "matchSourceUrls": ["https://github.com/elastic/ecs-dotnet"],
             "groupName": "elastic-ecs-dotnet monorepo",
             "matchUpdateTypes": ["digest", "patch", "minor", "major"]
           },
           {
             "description": [
               "electron-forge monorepo",
               "Group packages from electron-forge monorepo together."
             ],
             "matchSourceUrls": [
               "https://github.com/electron-userland/electron-forge",
               "https://github.com/electron/forge"
             ],
             "groupName": "electron-forge monorepo",
             "matchUpdateTypes": ["digest", "patch", "minor", "major"]
           },
           {
             "description": [
               "ember-decorators monorepo",
               "Group packages from ember-decorators monorepo together."
             ],
             "matchSourceUrls": [
               "https://github.com/ember-decorators/ember-decorators"
             ],
             "groupName": "ember-decorators monorepo",
             "matchUpdateTypes": ["digest", "patch", "minor", "major"]
           },
           {
             "description": [
               "embla-carousel monorepo",
               "Group packages from embla-carousel monorepo together."
             ],
             "matchSourceUrls": ["https://github.com/davidjerleke/embla-carousel"],
             "groupName": "embla-carousel monorepo",
             "matchUpdateTypes": ["digest", "patch", "minor", "major"]
           },
           {
             "description": [
               "emojibase monorepo",
               "Group packages from emojibase monorepo together."
             ],
             "matchSourceUrls": ["https://github.com/milesj/emojibase"],
             "groupName": "emojibase monorepo",
             "matchUpdateTypes": ["digest", "patch", "minor", "major"]
           },
           {
             "description": [
               "emotion monorepo",
               "Group packages from emotion monorepo together."
             ],
             "matchSourceUrls": ["https://github.com/emotion-js/emotion"],
             "groupName": "emotion monorepo",
             "matchUpdateTypes": ["digest", "patch", "minor", "major"]
           },
           {
             "description": [
               "enumeratum monorepo",
               "Group packages from enumeratum monorepo together."
             ],
             "matchSourceUrls": ["https://github.com/lloydmeta/enumeratum"],
             "groupName": "enumeratum monorepo",
             "matchUpdateTypes": ["digest", "patch", "minor", "major"]
           },
           {
             "description": [
               "envelop monorepo",
               "Group packages from envelop monorepo together."
             ],
             "matchSourceUrls": ["https://github.com/n1ru4l/envelop"],
             "groupName": "envelop monorepo",
             "matchUpdateTypes": ["digest", "patch", "minor", "major"]
           },
           {
             "description": [
               "eslint monorepo",
               "Group packages from eslint monorepo together."
             ],
             "matchSourceUrls": ["https://github.com/eslint/eslint"],
             "groupName": "eslint monorepo",
             "matchUpdateTypes": ["digest", "patch", "minor", "major"]
           },
           {
             "description": [
               "eslint-config-globex monorepo",
               "Group packages from eslint-config-globex monorepo together."
             ],
             "matchSourceUrls": [
               "https://github.com/GlobexDesignsInc/eslint-config-globex"
             ],
             "groupName": "eslint-config-globex monorepo",
             "matchUpdateTypes": ["digest", "patch", "minor", "major"]
           },
           {
             "description": [
               "eslint-stylistic monorepo",
               "Group packages from eslint-stylistic monorepo together."
             ],
             "matchSourceUrls": [
               "https://github.com/eslint-stylistic/eslint-stylistic"
             ],
             "groupName": "eslint-stylistic monorepo",
             "matchUpdateTypes": ["digest", "patch", "minor", "major"]
           },
           {
             "description": [
               "expo monorepo",
               "Group packages from expo monorepo together."
             ],
             "matchSourceUrls": ["https://github.com/expo/expo"],
             "groupName": "expo monorepo",
             "matchUpdateTypes": ["digest", "patch", "minor", "major"]
           },
           {
             "description": [
               "fabric-chaincode-node monorepo",
               "Group packages from fabric-chaincode-node monorepo together."
             ],
             "matchSourceUrls": [
               "https://github.com/hyperledger/fabric-chaincode-node"
             ],
             "groupName": "fabric-chaincode-node monorepo",
             "matchUpdateTypes": ["digest", "patch", "minor", "major"]
           },
           {
             "description": [
               "fabric8-kubernetes-client monorepo",
               "Group packages from fabric8-kubernetes-client monorepo together."
             ],
             "matchSourceUrls": ["https://github.com/fabric8io/kubernetes-client"],
             "groupName": "fabric8-kubernetes-client monorepo",
             "matchUpdateTypes": ["digest", "patch", "minor", "major"]
           },
           {
             "description": [
               "faro-web-sdk monorepo",
               "Group packages from faro-web-sdk monorepo together."
             ],
             "matchSourceUrls": ["https://github.com/grafana/faro-web-sdk"],
             "groupName": "faro-web-sdk monorepo",
             "matchUpdateTypes": ["digest", "patch", "minor", "major"]
           },
           {
             "description": [
               "fastendpoints monorepo",
               "Group packages from fastendpoints monorepo together."
             ],
             "matchSourceUrls": ["https://github.com/FastEndpoints/FastEndpoints"],
             "groupName": "fastendpoints monorepo",
             "matchUpdateTypes": ["digest", "patch", "minor", "major"]
           },
           {
             "description": [
               "feathers monorepo",
               "Group packages from feathers monorepo together."
             ],
             "matchSourceUrls": ["https://github.com/feathersjs/feathers"],
             "groupName": "feathers monorepo",
             "matchUpdateTypes": ["digest", "patch", "minor", "major"]
           },
           {
             "description": [
               "featuremanagement-dotnet monorepo",
               "Group packages from featuremanagement-dotnet monorepo together."
             ],
             "matchSourceUrls": [
               "https://github.com/microsoft/FeatureManagement-Dotnet"
             ],
             "groupName": "featuremanagement-dotnet monorepo",
             "matchUpdateTypes": ["digest", "patch", "minor", "major"]
           },
           {
             "description": [
               "feign monorepo",
               "Group packages from feign monorepo together."
             ],
             "matchSourceUrls": ["https://github.com/OpenFeign/feign"],
             "groupName": "feign monorepo",
             "matchUpdateTypes": ["digest", "patch", "minor", "major"]
           },
           {
             "description": [
               "fela monorepo",
               "Group packages from fela monorepo together."
             ],
             "matchSourceUrls": ["https://github.com/robinweser/fela"],
             "groupName": "fela monorepo",
             "matchUpdateTypes": ["digest", "patch", "minor", "major"]
           },
           {
             "description": [
               "fimbullinter monorepo",
               "Group packages from fimbullinter monorepo together."
             ],
             "matchSourceUrls": ["https://github.com/fimbullinter/wotan"],
             "groupName": "fimbullinter monorepo",
             "matchUpdateTypes": ["digest", "patch", "minor", "major"]
           },
           {
             "description": [
               "flipper monorepo",
               "Group packages from flipper monorepo together."
             ],
             "matchSourceUrls": ["https://github.com/flippercloud/flipper"],
             "groupName": "flipper monorepo",
             "matchUpdateTypes": ["digest", "patch", "minor", "major"]
           },
           {
             "description": [
               "flopflip monorepo",
               "Group packages from flopflip monorepo together."
             ],
             "matchSourceUrls": ["https://github.com/tdeekens/flopflip"],
             "groupName": "flopflip monorepo",
             "matchUpdateTypes": ["digest", "patch", "minor", "major"]
           },
           {
             "description": [
               "fontsource monorepo",
               "Group packages from fontsource monorepo together."
             ],
             "matchSourceUrls": [
               "https://github.com/fontsource/fontsource",
               "https://github.com/fontsource/font-files"
             ],
             "groupName": "fontsource monorepo",
             "matchUpdateTypes": ["digest", "patch", "minor", "major"]
           },
           {
             "description": [
               "formatjs monorepo",
               "Group packages from formatjs monorepo together."
             ],
             "matchSourceUrls": ["https://github.com/formatjs/formatjs"],
             "groupName": "formatjs monorepo",
             "matchUpdateTypes": ["digest", "patch", "minor", "major"]
           },
           {
             "description": [
               "framework7 monorepo",
               "Group packages from framework7 monorepo together."
             ],
             "matchSourceUrls": ["https://github.com/framework7io/framework7"],
             "groupName": "framework7 monorepo",
             "matchUpdateTypes": ["digest", "patch", "minor", "major"]
           },
           {
             "description": [
               "funogram monorepo",
               "Group packages from funogram monorepo together."
             ],
             "matchSourceUrls": ["https://github.com/Dolfik1/Funogram"],
             "groupName": "funogram monorepo",
             "matchUpdateTypes": ["digest", "patch", "minor", "major"]
           },
           {
             "description": [
               "fusioncache monorepo",
               "Group packages from fusioncache monorepo together."
             ],
             "matchSourceUrls": ["https://github.com/ZiggyCreatures/FusionCache"],
             "groupName": "fusioncache monorepo",
             "matchUpdateTypes": ["digest", "patch", "minor", "major"]
           },
           {
             "description": [
               "gatsby monorepo",
               "Group packages from gatsby monorepo together."
             ],
             "matchSourceUrls": ["https://github.com/gatsbyjs/gatsby"],
             "groupName": "gatsby monorepo",
             "matchUpdateTypes": ["digest", "patch", "minor", "major"]
           },
           {
             "description": [
               "gitbeaker monorepo",
               "Group packages from gitbeaker monorepo together."
             ],
             "matchSourceUrls": ["https://github.com/jdalrymple/gitbeaker"],
             "groupName": "gitbeaker monorepo",
             "matchUpdateTypes": ["digest", "patch", "minor", "major"]
           },
           {
             "description": [
               "github-workflows-kt monorepo",
               "Group packages from github-workflows-kt monorepo together."
             ],
             "matchSourceUrls": [
               "https://github.com/typesafegithub/github-workflows-kt"
             ],
             "groupName": "github-workflows-kt monorepo",
             "matchUpdateTypes": ["digest", "patch", "minor", "major"]
           },
           {
             "description": [
               "go-cloud monorepo",
               "Group packages from go-cloud monorepo together."
             ],
             "matchSourceUrls": ["https://github.com/google/go-cloud"],
             "groupName": "go-cloud monorepo",
             "matchUpdateTypes": ["digest", "patch", "minor", "major"]
           },
           {
             "description": [
               "gomock monorepo",
               "Group packages from gomock monorepo together."
             ],
             "matchSourceUrls": [
               "https://github.com/uber-go/mock",
               "https://github.com/uber/mock"
             ],
             "groupName": "gomock monorepo",
             "matchUpdateTypes": ["digest", "patch", "minor", "major"]
           },
           {
             "description": [
               "google-api-dotnet-client monorepo",
               "Group packages from google-api-dotnet-client monorepo together."
             ],
             "matchSourceUrls": [
               "https://github.com/googleapis/google-api-dotnet-client"
             ],
             "groupName": "google-api-dotnet-client monorepo",
             "matchUpdateTypes": ["digest", "patch", "minor", "major"]
           },
           {
             "description": [
               "grafana monorepo",
               "Group packages from grafana monorepo together."
             ],
             "matchSourceUrls": ["https://github.com/grafana/grafana"],
             "groupName": "grafana monorepo",
             "matchUpdateTypes": ["digest", "patch", "minor", "major"]
           },
           {
             "description": [
               "graphiql monorepo",
               "Group packages from graphiql monorepo together."
             ],
             "matchSourceUrls": ["https://github.com/graphql/graphiql"],
             "groupName": "graphiql monorepo",
             "matchUpdateTypes": ["digest", "patch", "minor", "major"]
           },
           {
             "description": [
               "graphql-hive-gateway monorepo",
               "Group packages from graphql-hive-gateway monorepo together."
             ],
             "matchSourceUrls": ["https://github.com/graphql-hive/gateway"],
             "groupName": "graphql-hive-gateway monorepo",
             "matchUpdateTypes": ["digest", "patch", "minor", "major"]
           },
           {
             "description": [
               "graphql-mesh monorepo",
               "Group packages from graphql-mesh monorepo together."
             ],
             "matchSourceUrls": ["https://github.com/Urigo/graphql-mesh"],
             "groupName": "graphql-mesh monorepo",
             "matchUpdateTypes": ["digest", "patch", "minor", "major"]
           },
           {
             "description": [
               "graphql-modules monorepo",
               "Group packages from graphql-modules monorepo together."
             ],
             "matchSourceUrls": ["https://github.com/Urigo/graphql-modules"],
             "groupName": "graphql-modules monorepo",
             "matchUpdateTypes": ["digest", "patch", "minor", "major"]
           },
           {
             "description": [
               "graphql-tools monorepo",
               "Group packages from graphql-tools monorepo together."
             ],
             "matchSourceUrls": ["https://github.com/ardatan/graphql-tools"],
             "groupName": "graphql-tools monorepo",
             "matchUpdateTypes": ["digest", "patch", "minor", "major"]
           },
           {
             "description": [
               "graphql-yoga monorepo",
               "Group packages from graphql-yoga monorepo together."
             ],
             "matchSourceUrls": ["https://github.com/dotansimha/graphql-yoga"],
             "groupName": "graphql-yoga monorepo",
             "matchUpdateTypes": ["digest", "patch", "minor", "major"]
           },
           {
             "description": [
               "graphqlcodegenerator monorepo",
               "Group packages from graphqlcodegenerator monorepo together."
             ],
             "matchSourceUrls": [
               "https://github.com/dotansimha/graphql-code-generator-community",
               "https://github.com/dotansimha/graphql-code-generator",
               "https://github.com/dotansimha/graphql-codegen"
             ],
             "groupName": "graphqlcodegenerator monorepo",
             "matchUpdateTypes": ["digest", "patch", "minor", "major"]
           },
           {
             "description": [
               "greenmail monorepo",
               "Group packages from greenmail monorepo together."
             ],
             "matchSourceUrls": ["https://github.com/greenmail-mail-test/greenmail"],
             "groupName": "greenmail monorepo",
             "matchUpdateTypes": ["digest", "patch", "minor", "major"]
           },
           {
             "description": [
               "groovy monorepo",
               "Group packages from groovy monorepo together."
             ],
             "matchSourceUrls": ["https://github.com/apache/groovy"],
             "groupName": "groovy monorepo",
             "matchUpdateTypes": ["digest", "patch", "minor", "major"]
           },
           {
             "description": [
               "grpc-dotnet monorepo",
               "Group packages from grpc-dotnet monorepo together."
             ],
             "matchSourceUrls": ["https://github.com/grpc/grpc-dotnet"],
             "groupName": "grpc-dotnet monorepo",
             "matchUpdateTypes": ["digest", "patch", "minor", "major"]
           },
           {
             "description": [
               "grpc-java monorepo",
               "Group packages from grpc-java monorepo together."
             ],
             "matchSourceUrls": ["https://github.com/grpc/grpc-java"],
             "groupName": "grpc-java monorepo",
             "matchUpdateTypes": ["digest", "patch", "minor", "major"]
           },
           {
             "description": [
               "gstreamer-rust monorepo",
               "Group packages from gstreamer-rust monorepo together."
             ],
             "matchSourceUrls": [
               "https://gitlab.freedesktop.org/gstreamer/gstreamer-rs"
             ],
             "groupName": "gstreamer-rust monorepo",
             "matchUpdateTypes": ["digest", "patch", "minor", "major"]
           },
           {
             "description": [
               "guava monorepo",
               "Group packages from guava monorepo together."
             ],
             "matchSourceUrls": ["https://github.com/google/guava"],
             "groupName": "guava monorepo",
             "matchUpdateTypes": ["digest", "patch", "minor", "major"]
           },
           {
             "description": [
               "happy-dom monorepo",
               "Group packages from happy-dom monorepo together."
             ],
             "matchSourceUrls": ["https://github.com/capricorn86/happy-dom"],
             "groupName": "happy-dom monorepo",
             "matchUpdateTypes": ["digest", "patch", "minor", "major"]
           },
           {
             "description": [
               "Hangfire monorepo",
               "Group packages from Hangfire monorepo together."
             ],
             "matchSourceUrls": ["https://github.com/HangfireIO/Hangfire"],
             "groupName": "Hangfire monorepo",
             "matchUpdateTypes": ["digest", "patch", "minor", "major"]
           },
           {
             "description": [
               "hibernate-models monorepo",
               "Group packages from hibernate-models monorepo together."
             ],
             "matchSourceUrls": ["https://github.com/hibernate/hibernate-models"],
             "groupName": "hibernate-models monorepo",
             "matchUpdateTypes": ["digest", "patch", "minor", "major"]
           },
           {
             "description": [
               "hibernate-orm monorepo",
               "Group packages from hibernate-orm monorepo together."
             ],
             "matchSourceUrls": ["https://github.com/hibernate/hibernate-orm"],
             "groupName": "hibernate-orm monorepo",
             "matchUpdateTypes": ["digest", "patch", "minor", "major"]
           },
           {
             "description": [
               "hibernate-search monorepo",
               "Group packages from hibernate-search monorepo together."
             ],
             "matchSourceUrls": ["https://github.com/hibernate/hibernate-search"],
             "groupName": "hibernate-search monorepo",
             "matchUpdateTypes": ["digest", "patch", "minor", "major"]
           },
           {
             "description": [
               "hibernate-tools monorepo",
               "Group packages from hibernate-tools monorepo together."
             ],
             "matchSourceUrls": ["https://github.com/hibernate/hibernate-tools"],
             "groupName": "hibernate-tools monorepo",
             "matchUpdateTypes": ["digest", "patch", "minor", "major"]
           },
           {
             "description": [
               "hickory-dns monorepo",
               "Group packages from hickory-dns monorepo together."
             ],
             "matchSourceUrls": ["https://github.com/hickory-dns/hickory-dns"],
             "groupName": "hickory-dns monorepo",
             "matchUpdateTypes": ["digest", "patch", "minor", "major"]
           },
           {
             "description": [
               "html-eslint monorepo",
               "Group packages from html-eslint monorepo together."
             ],
             "matchSourceUrls": ["https://github.com/yeonjuan/html-eslint"],
             "groupName": "html-eslint monorepo",
             "matchUpdateTypes": ["digest", "patch", "minor", "major"]
           },
           {
             "description": [
               "humanizer monorepo",
               "Group packages from humanizer monorepo together."
             ],
             "matchSourceUrls": ["https://github.com/Humanizr/Humanizer"],
             "groupName": "humanizer monorepo",
             "matchUpdateTypes": ["digest", "patch", "minor", "major"]
           },
           {
             "description": [
               "infrastructure-ui monorepo",
               "Group packages from infrastructure-ui monorepo together."
             ],
             "matchSourceUrls": ["https://github.com/instructure/instructure-ui"],
             "groupName": "infrastructure-ui monorepo",
             "matchUpdateTypes": ["digest", "patch", "minor", "major"]
           },
           {
             "description": [
               "ionic-native monorepo",
               "Group packages from ionic-native monorepo together."
             ],
             "matchSourceUrls": ["https://github.com/ionic-team/ionic-native"],
             "groupName": "ionic-native monorepo",
             "matchUpdateTypes": ["digest", "patch", "minor", "major"]
           },
           {
             "description": [
               "istanbuljs monorepo",
               "Group packages from istanbuljs monorepo together."
             ],
             "matchSourceUrls": ["https://github.com/istanbuljs/istanbuljs"],
             "groupName": "istanbuljs monorepo",
             "matchUpdateTypes": ["digest", "patch", "minor", "major"]
           },
           {
             "description": [
               "istio monorepo",
               "Group packages from istio monorepo together."
             ],
             "matchSourceUrls": ["https://github.com/istio/istio"],
             "groupName": "istio monorepo",
             "matchUpdateTypes": ["digest", "patch", "minor", "major"]
           },
           {
             "description": [
               "jackson monorepo",
               "Group packages from jackson monorepo together."
             ],
             "matchSourceUrls": [
               "https://github.com/FasterXML/jackson",
               "https://github.com/FasterXML/jackson-annotations",
               "https://github.com/FasterXML/jackson-core",
               "https://github.com/FasterXML/jackson-databind",
               "https://github.com/FasterXML/jackson-dataformats-binary",
               "https://github.com/FasterXML/jackson-dataformats-text",
               "https://github.com/FasterXML/jackson-jaxrs-providers",
               "https://github.com/FasterXML/jackson-module-kotlin",
               "https://github.com/FasterXML/jackson-module-scala"
             ],
             "groupName": "jackson monorepo",
             "matchUpdateTypes": ["digest", "patch", "minor", "major"]
           },
           {
             "description": [
               "jasmine monorepo",
               "Group packages from jasmine monorepo together."
             ],
             "matchSourceUrls": ["https://github.com/jasmine/jasmine"],
             "groupName": "jasmine monorepo",
             "matchUpdateTypes": ["digest", "patch", "minor", "major"]
           },
           {
             "description": [
               "javahamcrest monorepo",
               "Group packages from javahamcrest monorepo together."
             ],
             "matchSourceUrls": ["https://github.com/hamcrest/JavaHamcrest"],
             "groupName": "javahamcrest monorepo",
             "matchUpdateTypes": ["digest", "patch", "minor", "major"]
           },
           {
             "description": [
               "javascriptengineswitcher monorepo",
               "Group packages from javascriptengineswitcher monorepo together."
             ],
             "matchSourceUrls": [
               "https://github.com/Taritsyn/JavaScriptEngineSwitcher"
             ],
             "groupName": "javascriptengineswitcher monorepo",
             "matchUpdateTypes": ["digest", "patch", "minor", "major"]
           },
           {
             "description": [
               "jaxb-ri monorepo",
               "Group packages from jaxb-ri monorepo together."
             ],
             "matchSourceUrls": ["https://github.com/eclipse-ee4j/jaxb-ri"],
             "groupName": "jaxb-ri monorepo",
             "matchUpdateTypes": ["digest", "patch", "minor", "major"]
           },
           {
             "description": [
               "jersey monorepo",
               "Group packages from jersey monorepo together."
             ],
             "matchSourceUrls": ["https://github.com/eclipse-ee4j/jersey"],
             "groupName": "jersey monorepo",
             "matchUpdateTypes": ["digest", "patch", "minor", "major"]
           },
           {
             "description": [
               "jest monorepo",
               "Group packages from jest monorepo together."
             ],
             "matchSourceUrls": [
               "https://github.com/facebook/jest",
               "https://github.com/jestjs/jest"
             ],
             "groupName": "jest monorepo",
             "matchUpdateTypes": ["digest", "patch", "minor", "major"]
           },
           {
             "description": [
               "jetty monorepo",
               "Group packages from jetty monorepo together."
             ],
             "matchSourceUrls": ["https://github.com/jetty/jetty.project"],
             "groupName": "jetty monorepo",
             "matchUpdateTypes": ["digest", "patch", "minor", "major"]
           },
           {
             "description": [
               "jna monorepo",
               "Group packages from jna monorepo together."
             ],
             "matchSourceUrls": ["https://github.com/java-native-access/jna"],
             "groupName": "jna monorepo",
             "matchUpdateTypes": ["digest", "patch", "minor", "major"]
           },
           {
             "description": [
               "json-smart-v2 monorepo",
               "Group packages from json-smart-v2 monorepo together."
             ],
             "matchSourceUrls": ["https://github.com/netplex/json-smart-v2"],
             "groupName": "json-smart-v2 monorepo",
             "matchUpdateTypes": ["digest", "patch", "minor", "major"]
           },
           {
             "description": [
               "jsplumb monorepo",
               "Group packages from jsplumb monorepo together."
             ],
             "matchSourceUrls": ["https://github.com/jsplumb/jsplumb"],
             "groupName": "jsplumb monorepo",
             "matchUpdateTypes": ["digest", "patch", "minor", "major"]
           },
           {
             "description": [
               "junit-framework monorepo",
               "Group packages from junit-framework monorepo together."
             ],
             "matchSourceUrls": [
               "https://github.com/junit-team/junit5",
               "https://github.com/junit-team/junit-framework"
             ],
             "groupName": "junit-framework monorepo",
             "matchUpdateTypes": ["digest", "patch", "minor", "major"]
           },
           {
             "description": [
               "kernelmemory monorepo",
               "Group packages from kernelmemory monorepo together."
             ],
             "matchSourceUrls": ["https://github.com/microsoft/kernel-memory"],
             "groupName": "kernelmemory monorepo",
             "matchUpdateTypes": ["digest", "patch", "minor", "major"]
           },
           {
             "description": [
               "kiota monorepo",
               "Group packages from kiota monorepo together."
             ],
             "matchSourceUrls": ["https://github.com/microsoft/kiota"],
             "groupName": "kiota monorepo",
             "matchUpdateTypes": ["digest", "patch", "minor", "major"]
           },
           {
             "description": [
               "kotlin monorepo",
               "Group packages from kotlin monorepo together."
             ],
             "matchSourceUrls": ["https://github.com/JetBrains/kotlin"],
             "groupName": "kotlin monorepo",
             "matchUpdateTypes": ["digest", "patch", "minor", "major"]
           },
           {
             "description": [
               "kotlinx-coroutines monorepo",
               "Group packages from kotlinx-coroutines monorepo together."
             ],
             "matchSourceUrls": ["https://github.com/Kotlin/kotlinx.coroutines"],
             "groupName": "kotlinx-coroutines monorepo",
             "matchUpdateTypes": ["digest", "patch", "minor", "major"]
           },
           {
             "description": [
               "kroki monorepo",
               "Group packages from kroki monorepo together."
             ],
             "matchSourceUrls": ["https://github.com/yuzutech/kroki"],
             "groupName": "kroki monorepo",
             "matchUpdateTypes": ["digest", "patch", "minor", "major"]
           },
           {
             "description": [
               "ksp monorepo",
               "Group packages from ksp monorepo together."
             ],
             "matchSourceUrls": ["https://github.com/google/ksp"],
             "groupName": "ksp monorepo",
             "matchUpdateTypes": ["digest", "patch", "minor", "major"]
           },
           {
             "description": [
               "ktor monorepo",
               "Group packages from ktor monorepo together."
             ],
             "matchSourceUrls": ["https://github.com/ktorio/ktor"],
             "groupName": "ktor monorepo",
             "matchUpdateTypes": ["digest", "patch", "minor", "major"]
           },
           {
             "description": [
               "lamar monorepo",
               "Group packages from lamar monorepo together."
             ],
             "matchSourceUrls": ["https://github.com/JasperFx/lamar"],
             "groupName": "lamar monorepo",
             "matchUpdateTypes": ["digest", "patch", "minor", "major"]
           },
           {
             "description": [
               "langchain4j monorepo",
               "Group packages from langchain4j monorepo together."
             ],
             "matchSourceUrls": ["https://github.com/langchain4j/langchain4j"],
             "groupName": "langchain4j monorepo",
             "matchUpdateTypes": ["digest", "patch", "minor", "major"]
           },
           {
             "description": [
               "lerna monorepo",
               "Group packages from lerna monorepo together."
             ],
             "matchSourceUrls": ["https://github.com/lerna/lerna"],
             "groupName": "lerna monorepo",
             "matchUpdateTypes": ["digest", "patch", "minor", "major"]
           },
           {
             "description": [
               "lerna-lite monorepo",
               "Group packages from lerna-lite monorepo together."
             ],
             "matchSourceUrls": ["https://github.com/lerna-lite/lerna-lite"],
             "groupName": "lerna-lite monorepo",
             "matchUpdateTypes": ["digest", "patch", "minor", "major"]
           },
           {
             "description": [
               "lexical monorepo",
               "Group packages from lexical monorepo together."
             ],
             "matchSourceUrls": ["https://github.com/facebook/lexical"],
             "groupName": "lexical monorepo",
             "matchUpdateTypes": ["digest", "patch", "minor", "major"]
           },
           {
             "description": [
               "linguijs monorepo",
               "Group packages from linguijs monorepo together."
             ],
             "matchSourceUrls": ["https://github.com/lingui/js-lingui"],
             "groupName": "linguijs monorepo",
             "matchUpdateTypes": ["digest", "patch", "minor", "major"]
           },
           {
             "description": [
               "linkifyjs monorepo",
               "Group packages from linkifyjs monorepo together."
             ],
             "matchSourceUrls": ["https://github.com/nfrasser/linkifyjs"],
             "groupName": "linkifyjs monorepo",
             "matchUpdateTypes": ["digest", "patch", "minor", "major"]
           },
           {
             "description": [
               "log4j2 monorepo",
               "Group packages from log4j2 monorepo together."
             ],
             "matchSourceUrls": ["https://github.com/apache/logging-log4j2"],
             "groupName": "log4j2 monorepo",
             "matchUpdateTypes": ["digest", "patch", "minor", "major"]
           },
           {
             "description": [
               "logback monorepo",
               "Group packages from logback monorepo together."
             ],
             "matchSourceUrls": ["https://github.com/qos-ch/logback"],
             "groupName": "logback monorepo",
             "matchUpdateTypes": ["digest", "patch", "minor", "major"]
           },
           {
             "description": [
               "loopback monorepo",
               "Group packages from loopback monorepo together."
             ],
             "matchSourceUrls": [
               "https://github.com/strongloop/loopback-next",
               "https://github.com/loopbackio/loopback-next"
             ],
             "groupName": "loopback monorepo",
             "matchUpdateTypes": ["digest", "patch", "minor", "major"]
           },
           {
             "description": [
               "lrnwebcomponents monorepo",
               "Group packages from lrnwebcomponents monorepo together."
             ],
             "matchSourceUrls": ["https://github.com/elmsln/lrnwebcomponents"],
             "groupName": "lrnwebcomponents monorepo",
             "matchUpdateTypes": ["digest", "patch", "minor", "major"]
           },
           {
             "description": [
               "lucide monorepo",
               "Group packages from lucide monorepo together."
             ],
             "matchSourceUrls": ["https://github.com/lucide-icons/lucide"],
             "groupName": "lucide monorepo",
             "matchUpdateTypes": ["digest", "patch", "minor", "major"]
           },
           {
             "description": [
               "mailing monorepo",
               "Group packages from mailing monorepo together."
             ],
             "matchSourceUrls": ["https://github.com/sofn-xyz/mailing"],
             "groupName": "mailing monorepo",
             "matchUpdateTypes": ["digest", "patch", "minor", "major"]
           },
           {
             "description": [
               "mantine monorepo",
               "Group packages from mantine monorepo together."
             ],
             "matchSourceUrls": ["https://github.com/mantinedev/mantine"],
             "groupName": "mantine monorepo",
             "matchUpdateTypes": ["digest", "patch", "minor", "major"]
           },
           {
             "description": [
               "mapstruct monorepo",
               "Group packages from mapstruct monorepo together."
             ],
             "matchSourceUrls": ["https://github.com/mapstruct/mapstruct"],
             "groupName": "mapstruct monorepo",
             "matchUpdateTypes": ["digest", "patch", "minor", "major"]
           },
           {
             "description": [
               "marten monorepo",
               "Group packages from marten monorepo together."
             ],
             "matchSourceUrls": ["https://github.com/JasperFx/marten"],
             "groupName": "marten monorepo",
             "matchUpdateTypes": ["digest", "patch", "minor", "major"]
           },
           {
             "description": [
               "masstransit monorepo",
               "Group packages from masstransit monorepo together."
             ],
             "matchSourceUrls": ["https://github.com/MassTransit/MassTransit"],
             "groupName": "masstransit monorepo",
             "matchUpdateTypes": ["digest", "patch", "minor", "major"]
           },
           {
             "description": [
               "material-components-web monorepo",
               "Group packages from material-components-web monorepo together."
             ],
             "matchSourceUrls": [
               "https://github.com/material-components/material-components-web"
             ],
             "groupName": "material-components-web monorepo",
             "matchUpdateTypes": ["digest", "patch", "minor", "major"]
           },
           {
             "description": [
               "material-ui monorepo",
               "Group packages from material-ui monorepo together."
             ],
             "matchSourceUrls": [
               "https://github.com/mui-org/material-ui",
               "https://github.com/mui/material-ui",
               "https://github.com/mui/mui-x"
             ],
             "groupName": "material-ui monorepo",
             "matchUpdateTypes": ["digest", "patch", "minor", "major"]
           },
           {
             "description": [
               "mdc-react monorepo",
               "Group packages from mdc-react monorepo together."
             ],
             "matchSourceUrls": [
               "https://github.com/material-components/material-components-web-react"
             ],
             "groupName": "mdc-react monorepo",
             "matchUpdateTypes": ["digest", "patch", "minor", "major"]
           },
           {
             "description": [
               "mdx monorepo",
               "Group packages from mdx monorepo together."
             ],
             "matchSourceUrls": ["https://github.com/mdx-js/mdx"],
             "groupName": "mdx monorepo",
             "matchUpdateTypes": ["digest", "patch", "minor", "major"]
           },
           {
             "description": [
               "middy-js monorepo",
               "Group packages from middy-js monorepo together."
             ],
             "matchSourceUrls": ["https://github.com/middyjs/middy"],
             "groupName": "middy-js monorepo",
             "matchUpdateTypes": ["digest", "patch", "minor", "major"]
           },
           {
             "description": [
               "mikro-orm monorepo",
               "Group packages from mikro-orm monorepo together."
             ],
             "matchSourceUrls": ["https://github.com/mikro-orm/mikro-orm"],
             "groupName": "mikro-orm monorepo",
             "matchUpdateTypes": ["digest", "patch", "minor", "major"]
           },
           {
             "description": [
               "ml-dotnet monorepo",
               "Group packages from ml-dotnet monorepo together."
             ],
             "matchSourceUrls": ["https://github.com/dotnet/machinelearning"],
             "groupName": "ml-dotnet monorepo",
             "matchUpdateTypes": ["digest", "patch", "minor", "major"]
           },
           {
             "description": [
               "mockito monorepo",
               "Group packages from mockito monorepo together."
             ],
             "matchSourceUrls": ["https://github.com/mockito/mockito"],
             "groupName": "mockito monorepo",
             "matchUpdateTypes": ["digest", "patch", "minor", "major"]
           },
           {
             "description": [
               "mongo-csharp-driver monorepo",
               "Group packages from mongo-csharp-driver monorepo together."
             ],
             "matchSourceUrls": ["https://github.com/mongodb/mongo-csharp-driver"],
             "groupName": "mongo-csharp-driver monorepo",
             "matchUpdateTypes": ["digest", "patch", "minor", "major"]
           },
           {
             "description": [
               "mongo-java-driver monorepo",
               "Group packages from mongo-java-driver monorepo together."
             ],
             "matchSourceUrls": ["https://github.com/mongodb/mongo-java-driver"],
             "groupName": "mongo-java-driver monorepo",
             "matchUpdateTypes": ["digest", "patch", "minor", "major"]
           },
           {
             "description": [
               "mstest monorepo",
               "Group packages from mstest monorepo together."
             ],
             "matchSourceUrls": ["https://github.com/microsoft/testfx"],
             "groupName": "mstest monorepo",
             "matchUpdateTypes": ["digest", "patch", "minor", "major"]
           },
           {
             "description": [
               "mutation-testing-elements monorepo",
               "Group packages from mutation-testing-elements monorepo together."
             ],
             "matchSourceUrls": [
               "https://github.com/stryker-mutator/mutation-testing-elements"
             ],
             "groupName": "mutation-testing-elements monorepo",
             "matchUpdateTypes": ["digest", "patch", "minor", "major"]
           },
           {
             "description": [
               "nest monorepo",
               "Group packages from nest monorepo together."
             ],
             "matchSourceUrls": [
               "https://github.com/nestjs/config",
               "https://github.com/nestjs/nest",
               "https://github.com/nestjs/nest-cli",
               "https://github.com/nestjs/passport",
               "https://github.com/nestjs/schematics",
               "https://github.com/nestjs/terminus"
             ],
             "groupName": "nest monorepo",
             "matchUpdateTypes": ["digest", "patch", "minor", "major"]
           },
           {
             "description": [
               "nest-graphql monorepo",
               "Group packages from nest-graphql monorepo together."
             ],
             "matchSourceUrls": ["https://github.com/nestjs/graphql"],
             "groupName": "nest-graphql monorepo",
             "matchUpdateTypes": ["digest", "patch", "minor", "major"]
           },
           {
             "description": [
               "netty monorepo",
               "Group packages from netty monorepo together."
             ],
             "matchSourceUrls": ["https://github.com/netty/netty"],
             "groupName": "netty monorepo",
             "matchUpdateTypes": ["digest", "patch", "minor", "major"]
           },
           {
             "description": [
               "neutrino monorepo",
               "Group packages from neutrino monorepo together."
             ],
             "matchSourceUrls": [
               "https://github.com/neutrinojs/neutrino",
               "https://github.com/mozilla-neutrino/neutrino-dev"
             ],
             "groupName": "neutrino monorepo",
             "matchUpdateTypes": ["digest", "patch", "minor", "major"]
           },
           {
             "description": [
               "nexpect monorepo",
               "Group packages from nexpect monorepo together."
             ],
             "matchSourceUrls": ["https://github.com/fluffynuts/NExpect"],
             "groupName": "nexpect monorepo",
             "matchUpdateTypes": ["digest", "patch", "minor", "major"]
           },
           {
             "description": [
               "nextjs monorepo",
               "Group packages from nextjs monorepo together."
             ],
             "matchSourceUrls": [
               "https://github.com/zeit/next.js",
               "https://github.com/vercel/next.js"
             ],
             "groupName": "nextjs monorepo",
             "matchUpdateTypes": ["digest", "patch", "minor", "major"]
           },
           {
             "description": [
               "nextra monorepo",
               "Group packages from nextra monorepo together."
             ],
             "matchSourceUrls": ["https://github.com/shuding/nextra"],
             "groupName": "nextra monorepo",
             "matchUpdateTypes": ["digest", "patch", "minor", "major"]
           },
           {
             "description": [
               "ngx-cookie-service monorepo",
               "Group packages from ngx-cookie-service monorepo together."
             ],
             "matchSourceUrls": [
               "https://github.com/stevermeister/ngx-cookie-service"
             ],
             "groupName": "ngx-cookie-service monorepo",
             "matchUpdateTypes": ["digest", "patch", "minor", "major"]
           },
           {
             "description": [
               "ngx-formly monorepo",
               "Group packages from ngx-formly monorepo together."
             ],
             "matchSourceUrls": ["https://github.com/ngx-formly/ngx-formly"],
             "groupName": "ngx-formly monorepo",
             "matchUpdateTypes": ["digest", "patch", "minor", "major"]
           },
           {
             "description": [
               "ngxs-store monorepo",
               "Group packages from ngxs-store monorepo together."
             ],
             "matchSourceUrls": ["https://github.com/ngxs/store"],
             "groupName": "ngxs-store monorepo",
             "matchUpdateTypes": ["digest", "patch", "minor", "major"]
           },
           {
             "description": [
               "nivo monorepo",
               "Group packages from nivo monorepo together."
             ],
             "matchSourceUrls": ["https://github.com/plouc/nivo"],
             "groupName": "nivo monorepo",
             "matchUpdateTypes": ["digest", "patch", "minor", "major"]
           },
           {
             "description": [
               "njson-schema monorepo",
               "Group packages from njson-schema monorepo together."
             ],
             "matchSourceUrls": ["https://github.com/RicoSuter/NJsonSchema"],
             "groupName": "njson-schema monorepo",
             "matchUpdateTypes": ["digest", "patch", "minor", "major"]
           },
           {
             "description": [
               "nswag monorepo",
               "Group packages from nswag monorepo together."
             ],
             "matchSourceUrls": ["https://github.com/RicoSuter/NSwag"],
             "groupName": "nswag monorepo",
             "matchUpdateTypes": ["digest", "patch", "minor", "major"]
           },
           {
             "description": [
               "nuget monorepo",
               "Group packages from nuget monorepo together."
             ],
             "matchSourceUrls": ["https://github.com/NuGet/NuGet.Client"],
             "groupName": "nuget monorepo",
             "matchUpdateTypes": ["digest", "patch", "minor", "major"]
           },
           {
             "description": [
               "nuke-build monorepo",
               "Group packages from nuke-build monorepo together."
             ],
             "matchSourceUrls": ["https://github.com/nuke-build/nuke"],
             "groupName": "nuke-build monorepo",
             "matchUpdateTypes": ["digest", "patch", "minor", "major"]
           },
           {
             "description": [
               "nuxtjs monorepo",
               "Group packages from nuxtjs monorepo together."
             ],
             "matchSourceUrls": [
               "https://github.com/nuxt/nuxt.js",
               "https://github.com/nuxt/nuxt"
             ],
             "groupName": "nuxtjs monorepo",
             "matchUpdateTypes": ["digest", "patch", "minor", "major"]
           },
           {
             "description": [
               "okhttp monorepo",
               "Group packages from okhttp monorepo together."
             ],
             "matchSourceUrls": ["https://github.com/square/okhttp"],
             "groupName": "okhttp monorepo",
             "matchUpdateTypes": ["digest", "patch", "minor", "major"]
           },
           {
             "description": [
               "openapi-dotnet monorepo",
               "Group packages from openapi-dotnet monorepo together."
             ],
             "matchSourceUrls": ["https://github.com/microsoft/OpenAPI.NET"],
             "groupName": "openapi-dotnet monorepo",
             "matchUpdateTypes": ["digest", "patch", "minor", "major"]
           },
           {
             "description": [
               "opencost monorepo",
               "Group packages from opencost monorepo together."
             ],
             "matchSourceUrls": [
               "https://github.com/opencost/opencost",
               "https://github.com/opencost/opencost-ui"
             ],
             "groupName": "opencost monorepo",
             "matchUpdateTypes": ["digest", "patch", "minor", "major"]
           },
           {
             "description": [
               "openiddict monorepo",
               "Group packages from openiddict monorepo together."
             ],
             "matchSourceUrls": ["https://github.com/openiddict/openiddict-core"],
             "groupName": "openiddict monorepo",
             "matchUpdateTypes": ["digest", "patch", "minor", "major"]
           },
           {
             "description": [
               "opentelemetry-dotnet monorepo",
               "Group packages from opentelemetry-dotnet monorepo together."
             ],
             "matchSourceUrls": [
               "https://github.com/open-telemetry/opentelemetry-dotnet"
             ],
             "groupName": "opentelemetry-dotnet monorepo",
             "matchUpdateTypes": ["digest", "patch", "minor", "major"]
           },
           {
             "description": [
               "opentelemetry-dotnet-contrib monorepo",
               "Group packages from opentelemetry-dotnet-contrib monorepo together."
             ],
             "matchSourceUrls": [
               "https://github.com/open-telemetry/opentelemetry-dotnet-contrib"
             ],
             "groupName": "opentelemetry-dotnet-contrib monorepo",
             "matchUpdateTypes": ["digest", "patch", "minor", "major"]
           },
           {
             "description": [
               "opentelemetry-erlang monorepo",
               "Group packages from opentelemetry-erlang monorepo together."
             ],
             "matchSourceUrls": [
               "https://github.com/open-telemetry/opentelemetry-erlang"
             ],
             "groupName": "opentelemetry-erlang monorepo",
             "matchUpdateTypes": ["digest", "patch", "minor", "major"]
           },
           {
             "description": [
               "opentelemetry-erlang-contrib monorepo",
               "Group packages from opentelemetry-erlang-contrib monorepo together."
             ],
             "matchSourceUrls": [
               "https://github.com/open-telemetry/opentelemetry-erlang-contrib"
             ],
             "groupName": "opentelemetry-erlang-contrib monorepo",
             "matchUpdateTypes": ["digest", "patch", "minor", "major"]
           },
           {
             "description": [
               "opentelemetry-go monorepo",
               "Group packages from opentelemetry-go monorepo together."
             ],
             "matchSourceUrls": ["https://github.com/open-telemetry/opentelemetry-go"],
             "groupName": "opentelemetry-go monorepo",
             "matchUpdateTypes": ["digest", "patch", "minor", "major"]
           },
           {
             "description": [
               "opentelemetry-go-contrib monorepo",
               "Group packages from opentelemetry-go-contrib monorepo together."
             ],
             "matchSourceUrls": [
               "https://github.com/open-telemetry/opentelemetry-go-contrib"
             ],
             "groupName": "opentelemetry-go-contrib monorepo",
             "matchUpdateTypes": ["digest", "patch", "minor", "major"]
           },
           {
             "description": [
               "opentelemetry-java monorepo",
               "Group packages from opentelemetry-java monorepo together."
             ],
             "matchSourceUrls": [
               "https://github.com/open-telemetry/opentelemetry-java"
             ],
             "groupName": "opentelemetry-java monorepo",
             "matchUpdateTypes": ["digest", "patch", "minor", "major"]
           },
           {
             "description": [
               "opentelemetry-java-contrib monorepo",
               "Group packages from opentelemetry-java-contrib monorepo together."
             ],
             "matchSourceUrls": [
               "https://github.com/open-telemetry/opentelemetry-java-contrib"
             ],
             "groupName": "opentelemetry-java-contrib monorepo",
             "matchUpdateTypes": ["digest", "patch", "minor", "major"]
           },
           {
             "description": [
               "opentelemetry-js monorepo",
               "Group packages from opentelemetry-js monorepo together."
             ],
             "matchSourceUrls": ["https://github.com/open-telemetry/opentelemetry-js"],
             "groupName": "opentelemetry-js monorepo",
             "matchUpdateTypes": ["digest", "patch", "minor", "major"]
           },
           {
             "description": [
               "opentelemetry-js-contrib monorepo",
               "Group packages from opentelemetry-js-contrib monorepo together."
             ],
             "matchSourceUrls": [
               "https://github.com/open-telemetry/opentelemetry-js-contrib"
             ],
             "groupName": "opentelemetry-js-contrib monorepo",
             "matchUpdateTypes": ["digest", "patch", "minor", "major"]
           },
           {
             "description": [
               "opentelemetry-python monorepo",
               "Group packages from opentelemetry-python monorepo together."
             ],
             "matchSourceUrls": [
               "https://github.com/open-telemetry/opentelemetry-python"
             ],
             "groupName": "opentelemetry-python monorepo",
             "matchUpdateTypes": ["digest", "patch", "minor", "major"]
           },
           {
             "description": [
               "opentelemetry-python-contrib monorepo",
               "Group packages from opentelemetry-python-contrib monorepo together."
             ],
             "matchSourceUrls": [
               "https://github.com/open-telemetry/opentelemetry-python-contrib"
             ],
             "groupName": "opentelemetry-python-contrib monorepo",
             "matchUpdateTypes": ["digest", "patch", "minor", "major"]
           },
           {
             "description": [
               "opentelemetry-rust monorepo",
               "Group packages from opentelemetry-rust monorepo together."
             ],
             "matchSourceUrls": [
               "https://github.com/open-telemetry/opentelemetry-rust"
             ],
             "groupName": "opentelemetry-rust monorepo",
             "matchUpdateTypes": ["digest", "patch", "minor", "major"]
           },
           {
             "description": [
               "opentelemetry-rust-contrib monorepo",
               "Group packages from opentelemetry-rust-contrib monorepo together."
             ],
             "matchSourceUrls": [
               "https://github.com/open-telemetry/opentelemetry-rust-contrib"
             ],
             "groupName": "opentelemetry-rust-contrib monorepo",
             "matchUpdateTypes": ["digest", "patch", "minor", "major"]
           },
           {
             "description": [
               "orleans monorepo",
               "Group packages from orleans monorepo together."
             ],
             "matchSourceUrls": ["https://github.com/dotnet/orleans"],
             "groupName": "orleans monorepo",
             "matchUpdateTypes": ["digest", "patch", "minor", "major"]
           },
           {
             "description": [
               "oxlint monorepo",
               "Group packages from oxlint monorepo together."
             ],
             "matchSourceUrls": [
               "https://github.com/oxc-project/oxc",
               "https://github.com/oxc-project/eslint-plugin-oxlint"
             ],
             "groupName": "oxlint monorepo",
             "matchUpdateTypes": ["digest", "patch", "minor", "major"]
           },
           {
             "description": [
               "panda-css monorepo",
               "Group packages from panda-css monorepo together."
             ],
             "matchSourceUrls": ["https://github.com/chakra-ui/panda"],
             "groupName": "panda-css monorepo",
             "matchUpdateTypes": ["digest", "patch", "minor", "major"]
           },
           {
             "description": [
               "parcel monorepo",
               "Group packages from parcel monorepo together."
             ],
             "matchSourceUrls": ["https://github.com/parcel-bundler/parcel"],
             "groupName": "parcel monorepo",
             "matchUpdateTypes": ["digest", "patch", "minor", "major"]
           },
           {
             "description": [
               "payloadcms monorepo",
               "Group packages from payloadcms monorepo together."
             ],
             "matchSourceUrls": ["https://github.com/payloadcms/payload"],
             "groupName": "payloadcms monorepo",
             "matchUpdateTypes": ["digest", "patch", "minor", "major"]
           },
           {
             "description": [
               "pdfme monorepo",
               "Group packages from pdfme monorepo together."
             ],
             "matchSourceUrls": ["https://github.com/pdfme/pdfme"],
             "groupName": "pdfme monorepo",
             "matchUpdateTypes": ["digest", "patch", "minor", "major"]
           },
           {
             "description": [
               "percy-cli monorepo",
               "Group packages from percy-cli monorepo together."
             ],
             "matchSourceUrls": ["https://github.com/percy/cli"],
             "groupName": "percy-cli monorepo",
             "matchUpdateTypes": ["digest", "patch", "minor", "major"]
           },
           {
             "description": [
               "picassojs monorepo",
               "Group packages from picassojs monorepo together."
             ],
             "matchSourceUrls": ["https://github.com/qlik-oss/picasso.js"],
             "groupName": "picassojs monorepo",
             "matchUpdateTypes": ["digest", "patch", "minor", "major"]
           },
           {
             "description": [
               "pixijs monorepo",
               "Group packages from pixijs monorepo together."
             ],
             "matchSourceUrls": [
               "https://github.com/pixijs/pixi.js",
               "https://github.com/pixijs/pixijs"
             ],
             "groupName": "pixijs monorepo",
             "matchUpdateTypes": ["digest", "patch", "minor", "major"]
           },
           {
             "description": [
               "playwright monorepo",
               "Group packages from playwright monorepo together."
             ],
             "matchSourceUrls": ["https://github.com/microsoft/playwright"],
             "groupName": "playwright monorepo",
             "matchUpdateTypes": ["digest", "patch", "minor", "major"]
           },
           {
             "description": [
               "playwright-dotnet monorepo",
               "Group packages from playwright-dotnet monorepo together."
             ],
             "matchSourceUrls": ["https://github.com/microsoft/playwright-dotnet"],
             "groupName": "playwright-dotnet monorepo",
             "matchUpdateTypes": ["digest", "patch", "minor", "major"]
           },
           {
             "description": [
               "pnpcore monorepo",
               "Group packages from pnpcore monorepo together."
             ],
             "matchSourceUrls": ["https://github.com/pnp/pnpcore"],
             "groupName": "pnpcore monorepo",
             "matchUpdateTypes": ["digest", "patch", "minor", "major"]
           },
           {
             "description": [
               "pnpjs monorepo",
               "Group packages from pnpjs monorepo together."
             ],
             "matchSourceUrls": ["https://github.com/pnp/pnpjs"],
             "groupName": "pnpjs monorepo",
             "matchUpdateTypes": ["digest", "patch", "minor", "major"]
           },
           {
             "description": [
               "polly monorepo",
               "Group packages from polly monorepo together."
             ],
             "matchSourceUrls": ["https://github.com/App-vNext/Polly"],
             "groupName": "polly monorepo",
             "matchUpdateTypes": ["digest", "patch", "minor", "major"]
           },
           {
             "description": [
               "pollyjs monorepo",
               "Group packages from pollyjs monorepo together."
             ],
             "matchSourceUrls": ["https://github.com/Netflix/pollyjs"],
             "groupName": "pollyjs monorepo",
             "matchUpdateTypes": ["digest", "patch", "minor", "major"]
           },
           {
             "description": [
               "pothos monorepo",
               "Group packages from pothos monorepo together."
             ],
             "matchSourceUrls": ["https://github.com/hayes/pothos"],
             "groupName": "pothos monorepo",
             "matchUpdateTypes": ["digest", "patch", "minor", "major"]
           },
           {
             "description": [
               "pouchdb monorepo",
               "Group packages from pouchdb monorepo together."
             ],
             "matchSourceUrls": ["https://github.com/pouchdb/pouchdb"],
             "groupName": "pouchdb monorepo",
             "matchUpdateTypes": ["digest", "patch", "minor", "major"]
           },
           {
             "description": [
               "powermock monorepo",
               "Group packages from powermock monorepo together."
             ],
             "matchSourceUrls": ["https://github.com/powermock/powermock"],
             "groupName": "powermock monorepo",
             "matchUpdateTypes": ["digest", "patch", "minor", "major"]
           },
           {
             "description": [
               "prisma monorepo",
               "Group packages from prisma monorepo together."
             ],
             "matchSourceUrls": ["https://github.com/prisma/prisma"],
             "groupName": "prisma monorepo",
             "matchUpdateTypes": ["digest", "patch", "minor", "major"]
           },
           {
             "description": [
               "prometheus-net monorepo",
               "Group packages from prometheus-net monorepo together."
             ],
             "matchSourceUrls": ["https://github.com/prometheus-net/prometheus-net"],
             "groupName": "prometheus-net monorepo",
             "matchUpdateTypes": ["digest", "patch", "minor", "major"]
           },
           {
             "description": [
               "promster monorepo",
               "Group packages from promster monorepo together."
             ],
             "matchSourceUrls": ["https://github.com/tdeekens/promster"],
             "groupName": "promster monorepo",
             "matchUpdateTypes": ["digest", "patch", "minor", "major"]
           },
           {
             "description": [
               "protobuf monorepo",
               "Group packages from protobuf monorepo together."
             ],
             "matchSourceUrls": ["https://github.com/protocolbuffers/protobuf"],
             "groupName": "protobuf monorepo",
             "matchUpdateTypes": ["digest", "patch", "minor", "major"]
           },
           {
             "description": [
               "quartznet monorepo",
               "Group packages from quartznet monorepo together."
             ],
             "matchSourceUrls": ["https://github.com/quartznet/quartznet"],
             "groupName": "quartznet monorepo",
             "matchUpdateTypes": ["digest", "patch", "minor", "major"]
           },
           {
             "description": [
               "radix-ui-primitives monorepo",
               "Group packages from radix-ui-primitives monorepo together."
             ],
             "matchSourceUrls": ["https://github.com/radix-ui/primitives"],
             "groupName": "radix-ui-primitives monorepo",
             "matchUpdateTypes": ["digest", "patch", "minor", "major"]
           },
           {
             "description": [
               "reach-ui monorepo",
               "Group packages from reach-ui monorepo together."
             ],
             "matchSourceUrls": ["https://github.com/reach/reach-ui"],
             "groupName": "reach-ui monorepo",
             "matchUpdateTypes": ["digest", "patch", "minor", "major"]
           },
           {
             "description": [
               "react monorepo",
               "Group packages from react monorepo together."
             ],
             "matchSourceUrls": ["https://github.com/facebook/react"],
             "groupName": "react monorepo",
             "matchUpdateTypes": ["digest", "patch", "minor", "major"]
           },
           {
             "description": [
               "react-admin monorepo",
               "Group packages from react-admin monorepo together."
             ],
             "matchSourceUrls": ["https://github.com/marmelab/react-admin"],
             "groupName": "react-admin monorepo",
             "matchUpdateTypes": ["digest", "patch", "minor", "major"]
           },
           {
             "description": [
               "react-apollo monorepo",
               "Group packages from react-apollo monorepo together."
             ],
             "matchSourceUrls": ["https://github.com/apollographql/react-apollo"],
             "groupName": "react-apollo monorepo",
             "matchUpdateTypes": ["digest", "patch", "minor", "major"]
           },
           {
             "description": [
               "react-dnd monorepo",
               "Group packages from react-dnd monorepo together."
             ],
             "matchSourceUrls": ["https://github.com/react-dnd/react-dnd"],
             "groupName": "react-dnd monorepo",
             "matchUpdateTypes": ["digest", "patch", "minor", "major"]
           },
           {
             "description": [
               "react-navigation monorepo",
               "Group packages from react-navigation monorepo together."
             ],
             "matchSourceUrls": [
               "https://github.com/react-navigation/react-navigation"
             ],
             "groupName": "react-navigation monorepo",
             "matchUpdateTypes": ["digest", "patch", "minor", "major"]
           },
           {
             "description": [
               "react-page monorepo",
               "Group packages from react-page monorepo together."
             ],
             "matchSourceUrls": ["https://github.com/react-page/react-page"],
             "groupName": "react-page monorepo",
             "matchUpdateTypes": ["digest", "patch", "minor", "major"]
           },
           {
             "description": [
               "react-rails monorepo",
               "Group packages from react-rails monorepo together."
             ],
             "matchSourceUrls": ["https://github.com/reactjs/react-rails"],
             "groupName": "react-rails monorepo",
             "matchUpdateTypes": ["digest", "patch", "minor", "major"]
           },
           {
             "description": [
               "react-router monorepo",
               "Group packages from react-router monorepo together."
             ],
             "matchSourceUrls": [
               "https://github.com/ReactTraining/react-router",
               "https://github.com/remix-run/react-router"
             ],
             "groupName": "react-router monorepo",
             "matchUpdateTypes": ["digest", "patch", "minor", "major"]
           },
           {
             "description": [
               "react-spectrum monorepo",
               "Group packages from react-spectrum monorepo together."
             ],
             "matchSourceUrls": ["https://github.com/adobe/react-spectrum"],
             "groupName": "react-spectrum monorepo",
             "matchUpdateTypes": ["digest", "patch", "minor", "major"]
           },
           {
             "description": [
               "react-spring monorepo",
               "Group packages from react-spring monorepo together."
             ],
             "matchSourceUrls": ["https://github.com/pmndrs/react-spring"],
             "groupName": "react-spring monorepo",
             "matchUpdateTypes": ["digest", "patch", "minor", "major"]
           },
           {
             "description": [
               "reactivestack-cookies monorepo",
               "Group packages from reactivestack-cookies monorepo together."
             ],
             "matchSourceUrls": ["https://github.com/reactivestack/cookies"],
             "groupName": "reactivestack-cookies monorepo",
             "matchUpdateTypes": ["digest", "patch", "minor", "major"]
           },
           {
             "description": [
               "reakit monorepo",
               "Group packages from reakit monorepo together."
             ],
             "matchSourceUrls": ["https://github.com/reakit/reakit"],
             "groupName": "reakit monorepo",
             "matchUpdateTypes": ["digest", "patch", "minor", "major"]
           },
           {
             "description": [
               "redwood monorepo",
               "Group packages from redwood monorepo together."
             ],
             "matchSourceUrls": ["https://github.com/redwoodjs/redwood"],
             "groupName": "redwood monorepo",
             "matchUpdateTypes": ["digest", "patch", "minor", "major"]
           },
           {
             "description": [
               "refit monorepo",
               "Group packages from refit monorepo together."
             ],
             "matchSourceUrls": ["https://github.com/reactiveui/refit"],
             "groupName": "refit monorepo",
             "matchUpdateTypes": ["digest", "patch", "minor", "major"]
           },
           {
             "description": [
               "reg-suit monorepo",
               "Group packages from reg-suit monorepo together."
             ],
             "matchSourceUrls": ["https://github.com/reg-viz/reg-suit"],
             "groupName": "reg-suit monorepo",
             "matchUpdateTypes": ["digest", "patch", "minor", "major"]
           },
           {
             "description": [
               "remark monorepo",
               "Group packages from remark monorepo together."
             ],
             "matchSourceUrls": ["https://github.com/remarkjs/remark"],
             "groupName": "remark monorepo",
             "matchUpdateTypes": ["digest", "patch", "minor", "major"]
           },
           {
             "description": [
               "remix monorepo",
               "Group packages from remix monorepo together."
             ],
             "matchSourceUrls": ["https://github.com/remix-run/remix"],
             "groupName": "remix monorepo",
             "matchUpdateTypes": ["digest", "patch", "minor", "major"]
           },
           {
             "description": [
               "retrofit monorepo",
               "Group packages from retrofit monorepo together."
             ],
             "matchSourceUrls": ["https://github.com/square/retrofit"],
             "groupName": "retrofit monorepo",
             "matchUpdateTypes": ["digest", "patch", "minor", "major"]
           },
           {
             "description": [
               "river monorepo",
               "Group packages from river monorepo together."
             ],
             "matchSourceUrls": ["https://github.com/riverqueue/river"],
             "groupName": "river monorepo",
             "matchUpdateTypes": ["digest", "patch", "minor", "major"]
           },
           {
             "description": [
               "rjsf monorepo",
               "Group packages from rjsf monorepo together."
             ],
             "matchSourceUrls": ["https://github.com/rjsf-team/react-jsonschema-form"],
             "groupName": "rjsf monorepo",
             "matchUpdateTypes": ["digest", "patch", "minor", "major"]
           },
           {
             "description": [
               "router5 monorepo",
               "Group packages from router5 monorepo together."
             ],
             "matchSourceUrls": ["https://github.com/router5/router5"],
             "groupName": "router5 monorepo",
             "matchUpdateTypes": ["digest", "patch", "minor", "major"]
           },
           {
             "description": [
               "rspack monorepo",
               "Group packages from rspack monorepo together."
             ],
             "matchSourceUrls": ["https://github.com/web-infra-dev/rspack"],
             "groupName": "rspack monorepo",
             "matchUpdateTypes": ["digest", "patch", "minor", "major"]
           },
           {
             "description": [
               "ruby-on-rails monorepo",
               "Group packages from ruby-on-rails monorepo together."
             ],
             "matchSourceUrls": ["https://github.com/rails/rails"],
             "groupName": "ruby-on-rails monorepo",
             "matchUpdateTypes": ["digest", "patch", "minor", "major"]
           },
           {
             "description": [
               "rust-analyzer monorepo",
               "Group packages from rust-analyzer monorepo together."
             ],
             "matchSourceUrls": ["https://github.com/rust-lang/rust-analyzer"],
             "groupName": "rust-analyzer monorepo",
             "matchUpdateTypes": ["digest", "patch", "minor", "major"]
           },
           {
             "description": [
               "rust-futures monorepo",
               "Group packages from rust-futures monorepo together."
             ],
             "matchSourceUrls": ["https://github.com/rust-lang/futures-rs"],
             "groupName": "rust-futures monorepo",
             "matchUpdateTypes": ["digest", "patch", "minor", "major"]
           },
           {
             "description": [
               "rust-wasm-bindgen monorepo",
               "Group packages from rust-wasm-bindgen monorepo together."
             ],
             "matchSourceUrls": ["https://github.com/rustwasm/wasm-bindgen"],
             "groupName": "rust-wasm-bindgen monorepo",
             "matchUpdateTypes": ["digest", "patch", "minor", "major"]
           },
           {
             "description": [
               "sanity monorepo",
               "Group packages from sanity monorepo together."
             ],
             "matchSourceUrls": ["https://github.com/sanity-io/sanity"],
             "groupName": "sanity monorepo",
             "matchUpdateTypes": ["digest", "patch", "minor", "major"]
           },
           {
             "description": [
               "serilog-ui monorepo",
               "Group packages from serilog-ui monorepo together."
             ],
             "matchSourceUrls": ["https://github.com/serilog-contrib/serilog-ui"],
             "groupName": "serilog-ui monorepo",
             "matchUpdateTypes": ["digest", "patch", "minor", "major"]
           },
           {
             "description": [
               "scaffdog monorepo",
               "Group packages from scaffdog monorepo together."
             ],
             "matchSourceUrls": ["https://github.com/scaffdog/scaffdog"],
             "groupName": "scaffdog monorepo",
             "matchUpdateTypes": ["digest", "patch", "minor", "major"]
           },
           {
             "description": [
               "scalar monorepo",
               "Group packages from scalar monorepo together."
             ],
             "matchSourceUrls": ["https://github.com/scalar/scalar"],
             "groupName": "scalar monorepo",
             "matchUpdateTypes": ["digest", "patch", "minor", "major"]
           },
           {
             "description": [
               "sea-orm monorepo",
               "Group packages from sea-orm monorepo together."
             ],
             "matchSourceUrls": ["https://github.com/SeaQL/sea-orm"],
             "groupName": "sea-orm monorepo",
             "matchUpdateTypes": ["digest", "patch", "minor", "major"]
           },
           {
             "description": [
               "secretlint monorepo",
               "Group packages from secretlint monorepo together."
             ],
             "matchSourceUrls": ["https://github.com/secretlint/secretlint"],
             "groupName": "secretlint monorepo",
             "matchUpdateTypes": ["digest", "patch", "minor", "major"]
           },
           {
             "description": [
               "sendgrid-nodejs monorepo",
               "Group packages from sendgrid-nodejs monorepo together."
             ],
             "matchSourceUrls": ["https://github.com/sendgrid/sendgrid-nodejs"],
             "groupName": "sendgrid-nodejs monorepo",
             "matchUpdateTypes": ["digest", "patch", "minor", "major"]
           },
           {
             "description": [
               "sentry-dotnet monorepo",
               "Group packages from sentry-dotnet monorepo together."
             ],
             "matchSourceUrls": ["https://github.com/getsentry/sentry-dotnet"],
             "groupName": "sentry-dotnet monorepo",
             "matchUpdateTypes": ["digest", "patch", "minor", "major"]
           },
           {
             "description": [
               "sentry-javascript monorepo",
               "Group packages from sentry-javascript monorepo together."
             ],
             "matchSourceUrls": ["https://github.com/getsentry/sentry-javascript"],
             "groupName": "sentry-javascript monorepo",
             "matchUpdateTypes": ["digest", "patch", "minor", "major"]
           },
           {
             "description": [
               "sentry-ruby monorepo",
               "Group packages from sentry-ruby monorepo together."
             ],
             "matchSourceUrls": ["https://github.com/getsentry/sentry-ruby"],
             "groupName": "sentry-ruby monorepo",
             "matchUpdateTypes": ["digest", "patch", "minor", "major"]
           },
           {
             "description": [
               "sentry-rust monorepo",
               "Group packages from sentry-rust monorepo together."
             ],
             "matchSourceUrls": ["https://github.com/getsentry/sentry-rust"],
             "groupName": "sentry-rust monorepo",
             "matchUpdateTypes": ["digest", "patch", "minor", "major"]
           },
           {
             "description": [
               "serde monorepo",
               "Group packages from serde monorepo together."
             ],
             "matchSourceUrls": ["https://github.com/serde-rs/serde"],
             "groupName": "serde monorepo",
             "matchUpdateTypes": ["digest", "patch", "minor", "major"]
           },
           {
             "description": [
               "serenity-js monorepo",
               "Group packages from serenity-js monorepo together."
             ],
             "matchSourceUrls": ["https://github.com/serenity-js/serenity-js"],
             "groupName": "serenity-js monorepo",
             "matchUpdateTypes": ["digest", "patch", "minor", "major"]
           },
           {
             "description": [
               "servicestack monorepo",
               "Group packages from servicestack monorepo together."
             ],
             "matchSourceUrls": ["https://github.com/ServiceStack/ServiceStack"],
             "groupName": "servicestack monorepo",
             "matchUpdateTypes": ["digest", "patch", "minor", "major"]
           },
           {
             "description": [
               "shedlock monorepo",
               "Group packages from shedlock monorepo together."
             ],
             "matchSourceUrls": ["https://github.com/lukas-krecan/ShedLock"],
             "groupName": "shedlock monorepo",
             "matchUpdateTypes": ["digest", "patch", "minor", "major"]
           },
           {
             "description": [
               "shiki monorepo",
               "Group packages from shiki monorepo together."
             ],
             "matchSourceUrls": ["https://github.com/shikijs/shiki"],
             "groupName": "shiki monorepo",
             "matchUpdateTypes": ["digest", "patch", "minor", "major"]
           },
           {
             "description": [
               "shopify-app-bridge monorepo",
               "Group packages from shopify-app-bridge monorepo together."
             ],
             "matchSourceUrls": ["https://github.com/Shopify/app-bridge"],
             "groupName": "shopify-app-bridge monorepo",
             "matchUpdateTypes": ["digest", "patch", "minor", "major"]
           },
           {
             "description": [
               "sitecore-jss monorepo",
               "Group packages from sitecore-jss monorepo together."
             ],
             "matchSourceUrls": ["https://github.com/Sitecore/jss"],
             "groupName": "sitecore-jss monorepo",
             "matchUpdateTypes": ["digest", "patch", "minor", "major"]
           },
           {
             "description": [
               "skiasharp monorepo",
               "Group packages from skiasharp monorepo together."
             ],
             "matchSourceUrls": [
               "https://github.com/mono/SkiaSharp",
               "https://go.microsoft.com/fwlink/?linkid=868515"
             ],
             "groupName": "skiasharp monorepo",
             "matchUpdateTypes": ["digest", "patch", "minor", "major"]
           },
           {
             "description": [
               "slack-net monorepo",
               "Group packages from slack-net monorepo together."
             ],
             "matchSourceUrls": ["https://github.com/soxtoby/SlackNet"],
             "groupName": "slack-net monorepo",
             "matchUpdateTypes": ["digest", "patch", "minor", "major"]
           },
           {
             "description": [
               "slf4j monorepo",
               "Group packages from slf4j monorepo together."
             ],
             "matchSourceUrls": ["https://github.com/qos-ch/slf4j"],
             "groupName": "slf4j monorepo",
             "matchUpdateTypes": ["digest", "patch", "minor", "major"]
           },
           {
             "description": [
               "slim-message-bus monorepo",
               "Group packages from slim-message-bus monorepo together."
             ],
             "matchSourceUrls": ["https://github.com/zarusz/SlimMessageBus"],
             "groupName": "slim-message-bus monorepo",
             "matchUpdateTypes": ["digest", "patch", "minor", "major"]
           },
           {
             "description": [
               "spectre-console monorepo",
               "Group packages from spectre-console monorepo together."
             ],
             "matchSourceUrls": ["https://github.com/spectreconsole/spectre.console"],
             "groupName": "spectre-console monorepo",
             "matchUpdateTypes": ["digest", "patch", "minor", "major"]
           },
           {
             "description": [
               "springfox monorepo",
               "Group packages from springfox monorepo together."
             ],
             "matchSourceUrls": ["https://github.com/springfox/springfox"],
             "groupName": "springfox monorepo",
             "matchUpdateTypes": ["digest", "patch", "minor", "major"]
           },
           {
             "description": [
               "stack-exchange-redis-extensions monorepo",
               "Group packages from stack-exchange-redis-extensions monorepo together."
             ],
             "matchSourceUrls": [
               "https://github.com/imperugo/StackExchange.Redis.Extensions"
             ],
             "groupName": "stack-exchange-redis-extensions monorepo",
             "matchUpdateTypes": ["digest", "patch", "minor", "major"]
           },
           {
             "description": [
               "statsig-js-client monorepo",
               "Group packages from statsig-js-client monorepo together."
             ],
             "matchSourceUrls": ["https://github.com/statsig-io/js-client-monorepo"],
             "groupName": "statsig-js-client monorepo",
             "matchUpdateTypes": ["digest", "patch", "minor", "major"]
           },
           {
             "description": [
               "steeltoe monorepo",
               "Group packages from steeltoe monorepo together."
             ],
             "matchSourceUrls": ["https://github.com/SteeltoeOSS/steeltoe"],
             "groupName": "steeltoe monorepo",
             "matchUpdateTypes": ["digest", "patch", "minor", "major"]
           },
           {
             "description": [
               "storybook monorepo",
               "Group packages from storybook monorepo together."
             ],
             "matchSourceUrls": ["https://github.com/storybookjs/storybook"],
             "groupName": "storybook monorepo",
             "matchUpdateTypes": ["digest", "patch", "minor", "major"]
           },
           {
             "description": [
               "storybook-react-native monorepo",
               "Group packages from storybook-react-native monorepo together."
             ],
             "matchSourceUrls": ["https://github.com/storybookjs/react-native"],
             "groupName": "storybook-react-native monorepo",
             "matchUpdateTypes": ["digest", "patch", "minor", "major"]
           },
           {
             "description": [
               "strapi monorepo",
               "Group packages from strapi monorepo together."
             ],
             "matchSourceUrls": ["https://github.com/strapi/strapi"],
             "groupName": "strapi monorepo",
             "matchUpdateTypes": ["digest", "patch", "minor", "major"]
           },
           {
             "description": [
               "strum monorepo",
               "Group packages from strum monorepo together."
             ],
             "matchSourceUrls": ["https://github.com/Peternator7/strum"],
             "groupName": "strum monorepo",
             "matchUpdateTypes": ["digest", "patch", "minor", "major"]
           },
           {
             "description": [
               "stryker-js monorepo",
               "Group packages from stryker-js monorepo together."
             ],
             "matchSourceUrls": ["https://github.com/stryker-mutator/stryker-js"],
             "groupName": "stryker-js monorepo",
             "matchUpdateTypes": ["digest", "patch", "minor", "major"]
           },
           {
             "description": [
               "stylex-swc monorepo",
               "Group packages from stylex-swc monorepo together."
             ],
             "matchSourceUrls": ["https://github.com/Dwlad90/stylex-swc-plugin"],
             "groupName": "stylex-swc monorepo",
             "matchUpdateTypes": ["digest", "patch", "minor", "major"]
           },
           {
             "description": [
               "surveyjs monorepo",
               "Group packages from surveyjs monorepo together."
             ],
             "matchSourceUrls": [
               "https://github.com/surveyjs/surveyjs",
               "https://github.com/surveyjs/survey-library",
               "https://github.com/surveyjs/survey-creator"
             ],
             "groupName": "surveyjs monorepo",
             "matchUpdateTypes": ["digest", "patch", "minor", "major"]
           },
           {
             "description": [
               "swashbuckle-aspnetcore monorepo",
               "Group packages from swashbuckle-aspnetcore monorepo together."
             ],
             "matchSourceUrls": [
               "https://github.com/domaindrivendev/Swashbuckle.AspNetCore"
             ],
             "groupName": "swashbuckle-aspnetcore monorepo",
             "matchUpdateTypes": ["digest", "patch", "minor", "major"]
           },
           {
             "description": [
               "system.io.abstractions monorepo",
               "Group packages from system.io.abstractions monorepo together."
             ],
             "matchSourceUrls": [
               "https://github.com/System-IO-Abstractions/System.IO.Abstractions/"
             ],
             "groupName": "system.io.abstractions monorepo",
             "matchUpdateTypes": ["digest", "patch", "minor", "major"]
           },
           {
             "description": [
               "tailwindcss monorepo",
               "Group packages from tailwindcss monorepo together."
             ],
             "matchSourceUrls": ["https://github.com/tailwindlabs/tailwindcss"],
             "groupName": "tailwindcss monorepo",
             "matchUpdateTypes": ["digest", "patch", "minor", "major"]
           },
           {
             "description": [
               "taiga-ui monorepo",
               "Group packages from taiga-ui monorepo together."
             ],
             "matchSourceUrls": ["https://github.com/taiga-family/taiga-ui"],
             "groupName": "taiga-ui monorepo",
             "matchUpdateTypes": ["digest", "patch", "minor", "major"]
           },
           {
             "description": [
               "tamagui monorepo",
               "Group packages from tamagui monorepo together."
             ],
             "matchSourceUrls": ["https://github.com/tamagui/tamagui"],
             "groupName": "tamagui monorepo",
             "matchUpdateTypes": ["digest", "patch", "minor", "major"]
           },
           {
             "description": [
               "tanstack-form monorepo",
               "Group packages from tanstack-form monorepo together."
             ],
             "matchSourceUrls": ["https://github.com/TanStack/form"],
             "groupName": "tanstack-form monorepo",
             "matchUpdateTypes": ["digest", "patch", "minor", "major"]
           },
           {
             "description": [
               "tanstack-query monorepo",
               "Group packages from tanstack-query monorepo together."
             ],
             "matchSourceUrls": ["https://github.com/TanStack/query"],
             "groupName": "tanstack-query monorepo",
             "matchUpdateTypes": ["digest", "patch", "minor", "major"]
           },
           {
             "description": [
               "tanstack-router monorepo",
               "Group packages from tanstack-router monorepo together."
             ],
             "matchSourceUrls": ["https://github.com/TanStack/router"],
             "groupName": "tanstack-router monorepo",
             "matchUpdateTypes": ["digest", "patch", "minor", "major"]
           },
           {
             "description": [
               "tanstack-table monorepo",
               "Group packages from tanstack-table monorepo together."
             ],
             "matchSourceUrls": ["https://github.com/TanStack/table"],
             "groupName": "tanstack-table monorepo",
             "matchUpdateTypes": ["digest", "patch", "minor", "major"]
           },
           {
             "description": [
               "tanstack-virtual monorepo",
               "Group packages from tanstack-virtual monorepo together."
             ],
             "matchSourceUrls": ["https://github.com/TanStack/virtual"],
             "groupName": "tanstack-virtual monorepo",
             "matchUpdateTypes": ["digest", "patch", "minor", "major"]
           },
           {
             "description": [
               "tauri monorepo",
               "Group packages from tauri monorepo together."
             ],
             "matchSourceUrls": ["https://github.com/tauri-apps/tauri"],
             "groupName": "tauri monorepo",
             "matchUpdateTypes": ["digest", "patch", "minor", "major"]
           },
           {
             "description": [
               "telus-tds monorepo",
               "Group packages from telus-tds monorepo together."
             ],
             "matchSourceUrls": ["https://github.com/telusdigital/tds"],
             "groupName": "telus-tds monorepo",
             "matchUpdateTypes": ["digest", "patch", "minor", "major"]
           },
           {
             "description": [
               "telus-tds-core monorepo",
               "Group packages from telus-tds-core monorepo together."
             ],
             "matchSourceUrls": ["https://github.com/telus/tds-core"],
             "groupName": "telus-tds-core monorepo",
             "matchUpdateTypes": ["digest", "patch", "minor", "major"]
           },
           {
             "description": [
               "temporalio-ts monorepo",
               "Group packages from temporalio-ts monorepo together."
             ],
             "matchSourceUrls": ["https://github.com/temporalio/sdk-typescript"],
             "groupName": "temporalio-ts monorepo",
             "matchUpdateTypes": ["digest", "patch", "minor", "major"]
           },
           {
             "description": [
               "terraform monorepo",
               "Group packages from terraform monorepo together."
             ],
             "matchSourceUrls": ["https://github.com/hashicorp/terraform"],
             "groupName": "terraform monorepo",
             "matchUpdateTypes": ["digest", "patch", "minor", "major"]
           },
           {
             "description": [
               "testcontainers-dotnet monorepo",
               "Group packages from testcontainers-dotnet monorepo together."
             ],
             "matchSourceUrls": [
               "https://github.com/testcontainers/testcontainers-dotnet"
             ],
             "groupName": "testcontainers-dotnet monorepo",
             "matchUpdateTypes": ["digest", "patch", "minor", "major"]
           },
           {
             "description": [
               "testcontainers-go monorepo",
               "Group packages from testcontainers-go monorepo together."
             ],
             "matchSourceUrls": [
               "https://github.com/testcontainers/testcontainers-go"
             ],
             "groupName": "testcontainers-go monorepo",
             "matchUpdateTypes": ["digest", "patch", "minor", "major"]
           },
           {
             "description": [
               "testcontainers-java monorepo",
               "Group packages from testcontainers-java monorepo together."
             ],
             "matchSourceUrls": [
               "https://github.com/testcontainers/testcontainers-java"
             ],
             "groupName": "testcontainers-java monorepo",
             "matchUpdateTypes": ["digest", "patch", "minor", "major"]
           },
           {
             "description": [
               "testcontainers-node monorepo",
               "Group packages from testcontainers-node monorepo together."
             ],
             "matchSourceUrls": [
               "https://github.com/testcontainers/testcontainers-node"
             ],
             "groupName": "testcontainers-node monorepo",
             "matchUpdateTypes": ["digest", "patch", "minor", "major"]
           },
           {
             "description": [
               "theme-ui monorepo",
               "Group packages from theme-ui monorepo together."
             ],
             "matchSourceUrls": ["https://github.com/system-ui/theme-ui"],
             "groupName": "theme-ui monorepo",
             "matchUpdateTypes": ["digest", "patch", "minor", "major"]
           },
           {
             "description": [
               "tika monorepo",
               "Group packages from tika monorepo together."
             ],
             "matchSourceUrls": ["https://github.com/apache/tika"],
             "groupName": "tika monorepo",
             "matchUpdateTypes": ["digest", "patch", "minor", "major"]
           },
           {
             "description": [
               "timvir monorepo",
               "Group packages from timvir monorepo together."
             ],
             "matchSourceUrls": ["https://github.com/timvir/timvir"],
             "groupName": "timvir monorepo",
             "matchUpdateTypes": ["digest", "patch", "minor", "major"]
           },
           {
             "description": [
               "tiptap monorepo",
               "Group packages from tiptap monorepo together."
             ],
             "matchSourceUrls": ["https://github.com/ueberdosis/tiptap"],
             "groupName": "tiptap monorepo",
             "matchUpdateTypes": ["digest", "patch", "minor", "major"]
           },
           {
             "description": [
               "tokio-prost monorepo",
               "Group packages from tokio-prost monorepo together."
             ],
             "matchSourceUrls": ["https://github.com/tokio-rs/prost"],
             "groupName": "tokio-prost monorepo",
             "matchUpdateTypes": ["digest", "patch", "minor", "major"]
           },
           {
             "description": [
               "tokio-tracing monorepo",
               "Group packages from tokio-tracing monorepo together."
             ],
             "matchSourceUrls": ["https://github.com/tokio-rs/tracing"],
             "groupName": "tokio-tracing monorepo",
             "matchUpdateTypes": ["digest", "patch", "minor", "major"]
           },
           {
             "description": [
               "tonic monorepo",
               "Group packages from tonic monorepo together."
             ],
             "matchSourceUrls": ["https://github.com/hyperium/tonic"],
             "groupName": "tonic monorepo",
             "matchUpdateTypes": ["digest", "patch", "minor", "major"]
           },
           {
             "description": [
               "treat monorepo",
               "Group packages from treat monorepo together."
             ],
             "matchSourceUrls": ["https://github.com/seek-oss/treat"],
             "groupName": "treat monorepo",
             "matchUpdateTypes": ["digest", "patch", "minor", "major"]
           },
           {
             "description": [
               "trpc monorepo",
               "Group packages from trpc monorepo together."
             ],
             "matchSourceUrls": ["https://github.com/trpc/trpc"],
             "groupName": "trpc monorepo",
             "matchUpdateTypes": ["digest", "patch", "minor", "major"]
           },
           {
             "description": [
               "trust-dns monorepo",
               "Group packages from trust-dns monorepo together."
             ],
             "matchSourceUrls": ["https://github.com/bluejekyll/trust-dns"],
             "groupName": "trust-dns monorepo",
             "matchUpdateTypes": ["digest", "patch", "minor", "major"]
           },
           {
             "description": [
               "tsoa monorepo",
               "Group packages from tsoa monorepo together."
             ],
             "matchSourceUrls": ["https://github.com/lukeautry/tsoa"],
             "groupName": "tsoa monorepo",
             "matchUpdateTypes": ["digest", "patch", "minor", "major"]
           },
           {
             "description": [
               "turbo monorepo",
               "Group packages from turbo monorepo together."
             ],
             "matchSourceUrls": [
               "https://github.com/vercel/turbo",
               "https://github.com/vercel/turborepo"
             ],
             "groupName": "turbo monorepo",
             "matchUpdateTypes": ["digest", "patch", "minor", "major"]
           },
           {
             "description": [
               "turf monorepo",
               "Group packages from turf monorepo together."
             ],
             "matchSourceUrls": ["https://github.com/Turfjs/turf"],
             "groupName": "turf monorepo",
             "matchUpdateTypes": ["digest", "patch", "minor", "major"]
           },
           {
             "description": [
               "typed-signalr monorepo",
               "Group packages from typed-signalr monorepo together."
             ],
             "matchSourceUrls": [
               "https://github.com/nenoNaninu/TypedSignalR.Client.TypeScript"
             ],
             "groupName": "typed-signalr monorepo",
             "matchUpdateTypes": ["digest", "patch", "minor", "major"]
           },
           {
             "description": [
               "typefaces monorepo",
               "Group packages from typefaces monorepo together."
             ],
             "matchSourceUrls": ["https://github.com/KyleAMathews/typefaces"],
             "groupName": "typefaces monorepo",
             "matchUpdateTypes": ["digest", "patch", "minor", "major"]
           },
           {
             "description": [
               "typescript-eslint monorepo",
               "Group packages from typescript-eslint monorepo together."
             ],
             "matchSourceUrls": [
               "https://github.com/typescript-eslint/typescript-eslint"
             ],
             "groupName": "typescript-eslint monorepo",
             "matchUpdateTypes": ["digest", "patch", "minor", "major"]
           },
           {
             "description": [
               "typography-js monorepo",
               "Group packages from typography-js monorepo together."
             ],
             "matchSourceUrls": ["https://github.com/KyleAMathews/typography.js"],
             "groupName": "typography-js monorepo",
             "matchUpdateTypes": ["digest", "patch", "minor", "major"]
           },
           {
             "description": [
               "ui5-webcomponents monorepo",
               "Group packages from ui5-webcomponents monorepo together."
             ],
             "matchSourceUrls": [
               "https://github.com/SAP/ui5-webcomponents",
               "https://github.com/SAP/ui5-webcomponents-react",
               "https://github.com/SAP/ui5-webcomponents-ngx"
             ],
             "groupName": "ui5-webcomponents monorepo",
             "matchUpdateTypes": ["digest", "patch", "minor", "major"]
           },
           {
             "description": [
               "unhead monorepo",
               "Group packages from unhead monorepo together."
             ],
             "matchSourceUrls": ["https://github.com/unjs/unhead"],
             "groupName": "unhead monorepo",
             "matchUpdateTypes": ["digest", "patch", "minor", "major"]
           },
           {
             "description": [
               "unocss monorepo",
               "Group packages from unocss monorepo together."
             ],
             "matchSourceUrls": ["https://github.com/unocss/unocss"],
             "groupName": "unocss monorepo",
             "matchUpdateTypes": ["digest", "patch", "minor", "major"]
           },
           {
             "description": [
               "uppy monorepo",
               "Group packages from uppy monorepo together."
             ],
             "matchSourceUrls": ["https://github.com/transloadit/uppy"],
             "groupName": "uppy monorepo",
             "matchUpdateTypes": ["digest", "patch", "minor", "major"]
           },
           {
             "description": [
               "utoipa monorepo",
               "Group packages from utoipa monorepo together."
             ],
             "matchSourceUrls": ["https://github.com/juhaku/utoipa"],
             "groupName": "utoipa monorepo",
             "matchUpdateTypes": ["digest", "patch", "minor", "major"]
           },
           {
             "description": [
               "vaadin-hilla monorepo",
               "Group packages from vaadin-hilla monorepo together."
             ],
             "matchSourceUrls": ["https://github.com/vaadin/hilla"],
             "groupName": "vaadin-hilla monorepo",
             "matchUpdateTypes": ["digest", "patch", "minor", "major"]
           },
           {
             "description": [
               "vaadinWebComponents monorepo",
               "Group packages from vaadinWebComponents monorepo together."
             ],
             "matchSourceUrls": ["https://github.com/vaadin/web-components"],
             "groupName": "vaadinWebComponents monorepo",
             "matchUpdateTypes": ["digest", "patch", "minor", "major"]
           },
           {
             "description": [
               "vanilla-extract monorepo",
               "Group packages from vanilla-extract monorepo together."
             ],
             "matchSourceUrls": [
               "https://github.com/vanilla-extract-css/vanilla-extract"
             ],
             "groupName": "vanilla-extract monorepo",
             "matchUpdateTypes": ["digest", "patch", "minor", "major"]
           },
           {
             "description": [
               "visx monorepo",
               "Group packages from visx monorepo together."
             ],
             "matchSourceUrls": ["https://github.com/airbnb/visx"],
             "groupName": "visx monorepo",
             "matchUpdateTypes": ["digest", "patch", "minor", "major"]
           },
           {
             "description": [
               "vitest monorepo",
               "Group packages from vitest monorepo together."
             ],
             "matchSourceUrls": ["https://github.com/vitest-dev/vitest"],
             "groupName": "vitest monorepo",
             "matchUpdateTypes": ["digest", "patch", "minor", "major"]
           },
           {
             "description": [
               "vstest monorepo",
               "Group packages from vstest monorepo together."
             ],
             "matchSourceUrls": ["https://github.com/microsoft/vstest"],
             "groupName": "vstest monorepo",
             "matchUpdateTypes": ["digest", "patch", "minor", "major"]
           },
           {
             "description": [
               "vue monorepo",
               "Group packages from vue monorepo together."
             ],
             "matchSourceUrls": [
               "https://github.com/vuejs/vue",
               "https://github.com/vuejs/core"
             ],
             "groupName": "vue monorepo",
             "matchUpdateTypes": ["digest", "patch", "minor", "major"]
           },
           {
             "description": [
               "vue-cli monorepo",
               "Group packages from vue-cli monorepo together."
             ],
             "matchSourceUrls": ["https://github.com/vuejs/vue-cli"],
             "groupName": "vue-cli monorepo",
             "matchUpdateTypes": ["digest", "patch", "minor", "major"]
           },
           {
             "description": [
               "vuepress monorepo",
               "Group packages from vuepress monorepo together."
             ],
             "matchSourceUrls": ["https://github.com/vuejs/vuepress"],
             "groupName": "vuepress monorepo",
             "matchUpdateTypes": ["digest", "patch", "minor", "major"]
           },
           {
             "description": [
               "vueuse monorepo",
               "Group packages from vueuse monorepo together."
             ],
             "matchSourceUrls": ["https://github.com/vueuse/vueuse"],
             "groupName": "vueuse monorepo",
             "matchUpdateTypes": ["digest", "patch", "minor", "major"]
           },
           {
             "description": [
               "weasel monorepo",
               "Group packages from weasel monorepo together."
             ],
             "matchSourceUrls": ["https://github.com/JasperFx/weasel"],
             "groupName": "weasel monorepo",
             "matchUpdateTypes": ["digest", "patch", "minor", "major"]
           },
           {
             "description": [
               "web3-react monorepo",
               "Group packages from web3-react monorepo together."
             ],
             "matchSourceUrls": ["https://github.com/Uniswap/web3-react"],
             "groupName": "web3-react monorepo",
             "matchUpdateTypes": ["digest", "patch", "minor", "major"]
           },
           {
             "description": [
               "webdriverio monorepo",
               "Group packages from webdriverio monorepo together."
             ],
             "matchSourceUrls": ["https://github.com/webdriverio/webdriverio"],
             "groupName": "webdriverio monorepo",
             "matchUpdateTypes": ["digest", "patch", "minor", "major"]
           },
           {
             "description": [
               "wolverine monorepo",
               "Group packages from wolverine monorepo together."
             ],
             "matchSourceUrls": ["https://github.com/jasperfx/wolverine"],
             "groupName": "wolverine monorepo",
             "matchUpdateTypes": ["digest", "patch", "minor", "major"]
           },
           {
             "description": [
               "workbox monorepo",
               "Group packages from workbox monorepo together."
             ],
             "matchSourceUrls": ["https://github.com/googlechrome/workbox"],
             "groupName": "workbox monorepo",
             "matchUpdateTypes": ["digest", "patch", "minor", "major"]
           },
           {
             "description": [
               "wyw-in-js monorepo",
               "Group packages from wyw-in-js monorepo together."
             ],
             "matchSourceUrls": ["https://github.com/Anber/wyw-in-js"],
             "groupName": "wyw-in-js monorepo",
             "matchUpdateTypes": ["digest", "patch", "minor", "major"]
           },
           {
             "description": [
               "xstate monorepo",
               "Group packages from xstate monorepo together."
             ],
             "matchSourceUrls": ["https://github.com/statelyai/xstate"],
             "groupName": "xstate monorepo",
             "matchUpdateTypes": ["digest", "patch", "minor", "major"]
           },
           {
             "description": [
               "xterm monorepo",
               "Group packages from xterm monorepo together."
             ],
             "matchSourceUrls": ["https://github.com/xtermjs/xterm.js"],
             "groupName": "xterm monorepo",
             "matchUpdateTypes": ["digest", "patch", "minor", "major"]
           },
           {
             "description": [
               "xunit-dotnet monorepo",
               "Group packages from xunit-dotnet monorepo together."
             ],
             "matchSourceUrls": [
               "https://github.com/xunit/assert.xunit",
               "https://github.com/xunit/visualstudio.xunit",
               "https://github.com/xunit/xunit",
               "https://github.com/xunit/xunit.analyzers"
             ],
             "groupName": "xunit-dotnet monorepo",
             "matchUpdateTypes": ["digest", "patch", "minor", "major"]
           },
           {
             "description": [
               "yarn monorepo",
               "Group packages from yarn monorepo together."
             ],
             "matchSourceUrls": ["https://github.com/yarnpkg/berry"],
             "groupName": "yarn monorepo",
             "matchUpdateTypes": ["digest", "patch", "minor", "major"]
           },
           {
             "description": [
               "zag-js monorepo",
               "Group packages from zag-js monorepo together."
             ],
             "matchSourceUrls": ["https://github.com/chakra-ui/zag"],
             "groupName": "zag-js monorepo",
             "matchUpdateTypes": ["digest", "patch", "minor", "major"]
           },
           {
             "description": [
               "zxing-net monorepo",
               "Group packages from zxing-net monorepo together."
             ],
             "matchSourceUrls": ["https://github.com/micjahn/ZXing.Net"],
             "groupName": "zxing-net monorepo",
             "matchUpdateTypes": ["digest", "patch", "minor", "major"]
           },
           {
             "description": [
               "hapijs monorepo",
               "Group packages from hapijs monorepo together."
             ],
             "matchSourceUrls": ["https://github.com/hapijs/**"],
             "groupName": "hapijs monorepo",
             "matchUpdateTypes": ["digest", "patch", "minor", "major"]
           },
           {
             "description": [
               "lodash monorepo",
               "Group packages from lodash monorepo together."
             ],
             "matchSourceUrls": ["https://github.com/lodash/**"],
             "groupName": "lodash monorepo",
             "matchUpdateTypes": ["digest", "patch", "minor", "major"]
           },
           {
             "description": [
               "ngrx monorepo",
               "Group packages from ngrx monorepo together."
             ],
             "matchSourceUrls": ["https://github.com/ngrx/**"],
             "groupName": "ngrx monorepo",
             "matchUpdateTypes": ["digest", "patch", "minor", "major"]
           },
           {
             "description": [
               "nx monorepo",
               "Group packages from nx monorepo together."
             ],
             "matchSourceUrls": ["https://github.com/nrwl/nx**"],
             "groupName": "nx monorepo",
             "matchUpdateTypes": ["digest", "patch", "minor", "major"]
           },
           {
             "description": [
               "octokit monorepo",
               "Group packages from octokit monorepo together."
             ],
             "matchSourceUrls": ["https://github.com/octokit/**"],
             "groupName": "octokit monorepo",
             "matchUpdateTypes": ["digest", "patch", "minor", "major"]
           },
           {
             "description": [
               "php-enqueue monorepo",
               "Group packages from php-enqueue monorepo together."
             ],
             "matchSourceUrls": ["https://github.com/php-enqueue/**"],
             "groupName": "php-enqueue monorepo",
             "matchUpdateTypes": ["digest", "patch", "minor", "major"]
           },
           {
             "description": [
               "semantic-release monorepo",
               "Group packages from semantic-release monorepo together."
             ],
             "matchSourceUrls": ["https://github.com/semantic-release/**"],
             "groupName": "semantic-release monorepo",
             "matchUpdateTypes": ["digest", "patch", "minor", "major"]
           },
           {
             "description": [
               "swc monorepo",
               "Group packages from swc monorepo together."
             ],
             "matchSourceUrls": ["https://github.com/swc-project/**"],
             "groupName": "swc monorepo",
             "matchUpdateTypes": ["digest", "patch", "minor", "major"]
           },
           {
             "description": [
               "twig monorepo",
               "Group packages from twig monorepo together."
             ],
             "matchSourceUrls": ["https://github.com/twigphp/**"],
             "groupName": "twig monorepo",
             "matchUpdateTypes": ["digest", "patch", "minor", "major"]
           },
           {
             "matchPackageNames": ["/^@angular/material/", "/^@angular/cdk/"],
             "description": ["Group packages from angularmaterial monorepo together."],
             "groupName": "angularmaterial monorepo",
             "matchUpdateTypes": ["digest", "patch", "minor", "major"]
           },
           {
             "matchPackageNames": ["/^org.apache.camel:/"],
             "description": ["Group packages from apache-camel monorepo together."],
             "groupName": "apache-camel monorepo",
             "matchUpdateTypes": ["digest", "patch", "minor", "major"]
           },
           {
             "matchPackageNames": ["/^org.apache.poi:/"],
             "description": ["Group packages from apache-poi monorepo together."],
             "groupName": "apache-poi monorepo",
             "matchUpdateTypes": ["digest", "patch", "minor", "major"]
           },
           {
             "matchPackageNames": ["/^com.amazonaws:aws-java-sdk-/"],
             "description": ["Group packages from aws-java-sdk monorepo together."],
             "groupName": "aws-java-sdk monorepo",
             "matchUpdateTypes": ["digest", "patch", "minor", "major"]
           },
           {
             "matchPackageNames": ["/^software.amazon.awssdk:/"],
             "description": ["Group packages from aws-java-sdk-v2 monorepo together."],
             "groupName": "aws-java-sdk-v2 monorepo",
             "matchUpdateTypes": ["digest", "patch", "minor", "major"]
           },
           {
             "matchPackageNames": ["/^org.apache.axis2:/"],
             "description": ["Group packages from axis2 monorepo together."],
             "groupName": "axis2 monorepo",
             "matchUpdateTypes": ["digest", "patch", "minor", "major"]
           },
           {
             "matchPackageNames": ["/^babel6$/"],
             "description": ["Group packages from babel6 monorepo together."],
             "groupName": "babel6 monorepo",
             "matchUpdateTypes": ["digest", "patch", "minor", "major"]
           },
           {
             "matchPackageNames": ["/^@embroider//"],
             "description": ["Group packages from embroider monorepo together."],
             "groupName": "embroider monorepo",
             "matchUpdateTypes": ["digest", "patch", "minor", "major"]
           },
           {
             "matchPackageNames": ["/^@forge//"],
             "description": ["Group packages from forge monorepo together."],
             "groupName": "forge monorepo",
             "matchUpdateTypes": ["digest", "patch", "minor", "major"]
           },
           {
             "matchPackageNames": ["/^@fullcalendar//"],
             "description": ["Group packages from fullcalendar monorepo together."],
             "groupName": "fullcalendar monorepo",
             "matchUpdateTypes": ["digest", "patch", "minor", "major"]
           },
           {
             "matchPackageNames": ["/^HotChocolate\\./"],
             "description": ["Group packages from hotchocolate monorepo together."],
             "groupName": "hotchocolate monorepo",
             "matchUpdateTypes": ["digest", "patch", "minor", "major"]
           },
           {
             "matchPackageNames": [
               "/^com.oracle.database.jdbc:/",
               "/^com.oracle.database.nls:/"
             ],
             "description": ["Group packages from oracle-database monorepo together."],
             "groupName": "oracle-database monorepo",
             "matchUpdateTypes": ["digest", "patch", "minor", "major"]
           },
           {
             "matchPackageNames": ["/^io.prometheus:simpleclient/"],
             "description": [
               "Group packages from prometheus-simpleclient monorepo together."
             ],
             "groupName": "prometheus-simpleclient monorepo",
             "matchUpdateTypes": ["digest", "patch", "minor", "major"]
           },
           {
             "matchPackageNames": ["/^russh$/", "/^russh-keys$/"],
             "description": ["Group packages from russh monorepo together."],
             "groupName": "russh monorepo",
             "matchUpdateTypes": ["digest", "patch", "minor", "major"]
           },
           {
             "matchPackageNames": [
               "/^@microsoft/sp-/",
               "/^@microsoft/eslint-.+-spfx$/"
             ],
             "description": ["Group packages from spfx monorepo together."],
             "groupName": "spfx monorepo",
             "matchUpdateTypes": ["digest", "patch", "minor", "major"]
           },
           {
             "matchPackageNames": ["/^org\\.spockframework:spock-/"],
             "description": ["Group packages from spock monorepo together."],
             "groupName": "spock monorepo",
             "matchUpdateTypes": ["digest", "patch", "minor", "major"]
           },
           {
             "matchPackageNames": ["/^Syncfusion\\./"],
             "description": [
               "Group packages from syncfusion-dotnet monorepo together."
             ],
             "groupName": "syncfusion-dotnet monorepo",
             "matchUpdateTypes": ["digest", "patch", "minor", "major"]
           },
           {
             "matchPackageNames": ["/^@testing-library//"],
             "description": ["Group packages from testing-library monorepo together."],
             "groupName": "testing-library monorepo",
             "matchUpdateTypes": ["digest", "patch", "minor", "major"]
           },
           {
             "matchPackageNames": ["/^@wordpress/"],
             "description": ["Group packages from wordpress monorepo together."],
             "groupName": "wordpress monorepo",
             "matchUpdateTypes": ["digest", "patch", "minor", "major"]
           },
           {
             "commitMessageTopic": "Node.js",
             "matchDatasources": ["docker", "node-version"],
             "matchPackageNames": [
               "/(?:^|/)node$/",
               "!calico/node",
               "!docker.io/calico/node",
               "!ghcr.io/devcontainers/features/node",
               "!kindest/node"
             ]
           },
           {
             "description": ["All packages published by Apollo GraphQL."],
             "matchSourceUrls": ["https://github.com/apollographql/**"],
             "groupName": "Apollo GraphQL packages"
           },
           {
             "groupName": "api-platform packages",
             "groupSlug": "api-platform",
             "matchDatasources": ["packagist"],
             "matchPackageNames": [
               "api-platform/*",
               "!api-platform/admin-meta",
               "!api-platform/admin-pack",
               "!api-platform/api-pack",
               "!api-platform/api-platform",
               "!api-platform/parameter-validator",
               "!api-platform/postman-collection-generator",
               "!api-platform/schema-generator"
             ]
           },
           {"groupName": "CodeMirror", "matchPackageNames": ["@codemirror/**"]},
           {
             "groupName": "flyway",
             "matchPackageNames": ["org.flywaydb:*", "org.flywaydb.flyway:*"]
           },
           {"groupName": "Font Awesome", "matchPackageNames": ["@fortawesome/**"]},
           {
             "groupName": "Fusion.js packages",
             "matchPackageNames": [
               "fusion-cli",
               "fusion-core",
               "fusion-test-utils",
               "fusion-tokens",
               "fusion-plugin-**",
               "fusion-react**",
               "fusion-apollo**"
             ]
           },
           {
             "groupName": "GitHub Artifact Actions",
             "matchManagers": ["github-actions"],
             "matchPackageNames": [
               "actions/download-artifact",
               "actions/upload-artifact"
             ],
             "matchUpdateTypes": ["major"]
           },
           {
             "groupName": "Glimmer.js packages",
             "groupSlug": "glimmer",
             "matchPackageNames": ["@glimmer/component", "@glimmer/tracking"]
           },
           {
             "groupName": "go-openapi packages",
             "groupSlug": "go-openapi",
             "matchDatasources": ["go"],
             "matchPackageNames": ["github.com/go-openapi/**"]
           },
           {
             "commitMessageTopic": "Gradle",
             "matchDatasources": ["docker", "gradle-version"],
             "matchPackageNames": ["/(?:^|/)gradle$/"]
           },
           {"groupName": "hibernate core", "matchPackageNames": ["org.hibernate:**"]},
           {
             "groupName": "hibernate validator",
             "matchPackageNames": ["org.hibernate.validator:**"]
           },
           {
             "groupName": "hibernate ogm",
             "matchPackageNames": ["org.hibernate.ogm:**"]
           },
           {
             "groupName": "hibernate commons",
             "matchPackageNames": ["org.hibernate.common:**"]
           },
           {
             "groupName": "illuminate packages",
             "groupSlug": "illuminate",
             "matchPackageNames": ["illuminate/**"]
           },
           {
             "groupName": "jekyll ecosystem packages",
             "matchSourceUrls": [
               "https://github.com/jekyll/**",
               "https://github.com/github/pages-gem**"
             ]
           },
           {
             "groupName": "jest monorepo",
             "matchSourceUrls": ["https://github.com/kulshekhar/ts-jest"],
             "matchUpdateTypes": ["major"]
           },
           {
             "groupName": "jest monorepo",
             "matchPackageNames": ["@types/jest"],
             "matchUpdateTypes": ["digest", "patch", "minor", "major"]
           },
           {
             "groupName": "JWT Framework packages",
             "matchDatasources": ["packagist"],
             "matchPackageNames": ["web-token/**"]
           },
           {
             "groupName": "kubernetes packages",
             "groupSlug": "kubernetes-go",
             "matchDatasources": ["go"],
             "matchPackageNames": [
               "k8s.io/api**",
               "k8s.io/apiextensions-apiserver**",
               "k8s.io/apimachinery**",
               "k8s.io/apiserver**",
               "k8s.io/cli-runtime**",
               "k8s.io/client-go**",
               "k8s.io/cloud-provider**",
               "k8s.io/cluster-bootstrap**",
               "k8s.io/code-generator**",
               "k8s.io/component-base**",
               "k8s.io/component-helpers**",
               "k8s.io/controller-manager**",
               "k8s.io/cri-api**",
               "k8s.io/csi-translation-lib**",
               "k8s.io/kube-aggregator**",
               "k8s.io/kube-controller-manager**",
               "k8s.io/kube-proxy**",
               "k8s.io/kube-scheduler**",
               "k8s.io/kubectl**",
               "k8s.io/kubelet**",
               "k8s.io/legacy-cloud-providers**",
               "k8s.io/metrics**",
               "k8s.io/mount-utils**",
               "k8s.io/pod-security-admission**",
               "k8s.io/sample-apiserver**",
               "k8s.io/sample-cli-plugin**",
               "k8s.io/sample-controller**"
             ]
           },
           {
             "groupName": "micrometer",
             "matchPackageNames": ["io.micrometer:micrometer-**"]
           },
           {
             "groupName": "PHPStan packages",
             "matchDatasources": ["packagist"],
             "matchPackageNames": [
               "phpstan/phpstan",
               "//phpstan-/",
               "//larastan/",
               "phpstan/extension-installer"
             ]
           },
           {"groupName": "polymer packages", "matchPackageNames": ["@polymer/**"]},
           {
             "groupName": "Puppeteer",
             "matchDatasources": ["npm"],
             "matchPackageNames": ["puppeteer", "puppeteer-core"]
           },
           {
             "groupName": "react monorepo",
             "matchPackageNames": [
               "@types/react",
               "@types/react-dom",
               "@types/react-is"
             ]
           },
           {
             "groupName": "remark",
             "matchDatasources": ["npm"],
             "matchSourceUrls": ["https://github.com/remarkjs/**"]
           },
           {
             "groupName": "resilience4j",
             "matchPackageNames": ["io.github.resilience4j:**"]
           },
           {
             "groupName": "Ruby on Rails packages",
             "matchDatasources": ["rubygems"],
             "matchPackageNames": [
               "actioncable",
               "actionmailbox",
               "actionmailer",
               "actionpack",
               "actiontext",
               "actionview",
               "activejob",
               "activemodel",
               "activerecord",
               "activestorage",
               "activesupport",
               "railties",
               "rails"
             ]
           },
           {
             "groupName": "omniauth packages",
             "matchDatasources": ["rubygems"],
             "matchPackageNames": ["omniauth**"]
           },
           {"groupName": "socket.io packages", "matchPackageNames": ["socket.io**"]},
           {
             "groupName": "spring amqp",
             "matchPackageNames": ["org.springframework.amqp:**"]
           },
           {
             "groupName": "spring android",
             "matchPackageNames": ["org.springframework.android:**"]
           },
           {
             "groupName": "spring batch",
             "matchPackageNames": ["org.springframework.batch:**"]
           },
           {"groupName": "spring boot", "matchDepNames": ["org.springframework.boot"]},
           {
             "groupName": "spring boot",
             "matchPackageNames": ["org.springframework.boot:**"]
           },
           {
             "groupName": "spring cloud",
             "matchPackageNames": ["org.springframework.cloud:**"]
           },
           {
             "groupName": "spring core",
             "matchPackageNames": ["org.springframework:**"]
           },
           {
             "groupName": "spring data",
             "matchPackageNames": ["org.springframework.data:**"]
           },
           {
             "groupName": "spring hateoas",
             "matchPackageNames": ["org.springframework.hateoas:**"]
           },
           {
             "groupName": "spring integration",
             "matchPackageNames": ["org.springframework.integration:**"]
           },
           {
             "groupName": "spring kafka",
             "matchPackageNames": ["org.springframework.kafka:**"]
           },
           {
             "groupName": "spring ldap",
             "matchPackageNames": ["org.springframework.ldap:**"]
           },
           {
             "groupName": "spring mobile",
             "matchPackageNames": ["org.springframework.mobile:**"]
           },
           {
             "groupName": "spring osgi",
             "matchPackageNames": ["org.springframework.osgi:**"]
           },
           {
             "groupName": "spring restdocs",
             "matchPackageNames": ["org.springframework.restdocs:**"]
           },
           {
             "groupName": "spring roo",
             "matchPackageNames": ["org.springframework.roo:**"]
           },
           {
             "groupName": "spring scala",
             "matchPackageNames": ["org.springframework.scala:**"]
           },
           {
             "groupName": "spring security",
             "matchPackageNames": ["org.springframework.security:**"]
           },
           {
             "groupName": "spring session",
             "matchPackageNames": ["org.springframework.session:**"]
           },
           {
             "groupName": "spring shell",
             "matchPackageNames": ["org.springframework.shell:**"]
           },
           {
             "groupName": "spring social",
             "matchPackageNames": ["org.springframework.social:**"]
           },
           {
             "groupName": "spring statemachine",
             "matchPackageNames": ["org.springframework.statemachine:**"]
           },
           {
             "groupName": "spring webflow",
             "matchPackageNames": ["org.springframework.webflow:**"]
           },
           {
             "groupName": "spring ws",
             "matchPackageNames": ["org.springframework.ws:**"]
           },
           {
             "groupName": "symfony packages",
             "groupSlug": "symfony",
             "matchDatasources": ["packagist"],
             "matchPackageNames": [
               "symfony/*",
               "!symfony/*contracts",
               "!symfony/*pack",
               "!symfony/flex",
               "!symfony/maker-bundle",
               "!symfony/monolog-bundle",
               "!symfony/panther",
               "!symfony/polyfill*",
               "!symfony/proxy-manager-bridge",
               "!symfony/security-guard",
               "!symfony/stimulus-bundle",
               "!symfony/templating",
               "!symfony/thanks",
               "!symfony/ux*",
               "!symfony/webpack-encore-bundle"
             ]
           },
           {
             "matchDatasources": [
               "go",
               "maven",
               "npm",
               "nuget",
               "packagist",
               "pypi",
               "rubygems"
             ],
             "matchUpdateTypes": ["patch", "minor", "major"],
             "prBodyColumns": ["Package", "Change", "Age", "Confidence"]
           },
           {
             "matchCurrentVersion": "^2",
             "matchDatasources": ["npm"],
             "matchPackageNames": ["airbnb-prop-types"],
             "replacementName": "prop-types-tools",
             "replacementVersion": "2.17.0"
           },
           {
             "matchCurrentVersion": ">=3.10.3",
             "matchDatasources": ["npm"],
             "matchPackageNames": [
               "apollo-server",
               "apollo-server-core",
               "apollo-server-express"
             ],
             "replacementName": "@apollo/server",
             "replacementVersion": "4.0.0"
           },
           {
             "matchCurrentVersion": ">=3.3.1",
             "matchDatasources": ["npm"],
             "matchPackageNames": ["apollo-server-errors"],
             "replacementName": "@apollo/server",
             "replacementVersion": "4.0.0"
           },
           {
             "matchCurrentVersion": ">=3.6.3",
             "matchDatasources": ["npm"],
             "matchPackageNames": ["apollo-server-types", "apollo-server-plugin-base"],
             "replacementName": "@apollo/server",
             "replacementVersion": "4.0.0"
           },
           {
             "matchCurrentVersion": ">=3.7.0",
             "matchDatasources": ["npm"],
             "matchPackageNames": ["apollo-datasource-rest"],
             "replacementName": "@apollo/datasource-rest",
             "replacementVersion": "4.0.0"
           },
           {
             "matchCurrentVersion": ">=3.7.1",
             "matchDatasources": ["npm"],
             "matchPackageNames": ["apollo-server-plugin-response-cache"],
             "replacementName": "@apollo/server-plugin-response-cache",
             "replacementVersion": "4.0.0"
           },
           {
             "matchCurrentVersion": ">=3.5.1",
             "matchDatasources": ["npm"],
             "matchPackageNames": ["apollo-server-plugin-operation-registry"],
             "replacementName": "@apollo/server-plugin-operation-registry",
             "replacementVersion": "3.5.6"
           },
           {
             "matchCurrentVersion": ">=3.3.3",
             "matchDatasources": ["npm"],
             "matchPackageNames": ["apollo-reporting-protobuf"],
             "replacementName": "@apollo/usage-reporting-protobuf",
             "replacementVersion": "4.0.0"
           },
           {
             "matchCurrentVersion": ">=7.11.0",
             "matchDatasources": ["npm"],
             "matchPackageNames": ["babel-eslint"],
             "replacementName": "@babel/eslint-parser",
             "replacementVersion": "7.11.0"
           },
           {
             "description": [
               "Replace `containerbase/(buildpack|base)` and `renovate/buildpack` with `ghcr.io/containerbase/base`."
             ],
             "matchDatasources": ["docker"],
             "matchPackageNames": [
               "/^(?:docker\\.io/)?containerbase/(?:buildpack|base)$/",
               "/^ghcr\\.io/containerbase/buildpack$/",
               "/^(?:docker\\.io/)?renovate/buildpack$/"
             ],
             "replacementName": "ghcr.io/containerbase/base"
           },
           {
             "description": [
               "Replace `containerbase/node` and `renovate/node` with `ghcr.io/containerbase/node`."
             ],
             "matchDatasources": ["docker"],
             "matchPackageNames": [
               "/^(?:docker\\.io/)?(?:containerbase|renovate)/node$/"
             ],
             "replacementName": "ghcr.io/containerbase/node"
           },
           {
             "description": [
               "Replace `containerbase/sidecar` and `renovate/sidecar` with `ghcr.io/containerbase/sidecar`."
             ],
             "matchDatasources": ["docker"],
             "matchPackageNames": [
               "/^(?:docker\\.io/)?(?:containerbase|renovate)/sidecar$/"
             ],
             "replacementName": "ghcr.io/containerbase/sidecar"
           },
           {
             "description": [
               "Replace `renovatebot/internal-tools` with `containerbase/internal-tools`."
             ],
             "matchDatasources": ["github-tags"],
             "matchPackageNames": ["renovatebot/internal-tools"],
             "replacementName": "containerbase/internal-tools"
           },
           {
             "description": ["Replace `renovate` `slim` docker tag with `latest`."],
             "matchCurrentValue": "/^slim$/",
             "matchDatasources": ["docker"],
             "matchPackageNames": [
               "ghcr.io/renovatebot/renovate",
               "/^(?:docker\\.io/)?renovate/renovate$/"
             ],
             "replacementVersion": "latest"
           },
           {
             "description": ["Remove `renovate` `-slim` docker tag suffix."],
             "extractVersion": "^(?<version>.+)-slim$",
             "matchCurrentValue": "/-slim$/",
             "matchDatasources": ["docker"],
             "matchPackageNames": [
               "ghcr.io/renovatebot/renovate",
               "/^(?:docker\\.io/)?renovate/renovate$/"
             ],
             "versioning": "semver"
           },
           {
             "matchDatasources": ["npm"],
             "matchPackageNames": ["cpx"],
             "replacementName": "cpx2",
             "replacementVersion": "2.0.0"
           },
           {
             "matchDatasources": ["npm"],
             "matchPackageNames": ["cucumber"],
             "replacementName": "@cucumber/cucumber",
             "replacementVersion": "7.0.0"
           },
           {
             "matchDatasources": ["docker"],
             "matchPackageNames": ["docker/compose"],
             "matchCurrentValue": "/^((debian|alpine)-)?1\\.29\\.2$/",
             "replacementName": "docker",
             "replacementVersion": "23.0.0-cli"
           },
           {
             "matchCurrentVersion": "^43.0.1",
             "matchDatasources": ["npm"],
             "matchPackageNames": ["eslint-config-standard-with-typescript"],
             "replacementName": "eslint-config-love",
             "replacementVersion": "43.1.0"
           },
           {
             "matchDatasources": ["npm"],
             "matchPackageNames": ["eslint-plugin-eslint-comments"],
             "matchCurrentVersion": "^3.2.0",
             "replacementName": "@eslint-community/eslint-plugin-eslint-comments",
             "replacementVersion": "3.2.0"
           },
           {
             "matchCurrentVersion": "^11.1.0",
             "matchDatasources": ["npm"],
             "matchPackageNames": ["eslint-plugin-node"],
             "replacementName": "eslint-plugin-n",
             "replacementVersion": "14.0.0"
           },
           {
             "matchCurrentVersion": ">=0.5.4",
             "matchDatasources": ["npm"],
             "matchPackageNames": ["eslint-plugin-vitest"],
             "replacementName": "@vitest/eslint-plugin",
             "replacementVersion": "1.0.1"
           },
           {
             "matchCurrentVersion": ">=5.0.0",
             "matchDatasources": ["npm"],
             "matchPackageNames": ["faker"],
             "replacementName": "@faker-js/faker",
             "replacementVersion": "5.5.3"
           },
           {
             "matchCurrentVersion": ">=4.0.0 <5.0.0",
             "matchDatasources": ["npm"],
             "matchPackageNames": ["faker"],
             "replacementName": "@faker-js/faker",
             "replacementVersion": "4.1.0"
           },
           {
             "matchCurrentVersion": ">=3.0.0 <4.0.0",
             "matchDatasources": ["npm"],
             "matchPackageNames": ["faker"],
             "replacementName": "@faker-js/faker",
             "replacementVersion": "3.1.0"
           },
           {
             "matchCurrentVersion": ">=2.0.0 <3.0.0",
             "matchDatasources": ["npm"],
             "matchPackageNames": ["faker"],
             "replacementName": "@faker-js/faker",
             "replacementVersion": "2.1.5"
           },
           {
             "matchCurrentVersion": "<2.0.0",
             "matchDatasources": ["npm"],
             "matchPackageNames": ["faker"],
             "replacementName": "@faker-js/faker",
             "replacementVersion": "1.1.0"
           },
           {
             "matchCurrentVersion": ">=3.3.0 <4.0.0",
             "matchDatasources": ["npm"],
             "matchPackageNames": ["fastify-accepts-serializer"],
             "replacementName": "@fastify/accepts-serializer",
             "replacementVersion": "4.0.0"
           },
           {
             "matchCurrentVersion": ">=2.3.0 <3.0.0",
             "matchDatasources": ["npm"],
             "matchPackageNames": ["fastify-accepts"],
             "replacementName": "@fastify/accepts",
             "replacementVersion": "3.0.0"
           },
           {
             "matchCurrentVersion": ">=1.2.0 <2.0.0",
             "matchDatasources": ["npm"],
             "matchPackageNames": ["fastify-auth"],
             "replacementName": "@fastify/auth",
             "replacementVersion": "2.0.0"
           },
           {
             "matchCurrentVersion": ">=3.13.0 <4.0.0",
             "matchDatasources": ["npm"],
             "matchPackageNames": ["fastify-autoload"],
             "replacementName": "@fastify/autoload",
             "replacementVersion": "4.0.0"
           },
           {
             "matchCurrentVersion": ">=1.3.0 <2.0.0",
             "matchDatasources": ["npm"],
             "matchPackageNames": ["fastify-awilix"],
             "replacementName": "@fastify/awilix",
             "replacementVersion": "2.0.0"
           },
           {
             "matchCurrentVersion": ">=2.3.0 <3.0.0",
             "matchDatasources": ["npm"],
             "matchPackageNames": ["fastify-basic-auth"],
             "replacementName": "@fastify/basic-auth",
             "replacementVersion": "3.0.0"
           },
           {
             "matchCurrentVersion": ">=6.3.0 <7.0.0",
             "matchDatasources": ["npm"],
             "matchPackageNames": ["fastify-bearer-auth"],
             "replacementName": "@fastify/bearer-auth",
             "replacementVersion": "7.0.0"
           },
           {
             "matchCurrentVersion": ">=6.3.0 <7.0.0",
             "matchDatasources": ["npm"],
             "matchPackageNames": ["fastify-caching"],
             "replacementName": "@fastify/caching",
             "replacementVersion": "7.0.0"
           },
           {
             "matchCurrentVersion": ">=1.2.0 <2.0.0",
             "matchDatasources": ["npm"],
             "matchPackageNames": ["fastify-circuit-breaker"],
             "replacementName": "@fastify/circuit-breaker",
             "replacementVersion": "2.0.0"
           },
           {
             "matchCurrentVersion": ">=4.1.0 <5.0.0",
             "matchDatasources": ["npm"],
             "matchPackageNames": ["fastify-compress"],
             "replacementName": "@fastify/compress",
             "replacementVersion": "5.0.0"
           },
           {
             "matchCurrentVersion": ">=5.7.0 <6.0.0",
             "matchDatasources": ["npm"],
             "matchPackageNames": ["fastify-cookie"],
             "replacementName": "@fastify/cookie",
             "replacementVersion": "6.0.0"
           },
           {
             "matchCurrentVersion": ">=6.1.0 <7.0.0",
             "matchDatasources": ["npm"],
             "matchPackageNames": ["fastify-cors"],
             "replacementName": "@fastify/cors",
             "replacementVersion": "7.0.0"
           },
           {
             "matchCurrentVersion": ">=1.1.0 <2.0.0",
             "matchDatasources": ["npm"],
             "matchPackageNames": ["fastify-diagnostics-channel"],
             "replacementName": "@fastify/diagnostics-channel",
             "replacementVersion": "2.0.0"
           },
           {
             "matchCurrentVersion": ">=1.2.0 <2.0.0",
             "matchDatasources": ["npm"],
             "matchPackageNames": ["fastify-elasticsearch"],
             "replacementName": "@fastify/elasticsearch",
             "replacementVersion": "2.0.0"
           },
           {
             "matchCurrentVersion": ">=2.2.0 <3.0.0",
             "matchDatasources": ["npm"],
             "matchPackageNames": ["fastify-env"],
             "replacementName": "@fastify/env",
             "replacementVersion": "3.0.0"
           },
           {
             "matchCurrentVersion": ">=1.2.0 <2.0.0",
             "matchDatasources": ["npm"],
             "matchPackageNames": ["fastify-error"],
             "replacementName": "@fastify/error",
             "replacementVersion": "2.0.0"
           },
           {
             "matchCurrentVersion": ">=2.2.0 <3.0.0",
             "matchDatasources": ["npm"],
             "matchPackageNames": ["fastify-etag"],
             "replacementName": "@fastify/etag",
             "replacementVersion": "3.0.0"
           },
           {
             "matchCurrentVersion": ">=0.4.0 <1.0.0",
             "matchDatasources": ["npm"],
             "matchPackageNames": ["fastify-express"],
             "replacementName": "@fastify/express",
             "replacementVersion": "1.0.0"
           },
           {
             "matchCurrentVersion": ">=3.1.0 <4.0.0",
             "matchDatasources": ["npm"],
             "matchPackageNames": ["fastify-flash"],
             "replacementName": "@fastify/flash",
             "replacementVersion": "4.0.0"
           },
           {
             "matchCurrentVersion": ">=5.3.0 <6.0.0",
             "matchDatasources": ["npm"],
             "matchPackageNames": ["fastify-formbody"],
             "replacementName": "@fastify/formbody",
             "replacementVersion": "6.0.0"
           },
           {
             "matchCurrentVersion": ">=1.1.0 <2.0.0",
             "matchDatasources": ["npm"],
             "matchPackageNames": ["fastify-funky"],
             "replacementName": "@fastify/funky",
             "replacementVersion": "2.0.0"
           },
           {
             "matchCurrentVersion": ">=7.1.0 <8.0.0",
             "matchDatasources": ["npm"],
             "matchPackageNames": ["fastify-helmet"],
             "replacementName": "@fastify/helmet",
             "replacementVersion": "8.0.0"
           },
           {
             "matchCurrentVersion": ">=0.3.0 <1.0.0",
             "matchDatasources": ["npm"],
             "matchPackageNames": ["fastify-hotwire"],
             "replacementName": "@fastify/hotwire",
             "replacementVersion": "1.0.0"
           },
           {
             "matchCurrentVersion": ">=6.3.0 <7.0.0",
             "matchDatasources": ["npm"],
             "matchPackageNames": ["fastify-http-proxy"],
             "replacementName": "@fastify/http-proxy",
             "replacementVersion": "7.0.0"
           },
           {
             "matchCurrentVersion": ">=4.2.0 <5.0.0",
             "matchDatasources": ["npm"],
             "matchPackageNames": ["fastify-jwt"],
             "replacementName": "@fastify/jwt",
             "replacementVersion": "5.0.0"
           },
           {
             "matchCurrentVersion": ">=0.3.0 <1.0.0",
             "matchDatasources": ["npm"],
             "matchPackageNames": ["fastify-kafka"],
             "replacementName": "@fastify/kafka",
             "replacementVersion": "1.0.0"
           },
           {
             "matchCurrentVersion": ">=3.2.0 <4.0.0",
             "matchDatasources": ["npm"],
             "matchPackageNames": ["fastify-leveldb"],
             "replacementName": "@fastify/leveldb",
             "replacementVersion": "4.0.0"
           },
           {
             "matchCurrentVersion": ">=4.2.0 <5.0.0",
             "matchDatasources": ["npm"],
             "matchPackageNames": ["fastify-mongodb"],
             "replacementName": "@fastify/mongodb",
             "replacementVersion": "5.0.0"
           },
           {
             "matchCurrentVersion": ">=5.4.0 <6.0.0",
             "matchDatasources": ["npm"],
             "matchPackageNames": ["fastify-multipart"],
             "replacementName": "@fastify/multipart",
             "replacementVersion": "6.0.0"
           },
           {
             "matchCurrentVersion": ">=2.2.0 <3.0.0",
             "matchDatasources": ["npm"],
             "matchPackageNames": ["fastify-mysql"],
             "replacementName": "@fastify/mysql",
             "replacementVersion": "3.0.0"
           },
           {
             "matchCurrentVersion": ">=7.3.0 <8.0.0",
             "matchDatasources": ["npm"],
             "matchPackageNames": ["fastify-nextjs"],
             "replacementName": "@fastify/nextjs",
             "replacementVersion": "8.0.0"
           },
           {
             "matchCurrentVersion": ">=4.6.0 <5.0.0",
             "matchDatasources": ["npm"],
             "matchPackageNames": ["fastify-oauth2"],
             "replacementName": "@fastify/oauth2",
             "replacementVersion": "5.0.0"
           },
           {
             "matchCurrentVersion": ">=0.5.0",
             "matchDatasources": ["npm"],
             "matchPackageNames": ["fastify-passport"],
             "replacementName": "@fastify/passport",
             "replacementVersion": "1.0.0"
           },
           {
             "matchCurrentVersion": ">=3.7.0 <4.0.0",
             "matchDatasources": ["npm"],
             "matchPackageNames": ["fastify-postgres"],
             "replacementName": "@fastify/postgres",
             "replacementVersion": "4.0.0"
           },
           {
             "matchCurrentVersion": ">=5.9.0 <6.0.0",
             "matchDatasources": ["npm"],
             "matchPackageNames": ["fastify-rate-limit"],
             "replacementName": "@fastify/rate-limit",
             "replacementVersion": "6.0.0"
           },
           {
             "matchCurrentVersion": ">=4.4.0 <5.0.0",
             "matchDatasources": ["npm"],
             "matchPackageNames": ["fastify-redis"],
             "replacementName": "@fastify/redis",
             "replacementVersion": "5.0.0"
           },
           {
             "matchCurrentVersion": ">=6.7.0 <7.0.0",
             "matchDatasources": ["npm"],
             "matchPackageNames": ["fastify-reply-from"],
             "replacementName": "@fastify/reply-from",
             "replacementVersion": "7.0.0"
           },
           {
             "matchCurrentVersion": ">=2.3.0 <3.0.0",
             "matchDatasources": ["npm"],
             "matchPackageNames": ["fastify-request-context"],
             "replacementName": "@fastify/request-context",
             "replacementVersion": "3.0.0"
           },
           {
             "matchCurrentVersion": ">=0.3.0 <1.0.0",
             "matchDatasources": ["npm"],
             "matchPackageNames": ["fastify-response-validation"],
             "replacementName": "@fastify/response-validation",
             "replacementVersion": "1.0.0"
           },
           {
             "matchCurrentVersion": ">=2.1.0 <3.0.0",
             "matchDatasources": ["npm"],
             "matchPackageNames": ["fastify-routes-stats"],
             "replacementName": "@fastify/routes-stats",
             "replacementVersion": "3.0.0"
           },
           {
             "matchCurrentVersion": ">=3.2.0 <4.0.0",
             "matchDatasources": ["npm"],
             "matchPackageNames": ["fastify-routes"],
             "replacementName": "@fastify/routes",
             "replacementVersion": "4.0.0"
           },
           {
             "matchCurrentVersion": ">=1.1.0 <2.0.0",
             "matchDatasources": ["npm"],
             "matchPackageNames": ["fastify-schedule"],
             "replacementName": "@fastify/schedule",
             "replacementVersion": "2.0.0"
           },
           {
             "matchCurrentVersion": ">=3.2.0 <4.0.0",
             "matchDatasources": ["npm"],
             "matchPackageNames": ["fastify-secure-session"],
             "replacementName": "@fastify/secure-session",
             "replacementVersion": "4.0.0"
           },
           {
             "matchCurrentVersion": ">=3.2.0 <4.0.0",
             "matchDatasources": ["npm"],
             "matchPackageNames": ["fastify-sensible"],
             "replacementName": "@fastify/sensible",
             "replacementVersion": "4.0.0"
           },
           {
             "matchCurrentVersion": ">=0.3.0 <1.0.0",
             "matchDatasources": ["npm"],
             "matchPackageNames": ["fastify-soap-client"],
             "replacementName": "@fastify/soap-client",
             "replacementVersion": "1.0.0"
           },
           {
             "matchCurrentVersion": ">=4.7.0 <5.0.0",
             "matchDatasources": ["npm"],
             "matchPackageNames": ["fastify-static"],
             "replacementName": "@fastify/static",
             "replacementVersion": "5.0.0"
           },
           {
             "matchCurrentVersion": ">=5.2.0 <6.0.0",
             "matchDatasources": ["npm"],
             "matchPackageNames": ["fastify-swagger"],
             "replacementName": "@fastify/swagger",
             "replacementVersion": "6.0.0"
           },
           {
             "matchCurrentVersion": ">=3.1.0 <4.0.0",
             "matchDatasources": ["npm"],
             "matchPackageNames": ["fastify-url-data"],
             "replacementName": "@fastify/url-data",
             "replacementVersion": "4.0.0"
           },
           {
             "matchCurrentVersion": ">=4.3.0 <5.0.0",
             "matchDatasources": ["npm"],
             "matchPackageNames": ["fastify-websocket"],
             "replacementName": "@fastify/websocket",
             "replacementVersion": "5.0.0"
           },
           {
             "matchCurrentVersion": ">=2.1.0 <3.0.0",
             "matchDatasources": ["npm"],
             "matchPackageNames": ["fastify-zipkin"],
             "replacementName": "@fastify/zipkin",
             "replacementVersion": "3.0.0"
           },
           {
             "matchCurrentVersion": ">=18.0.0",
             "matchDatasources": ["npm"],
             "matchPackageNames": ["hapi"],
             "replacementName": "@hapi/hapi",
             "replacementVersion": "18.2.0"
           },
           {
             "matchDatasources": ["npm"],
             "matchPackageNames": ["jade"],
             "replacementName": "pug",
             "replacementVersion": "2.0.0"
           },
           {
             "matchCurrentVersion": ">=14.0.0 <14.4.0",
             "matchDatasources": ["npm"],
             "matchPackageNames": ["joi"],
             "replacementName": "@hapi/joi",
             "replacementVersion": "14.4.0"
           },
           {
             "matchCurrentVersion": ">=17.0.0",
             "matchDatasources": ["npm"],
             "matchPackageNames": ["@hapi/joi"],
             "replacementName": "joi",
             "replacementVersion": "17.1.1"
           },
           {
             "matchDatasources": ["docker"],
             "matchPackageNames": ["/^k8s\\.gcr\\.io/.+$/"],
             "replacementNameTemplate": "{{{replace 'k8s\\.gcr\\.io/' 'registry.k8s.io/' packageName}}}"
           },
           {
             "matchCurrentVersion": ">=4.0.0 <5.0.0",
             "matchDatasources": ["npm"],
             "matchPackageNames": ["@material-ui/codemod"],
             "replacementName": "@mui/codemod",
             "replacementVersion": "5.0.0"
           },
           {
             "matchCurrentVersion": ">=4.0.0 <5.0.0",
             "matchDatasources": ["npm"],
             "matchPackageNames": ["@material-ui/core"],
             "replacementName": "@mui/material",
             "replacementVersion": "5.0.0"
           },
           {
             "matchCurrentVersion": ">=4.0.0 <5.0.0",
             "matchDatasources": ["npm"],
             "matchPackageNames": ["@material-ui/icons"],
             "replacementName": "@mui/icons-material",
             "replacementVersion": "5.0.0"
           },
           {
             "matchCurrentVersion": ">=4.0.0 <5.0.0",
             "matchDatasources": ["npm"],
             "matchPackageNames": ["@material-ui/lab"],
             "replacementName": "@mui/lab",
             "replacementVersion": "5.0.0"
           },
           {
             "matchCurrentVersion": ">=4.0.0 <5.0.0",
             "matchDatasources": ["npm"],
             "matchPackageNames": ["@material-ui/private-theming"],
             "replacementName": "@mui/private-theming",
             "replacementVersion": "5.0.0"
           },
           {
             "matchCurrentVersion": ">=4.0.0 <5.0.0",
             "matchDatasources": ["npm"],
             "matchPackageNames": ["@material-ui/styled-engine"],
             "replacementName": "@mui/styled-engine",
             "replacementVersion": "5.0.0"
           },
           {
             "matchCurrentVersion": ">=4.0.0 <5.0.0",
             "matchDatasources": ["npm"],
             "matchPackageNames": ["@material-ui/styled-engine-sc"],
             "replacementName": "@mui/styled-engine-sc",
             "replacementVersion": "5.0.0"
           },
           {
             "matchCurrentVersion": ">=4.0.0 <5.0.0",
             "matchDatasources": ["npm"],
             "matchPackageNames": ["@material-ui/styles"],
             "replacementName": "@mui/styles",
             "replacementVersion": "5.0.0"
           },
           {
             "matchCurrentVersion": ">=4.0.0 <5.0.0",
             "matchDatasources": ["npm"],
             "matchPackageNames": ["@material-ui/system"],
             "replacementName": "@mui/system",
             "replacementVersion": "5.0.0"
           },
           {
             "matchCurrentVersion": ">=4.0.0 <5.0.0",
             "matchDatasources": ["npm"],
             "matchPackageNames": ["@material-ui/types"],
             "replacementName": "@mui/types",
             "replacementVersion": "5.0.0"
           },
           {
             "matchCurrentVersion": ">=4.0.0 <5.0.0",
             "matchDatasources": ["npm"],
             "matchPackageNames": ["@material-ui/unstyled"],
             "replacementName": "@mui/core",
             "replacementVersion": "5.0.0"
           },
           {
             "matchCurrentVersion": "^10.0.0",
             "matchDatasources": ["npm"],
             "matchPackageNames": ["mem"],
             "replacementName": "memoize",
             "replacementVersion": "10.0.0"
           },
           {
             "matchCurrentVersion": ">=2.0.0 <3.0.0",
             "matchDatasources": ["npm"],
             "matchPackageNames": ["messageformat-cli"],
             "replacementName": "@messageformat/cli",
             "replacementVersion": "3.0.0"
           },
           {
             "matchCurrentVersion": ">=2.0.0 <3.0.0",
             "matchDatasources": ["npm"],
             "matchPackageNames": ["messageformat"],
             "replacementName": "@messageformat/core",
             "replacementVersion": "3.0.0"
           },
           {
             "matchCurrentVersion": ">=0.4.0 <1.0.0",
             "matchDatasources": ["npm"],
             "matchPackageNames": ["messageformat-convert"],
             "replacementName": "@messageformat/convert",
             "replacementVersion": "1.0.0"
           },
           {
             "matchCurrentVersion": ">=0.4.0 <1.0.0",
             "matchDatasources": ["npm"],
             "matchPackageNames": ["react-message-context"],
             "replacementName": "@messageformat/react",
             "replacementVersion": "1.0.0"
           },
           {
             "matchCurrentVersion": ">=4.0.0 <5.0.0",
             "matchDatasources": ["npm"],
             "matchPackageNames": ["messageformat-parser"],
             "replacementName": "@messageformat/parser",
             "replacementVersion": "5.0.0"
           },
           {
             "matchCurrentVersion": ">=7.1.0 <8.0.0",
             "matchDatasources": ["npm"],
             "matchPackageNames": ["middie"],
             "replacementName": "@fastify/middie",
             "replacementVersion": "8.0.0"
           },
           {
             "matchCurrentVersion": ">=21.0.0",
             "matchDatasources": ["npm"],
             "matchPackageNames": ["now"],
             "replacementName": "vercel",
             "replacementVersion": "21.0.0"
           },
           {
             "matchDatasources": ["npm"],
             "matchPackageNames": ["npm-run-all"],
             "replacementName": "npm-run-all2",
             "replacementVersion": "5.0.0"
           },
           {
             "description": [
               "Replace `quay.io/kubecost1/kubecost-cost-model` with `ghcr.io/opencost/opencost`."
             ],
             "matchCurrentVersion": "1.108.0",
             "matchDatasources": ["docker"],
             "matchPackageNames": ["quay.io/kubecost1/kubecost-cost-model"],
             "replacementName": "ghcr.io/opencost/opencost",
             "replacementVersion": "1.109.0"
           },
           {
             "description": [
               "Replace `quay.io/kubecost1/opencost-ui` with `ghcr.io/opencost/opencost-ui`."
             ],
             "matchCurrentVersion": "1.108.0",
             "matchDatasources": ["docker"],
             "matchPackageNames": ["quay.io/kubecost1/opencost-ui"],
             "replacementName": "ghcr.io/opencost/opencost-ui",
             "replacementVersion": "1.109.0"
           },
           {
             "matchDatasources": ["npm"],
             "matchPackageNames": ["@parcel/css"],
             "replacementName": "lightningcss",
             "replacementVersion": "1.14.0"
           },
           {
             "matchDatasources": ["npm"],
             "matchPackageNames": ["passport-saml"],
             "replacementName": "@node-saml/passport-saml",
             "replacementVersion": "4.0.4"
           },
           {
             "matchCurrentVersion": ">=2.0.0 <4.0.0",
             "matchDatasources": ["npm"],
             "matchPackageNames": ["react-query/devtools"],
             "replacementName": "@tanstack/react-query-devtools",
             "replacementVersion": "4.0.0"
           },
           {
             "matchCurrentVersion": ">=3.0.0 <4.0.0",
             "matchDatasources": ["npm"],
             "matchPackageNames": ["react-query"],
             "replacementName": "@tanstack/react-query",
             "replacementVersion": "4.0.5"
           },
           {
             "matchDatasources": ["npm"],
             "matchPackageNames": ["react-scripts-ts"],
             "replacementName": "react-scripts",
             "replacementVersion": "2.1.8"
           },
           {
             "matchDatasources": ["npm"],
             "matchPackageNames": ["read-pkg-up"],
             "replacementName": "read-package-up",
             "replacementVersion": "11.0.0"
           },
           {
             "matchDatasources": ["npm"],
             "matchPackageNames": ["redux-devtools-extension"],
             "replacementName": "@redux-devtools/extension",
             "replacementVersion": "3.0.0"
           },
           {
             "matchDatasources": ["npm"],
             "matchPackageNames": ["@renovate/pep440"],
             "replacementName": "@renovatebot/pep440",
             "replacementVersion": "1.0.0"
           },
           {
             "matchDatasources": ["npm"],
             "matchPackageNames": ["rollup-plugin-babel"],
             "replacementName": "@rollup/plugin-babel",
             "replacementVersion": "5.0.0"
           },
           {
             "matchDatasources": ["npm"],
             "matchPackageNames": ["rollup-plugin-json"],
             "replacementName": "@rollup/plugin-json",
             "replacementVersion": "4.0.0"
           },
           {
             "matchDatasources": ["npm"],
             "matchPackageNames": ["rollup-plugin-node-resolve"],
             "replacementName": "@rollup/plugin-node-resolve",
             "replacementVersion": "6.0.0"
           },
           {
             "matchCurrentVersion": ">=7.0.0",
             "matchDatasources": ["npm"],
             "matchPackageNames": ["rollup-plugin-terser"],
             "replacementName": "@rollup/plugin-terser",
             "replacementVersion": "0.1.0"
           },
           {
             "matchDatasources": ["npm"],
             "matchPackageNames": ["rome"],
             "replacementName": "@biomejs/biome",
             "replacementVersion": "1.0.0"
           },
           {
             "matchDatasources": ["npm"],
             "matchPackageNames": ["@google/semantic-release-replace-plugin"],
             "replacementName": "semantic-release-replace-plugin",
             "replacementVersion": "1.2.1"
           },
           {
             "matchDatasources": ["nuget"],
             "matchPackageNames": ["Spectre.Cli"],
             "replacementName": "Spectre.Console.Cli",
             "replacementVersion": "0.45.0"
           },
           {
             "matchCurrentVersion": "^9.0.0",
             "matchDatasources": ["npm"],
             "matchPackageNames": ["standard-version"],
             "replacementName": "commit-and-tag-version",
             "replacementVersion": "9.5.0"
           },
           {
             "matchCurrentVersion": "1.6.1",
             "matchDatasources": ["npm"],
             "matchPackageNames": ["typeorm-seeding"],
             "replacementName": "@jorgebodega/typeorm-seeding",
             "replacementVersion": "2.0.0"
           },
           {
             "matchDatasources": ["npm"],
             "matchPackageNames": ["vso-task-lib"],
             "replacementName": "azure-pipelines-task-lib",
             "replacementVersion": "3.4.0"
           },
           {
             "matchDatasources": ["npm"],
             "matchPackageNames": ["vsts-task-lib"],
             "replacementName": "azure-pipelines-task-lib",
             "replacementVersion": "3.4.0"
           },
           {
             "matchDatasources": ["npm"],
             "matchPackageNames": ["xmldom", "xmldom-alpha"],
             "replacementName": "@xmldom/xmldom",
             "replacementVersion": "0.7.5"
           },
           {
             "description": [
               "The `zap-stable` image has moved to the `zaproxy` organization."
             ],
             "matchCurrentVersion": ">=2.0.0 <2.14.0",
             "matchDatasources": ["docker"],
             "matchPackageNames": [
               "/^(?:docker\\.io/)?owasp/zap2docker-stable$/",
               "/^(?:docker\\.io/)?softwaresecurityproject/zap-stable$/"
             ],
             "replacementName": "zaproxy/zap-stable",
             "replacementVersion": "2.14.0"
           },
           {
             "description": [
               "The `zap-bare` image has moved to the `zaproxy` organization."
             ],
             "matchCurrentVersion": ">=2.0.0 <2.14.0",
             "matchDatasources": ["docker"],
             "matchPackageNames": [
               "/^(?:docker\\.io/)?owasp/zap2docker-bare$/",
               "/^(?:docker\\.io/)?softwaresecurityproject/zap-bare$/"
             ],
             "replacementName": "zaproxy/zap-bare",
             "replacementVersion": "2.14.0"
           },
           {
             "allowedVersions": "!/^200\\d{5}(\\.\\d+)?/",
             "matchDatasources": ["maven", "sbt-package"],
             "matchPackageNames": ["commons-**"]
           },
           {
             "allowedVersions": "/^[A-Z]/",
             "matchDatasources": ["maven"],
             "matchPackageNames": [
               "org.springframework.cloud:spring-cloud-starter-parent"
             ]
           },
           {
             "allowedVersions": "!/^5\\.0\\.0/",
             "matchDatasources": ["maven"],
             "matchPackageNames": ["org.web3j:core"]
           },
           {
             "allowedVersions": "!/^1\\.0-\\d+-[a-fA-F0-9]{7}$/",
             "matchManagers": ["sbt"],
             "matchPackageNames": ["org.http4s:**"]
           },
           {
             "matchManagers": ["npm"],
             "matchPackageNames": ["@types/node"],
             "versioning": "node"
           },
           {
             "matchDatasources": ["docker"],
             "matchPackageNames": [
               "/(?:^|/)node$/",
               "!calico/node",
               "!docker.io/calico/node",
               "!ghcr.io/devcontainers/features/node",
               "!kindest/node"
             ],
             "versionCompatibility": "^(?<version>[^-]+)(?<compatibility>-.*)?$",
             "versioning": "node"
           },
           {
             "allowedVersions": "<20000000",
             "matchCurrentVersion": "!/^\\d{8}$/",
             "matchDatasources": ["docker"],
             "matchDepNames": ["alpine"]
           },
           {
             "allowedVersions": "<20000000",
             "matchCurrentVersion": "!/^\\d{8}$/",
             "matchDatasources": ["docker"],
             "matchPackageNames": ["alpine"]
           },
           {
             "matchDatasources": ["docker"],
             "matchPackageNames": [
               "registry.access.redhat.com/rhel",
               "registry.access.redhat.com/rhel-atomic",
               "registry.access.redhat.com/rhel-init",
               "registry.access.redhat.com/rhel-minimal",
               "registry.access.redhat.com/rhceph/**",
               "registry.access.redhat.com/rhgs3/**",
               "registry.access.redhat.com/rhel7**",
               "registry.access.redhat.com/rhel8/**",
               "registry.access.redhat.com/rhel9/**",
               "registry.access.redhat.com/rhscl/**",
               "registry.access.redhat.com/ubi*{,/}**",
               "redhat/**"
             ],
             "versioning": "redhat"
           },
           {
             "allowedVersions": "/^(?:8|11|17|21|25)(?:\\.|-|$)/",
             "description": [
               "Limit Java runtime versions to LTS releases. To receive all major releases add `workarounds:javaLTSVersions` to the `ignorePresets` array."
             ],
             "matchDatasources": ["docker", "java-version"],
             "matchPackageNames": [
               "eclipse-temurin",
               "amazoncorretto",
               "adoptopenjdk",
               "openjdk",
               "java",
               "java-jre",
               "sapmachine",
               "/^azul/zulu-openjdk/",
               "/^bellsoft/liberica-openj(dk|re)-/",
               "/^cimg/openjdk/"
             ],
             "versioning": "regex:^(?<major>\\d+)?(\\.(?<minor>\\d+))?(\\.(?<patch>\\d+))?([\\._+](?<build>(\\d\\.?)+)(LTS)?)?(-(?<compatibility>.*))?$"
           },
           {
             "allowedVersions": "/^(?:8|11|17|21|25)(?:\\.|-|$)/",
             "description": [
               "Limit Java runtime versions to LTS releases. To receive all major releases add `workarounds:javaLTSVersions` to the `ignorePresets` array."
             ],
             "matchDatasources": ["docker", "java-version"],
             "matchDepNames": [
               "eclipse-temurin",
               "amazoncorretto",
               "adoptopenjdk",
               "openjdk",
               "java",
               "java-jre",
               "sapmachine"
             ],
             "versioning": "regex:^(?<major>\\d+)?(\\.(?<minor>\\d+))?(\\.(?<patch>\\d+))?([\\._+](?<build>(\\d\\.?)+)(LTS)?)?(-(?<compatibility>.*))?$"
           },
           {
             "allowedVersions": "/^(?:jdk|jdk-all|jre)-(?:8|11|17|21|25)(?:\\.|-|$)/",
             "description": [
               "Limit Java runtime versions to LTS releases. To receive all major releases add `workarounds:javaLTSVersions` to the `ignorePresets` array."
             ],
             "matchDatasources": ["docker"],
             "matchPackageNames": ["bellsoft/liberica-runtime-container"]
           },
           {
             "enabled": false,
             "matchDatasources": ["maven"],
             "matchPackageNames": ["org.eclipse.m2e:lifecycle-mapping"]
           },
           {
             "enabled": false,
             "matchManagers": ["gradle"],
             "matchUpdateTypes": ["replacement"]
           },
           {
             "enabled": false,
             "matchDepTypes": ["parent-root"],
             "matchManagers": ["maven"]
           },
           {
             "description": [
               "Use node versioning for `(containerbase|renovate)/node` images"
             ],
             "matchDatasources": ["docker"],
             "matchPackageNames": [
               "/^(?:(?:docker|ghcr)\\.io/)?(?:containerbase|renovate)/node$/"
             ],
             "versioning": "node"
           },
           {
             "matchCurrentValue": "/^(?<major>\\d+)(?:\\.(?<minor>\\d+)(?:\\.(?<patch>\\d+))?)?-(?<compatibility>.+)-(?<build>\\d+)(?:-r(?<revision>\\d+))?$/",
             "matchDatasources": ["docker"],
             "matchPackageNames": [
               "bitnami/**",
               "docker.io/bitnami/**",
               "gcr.io/bitnami-containers/**"
             ],
             "versioning": "regex:^(?<major>\\d+)(?:\\.(?<minor>\\d+)(?:\\.(?<patch>\\d+))?)?(:?-(?<compatibility>.+)-(?<build>\\d+)(?:-r(?<revision>\\d+))?)?$"
           },
           {
             "matchDatasources": ["github-releases"],
             "matchPackageNames": ["k3s-io/k3s"],
             "versioning": "regex:^v(?<major>\\d+)\\.(?<minor>\\d+)\\.(?<patch>\\d+)(?:-(?<prerelease>[a-z]+\\d+))?(?<compatibility>\\+k3s)(?<build>\\d+)$"
           },
           {
             "matchDatasources": ["github-releases"],
             "matchPackageNames": ["rancher/rke2"],
             "versioning": "regex:^v(?<major>\\d+)\\.(?<minor>\\d+)\\.(?<patch>\\d+)(?:-(?<prerelease>[a-z]+\\d+))?(?<compatibility>\\+rke2r)(?<build>\\d+)$"
           },
           {
             "description": ["Liberica JDK Lite version optimized for the Cloud"],
             "matchCurrentValue": "/^jdk-[^a][^l]{2}/",
             "matchDatasources": ["docker"],
             "matchPackageNames": ["bellsoft/liberica-runtime-container"],
             "versioning": "regex:^jdk-(?<major>\\d+)?(\\.(?<minor>\\d+))?(\\.(?<patch>\\d+))?([\\._+](?<build>(\\d\\.?)+))?(-(?<compatibility>.*))?$"
           },
           {
             "description": [
               "Liberica JDK that can be used to create a custom runtime with a help of jlink tool"
             ],
             "matchCurrentValue": "/^jdk-all/",
             "matchDatasources": ["docker"],
             "matchPackageNames": ["bellsoft/liberica-runtime-container"],
             "versioning": "regex:^jdk-all-(?<major>\\d+)?(\\.(?<minor>\\d+))?(\\.(?<patch>\\d+))?([\\._+](?<build>(\\d\\.?)+))?(-(?<compatibility>.*))?$"
           },
           {
             "description": [
               "Liberica JRE (only the runtime without the rest of JDK tools) for running Java applications"
             ],
             "matchCurrentValue": "/^jre-/",
             "matchDatasources": ["docker"],
             "matchPackageNames": ["bellsoft/liberica-runtime-container"],
             "versioning": "regex:^jre-(?<major>\\d+)?(\\.(?<minor>\\d+))?(\\.(?<patch>\\d+))?([\\._+](?<build>(\\d\\.?)+))?(-(?<compatibility>.*))?$"
           },
           {
             "matchDatasources": ["docker"],
             "matchDepNames": ["ubuntu"],
             "versioning": "ubuntu"
           },
           {
             "enabled": true,
             "matchDatasources": ["docker"],
             "matchUpdateTypes": ["major"]
           },
           {
             "matchSourceUrls": ["https://github.com/**"],
             "prBodyDefinitions": {
               "OpenSSF": "[![OpenSSF Scorecard](https://api.securityscorecards.dev/projects/github.com/{{sourceRepo}}/badge)](https://securityscorecards.dev/viewer/?uri=github.com/{{sourceRepo}})"
             },
             "prBodyColumns": [
               "Package",
               "Type",
               "Update",
               "Change",
               "Pending",
               "OpenSSF"
             ]
           },
           {
             "description": ["Pin `github-action` digests."],
             "extractVersion": "^(?<version>v?\\d+\\.\\d+\\.\\d+)$",
             "versioning": "regex:^v?(?<major>\\d+)(\\.(?<minor>\\d+)\\.(?<patch>\\d+))?$",
             "matchDepTypes": ["action"],
             "pinDigests": true
           },
           {
             "description": ["Auto-merge GitHub Actions"],
             "matchManagers": ["github-actions"],
             "automerge": true,
             "automergeType": "branch",
             "matchUpdateTypes": ["minor", "patch", "digest"],
             "minimumReleaseAge": "3 days",
             "ignoreTests": true
           },
           {
             "description": ["Auto-merge Mise Tools"],
             "matchManagers": ["mise"],
             "automerge": true,
             "automergeType": "branch",
             "matchUpdateTypes": ["minor", "patch"],
             "ignoreTests": true
           },
           {
             "description": ["Auto-merge security updates"],
             "matchDatasources": ["docker"],
             "matchUpdateTypes": ["patch"],
             "labels": ["security"],
             "automerge": true,
             "automergeType": "branch",
             "minimumReleaseAge": "1 day"
           },
           {
             "description": ["Auto-merge trusted home-operations containers"],
             "matchDatasources": ["docker"],
             "automerge": true,
             "automergeType": "pr",
             "matchUpdateTypes": ["minor", "patch", "digest"],
             "matchPackageNames": ["/home-operations/"],
             "ignoreTests": false
           },
           {
             "description": ["Auto-merge trusted GitHub Actions"],
             "matchManagers": ["github-actions"],
             "matchPackageNames": [
               "/^actions\\//",
               "/^renovatebot\\//",
               "/^tj-actions\\//",
               "/^dorny\\//",
               "/^peter-evans\\//",
               "/^stefanzweifel\\//",
               "/^crazy-max\\//",
               "/^docker\\//",
               "/^helm\\//",
               "/^hashicorp\\//",
               "/^aquasecurity\\//",
               "/^github\\//",
               "/^google-github-actions\\//",
               "/^azure\\//",
               "/^aws-actions\\//",
               "/^codecov\\//"
             ],
             "automerge": true,
             "automergeType": "branch",
             "matchUpdateTypes": ["minor", "patch", "digest"],
             "minimumReleaseAge": "1 minute",
             "ignoreTests": true
           },
           {
             "description": ["Flux Operator Group"],
             "groupName": "Flux Operator",
             "matchPackageNames": [
               "ghcr.io/fluxcd/flux-operator",
               "ghcr.io/fluxcd/flux-instance"
             ],
             "matchDatasources": ["docker"],
             "minimumGroupSize": 2
           },
           {
             "description": ["Immich Group"],
             "groupName": "Immich",
             "matchDatasources": ["docker"],
             "matchPackageNames": ["ghcr.io/immich-app/**"],
             "minimumGroupSize": 2
           },
           {
             "description": ["Rook Ceph Group"],
             "groupName": "Rook Ceph",
             "matchDatasources": ["helm"],
             "matchPackageNames": ["rook-ceph", "rook-ceph-cluster"],
             "minimumGroupSize": 2
           },
           {
             "description": ["Kubernetes Tools Group"],
             "groupName": "Kubernetes Tools",
             "matchDatasources": ["github-releases"],
             "matchPackageNames": [
               "kubernetes/kubernetes",
               "kubernetes-sigs/external-dns",
               "kubernetes-sigs/gateway-api"
             ],
             "minimumGroupSize": 2
           },
           {
             "description": ["Monitoring Stack Group"],
             "groupName": "Monitoring Stack",
             "matchDatasources": ["helm"],
             "matchPackageNames": ["grafana", "prometheus", "alertmanager"],
             "minimumGroupSize": 1
           },
           {"matchUpdateTypes": ["major"], "labels": ["type/major"]},
           {"matchUpdateTypes": ["minor"], "labels": ["type/minor"]},
           {"matchUpdateTypes": ["patch"], "labels": ["type/patch"]},
           {"matchDatasources": ["docker"], "addLabels": ["renovate/container"]},
           {"matchDatasources": ["helm"], "addLabels": ["renovate/helm"]},
           {
             "matchManagers": ["github-actions"],
             "addLabels": ["renovate/github-action"]
           },
           {
             "matchDatasources": ["github-releases"],
             "addLabels": ["renovate/github-release"]
           },
           {"matchManagers": ["mise"], "addLabels": ["renovate/mise"]},
           {
             "description": ["Label breaking changes"],
             "matchUpdateTypes": ["major"],
             "addLabels": ["breaking-change"]
           },
           {
             "matchUpdateTypes": ["major"],
             "semanticCommitType": "feat",
             "commitMessagePrefix": "{{semanticCommitType}}({{semanticCommitScope}})!:",
             "commitMessageExtra": "( {{currentVersion}} ➔{{newVersion}} )"
           },
           {
             "matchUpdateTypes": ["minor"],
             "semanticCommitType": "feat",
             "commitMessageExtra": "( {{currentVersion}} ➔{{newVersion}} )"
           },
           {
             "matchUpdateTypes": ["patch"],
             "semanticCommitType": "fix",
             "commitMessageExtra": "( {{currentVersion}} ➔{{newVersion}} )"
           },
           {
             "matchUpdateTypes": ["digest"],
             "semanticCommitType": "chore",
             "commitMessageExtra": "( {{currentDigestShort}} ➔{{newDigestShort}} )"
           },
           {
             "matchDatasources": ["docker"],
             "semanticCommitScope": "container",
             "commitMessageTopic": "image {{depName}}"
           },
           {
             "matchDatasources": ["helm"],
             "semanticCommitScope": "helm",
             "commitMessageTopic": "chart {{depName}}"
           },
           {
             "matchManagers": ["github-actions"],
             "semanticCommitType": "ci",
             "semanticCommitScope": "github-action",
             "commitMessageTopic": "action {{depName}}"
           },
           {
             "matchDatasources": ["github-releases"],
             "semanticCommitScope": "github-release",
             "commitMessageTopic": "release {{depName}}"
           },
           {
             "matchManagers": ["mise"],
             "semanticCommitScope": "mise",
             "commitMessageTopic": "tool {{depName}}"
           }
         ],
         "autoReplaceGlobalMatch": true,
         "replacementApproach": "replace",
         "pinDigests": false,
         "separateMajorMinor": true,
         "separateMultipleMajor": false,
         "separateMultipleMinor": false,
         "separateMinorPatch": false,
         "ignoreUnstable": true,
         "ignoreDeprecated": true,
         "followTag": null,
         "respectLatest": true,
         "rangeStrategy": "auto",
         "branchPrefix": "renovate/",
         "branchPrefixOld": "renovate/",
         "bumpVersion": null,
         "major": {},
         "minor": {},
         "patch": {},
         "pin": {
           "rebaseWhen": "behind-base-branch",
           "groupName": "Pin Dependencies",
           "groupSlug": "pin-dependencies",
           "commitMessageAction": "Pin",
           "group": {"commitMessageTopic": "dependencies", "commitMessageExtra": ""}
         },
         "digest": {
           "branchTopic": "{{{depNameSanitized}}}-digest",
           "commitMessageExtra": "to {{newDigestShort}}",
           "commitMessageTopic": "{{{depName}}} digest",
           "automerge": true
         },
         "pinDigest": {
           "groupName": "Pin Dependencies",
           "groupSlug": "pin-dependencies",
           "commitMessageAction": "Pin",
           "group": {"commitMessageTopic": "dependencies", "commitMessageExtra": ""}
         },
         "rollback": {
           "branchTopic": "{{{depNameSanitized}}}-rollback",
           "commitMessageAction": "Roll back",
           "semanticCommitType": "fix"
         },
         "replacement": {
           "branchTopic": "{{{depNameSanitized}}}-replacement",
           "commitMessageAction": "Replace",
           "commitMessageExtra": "with {{newName}} {{#if isMajor}}{{{prettyNewMajor}}}{{else}}{{#if isSingleVersion}}{{{prettyNewVersion}}}{{else}}{{{newValue}}}{{/if}}{{/if}}",
           "prBodyNotes": [
             "This is a special PR that replaces `{{{depName}}}` with the community suggested minimal stable replacement version."
           ]
         },
         "semanticCommits": "enabled",
         "semanticCommitType": "chore",
         "semanticCommitScope": "deps",
         "commitMessageLowerCase": "auto",
         "keepUpdatedLabel": null,
         "rollbackPrs": false,
         "recreateWhen": "auto",
         "rebaseWhen": "auto",
         "rebaseLabel": "rebase",
         "stopUpdatingLabel": "stop-updating",
         "minimumReleaseAge": null,
         "abandonmentThreshold": null,
         "dependencyDashboardReportAbandonment": true,
         "internalChecksAsSuccess": false,
         "internalChecksFilter": "strict",
         "prCreation": "immediate",
         "prNotPendingHours": 25,
         "prHourlyLimit": 8,
         "prConcurrentLimit": 15,
         "branchConcurrentLimit": null,
         "bbAutoResolvePrTasks": false,
         "bbUseDefaultReviewers": true,
         "bbUseDevelopmentBranch": false,
         "automerge": false,
         "automergeType": "branch",
         "automergeStrategy": "auto",
         "automergeComment": "automergeComment",
         "ignoreTests": false,
         "vulnerabilityAlerts": {
           "groupName": null,
           "schedule": [],
           "dependencyDashboardApproval": false,
           "minimumReleaseAge": null,
           "rangeStrategy": "update-lockfile",
           "commitMessageSuffix": "[SECURITY]",
           "branchTopic": "{{{datasource}}}-{{{depNameSanitized}}}-vulnerability",
           "prCreation": "immediate",
           "vulnerabilityFixStrategy": "lowest"
         },
         "osvVulnerabilityAlerts": false,
         "pruneBranchAfterAutomerge": true,
         "branchName": "{{{branchPrefix}}}{{{additionalBranchPrefix}}}{{{branchTopic}}}",
         "additionalBranchPrefix": "",
         "branchTopic": "{{{depNameSanitized}}}-{{{newMajor}}}{{#if separateMinorPatch}}{{#if isPatch}}.{{{newMinor}}}{{/if}}{{/if}}{{#if separateMultipleMinor}}{{#if isMinor}}.{{{newMinor}}}{{/if}}{{/if}}.x{{#if isLockfileUpdate}}-lockfile{{/if}}",
         "commitMessage": "{{{commitMessagePrefix}}} {{{commitMessageAction}}} {{{commitMessageTopic}}} {{{commitMessageExtra}}} {{{commitMessageSuffix}}}",
         "commitBody": null,
         "commitBodyTable": false,
         "commitMessagePrefix": null,
         "commitMessageAction": "Update",
         "commitMessageTopic": "dependency {{depName}}",
         "commitMessageExtra": "to {{#if isPinDigest}}{{{newDigestShort}}}{{else}}{{#if isMajor}}{{prettyNewMajor}}{{else}}{{#if isSingleVersion}}{{prettyNewVersion}}{{else}}{{#if newValue}}{{{newValue}}}{{else}}{{{newDigestShort}}}{{/if}}{{/if}}{{/if}}{{/if}}",
         "commitMessageSuffix": null,
         "prBodyTemplate": "{{{header}}}{{{table}}}{{{warnings}}}{{{notes}}}{{{changelogs}}}{{{configDescription}}}{{{controls}}}{{{footer}}}",
         "prTitle": null,
         "prTitleStrict": false,
         "prHeader": null,
         "prFooter": "This PR has been generated by [Renovate Bot](https://github.com/renovatebot/renovate).",
         "customizeDashboard": {},
         "lockFileMaintenance": {
           "enabled": false,
           "recreateWhen": "always",
           "rebaseStalePrs": true,
           "branchTopic": "lock-file-maintenance",
           "commitMessageAction": "Lock file maintenance",
           "commitMessageTopic": null,
           "commitMessageExtra": null,
           "schedule": ["before 4am on monday"],
           "groupName": null,
           "prBodyDefinitions": {"Change": "All locks refreshed"}
         },
         "hashedBranchLength": null,
         "groupName": null,
         "groupSlug": null,
         "group": {
           "branchTopic": "{{{groupSlug}}}",
           "commitMessageTopic": "{{{groupName}}}"
         },
         "labels": [],
         "addLabels": [],
         "assignees": [],
         "assigneesFromCodeOwners": false,
         "expandCodeOwnersGroups": false,
         "assigneesSampleSize": null,
         "assignAutomerge": false,
         "ignoreReviewers": [],
         "reviewers": [],
         "reviewersFromCodeOwners": false,
         "filterUnavailableUsers": false,
         "forkModeDisallowMaintainerEdits": false,
         "confidential": false,
         "reviewersSampleSize": null,
         "additionalReviewers": [],
         "postUpdateOptions": [],
         "constraints": {},
         "hostRules": [],
         "prBodyDefinitions": {
           "Package": "{{{depNameLinked}}}{{#if newName}}{{#unless (equals depName newName)}} → {{{newNameLinked}}}{{/unless}}{{/if}}",
           "Type": "{{{depType}}}",
           "Update": "{{{updateType}}}",
           "Current value": "{{{currentValue}}}",
           "New value": "{{{newValue}}}",
           "Change": "`{{{displayFrom}}}` -> `{{{displayTo}}}`",
           "Pending": "{{{displayPending}}}",
           "References": "{{{references}}}",
           "Package file": "{{{packageFile}}}",
           "Age": "{{#if newVersion}}[![age](https://developer.mend.io/api/mc/badges/age/{{datasource}}/{{replace '/' '%2f' packageName}}/{{{newVersion}}}?slim=true)](https://docs.renovatebot.com/merge-confidence/){{/if}}",
           "Adoption": "{{#if newVersion}}[![adoption](https://developer.mend.io/api/mc/badges/adoption/{{datasource}}/{{replace '/' '%2f' packageName}}/{{{newVersion}}}?slim=true)](https://docs.renovatebot.com/merge-confidence/){{/if}}",
           "Passing": "{{#if newVersion}}[![passing](https://developer.mend.io/api/mc/badges/compatibility/{{datasource}}/{{replace '/' '%2f' packageName}}/{{{currentVersion}}}/{{{newVersion}}}?slim=true)](https://docs.renovatebot.com/merge-confidence/){{/if}}",
           "Confidence": "{{#if newVersion}}[![confidence](https://developer.mend.io/api/mc/badges/confidence/{{datasource}}/{{replace '/' '%2f' packageName}}/{{{currentVersion}}}/{{{newVersion}}}?slim=true)](https://docs.renovatebot.com/merge-confidence/){{/if}}"
         },
         "prBodyColumns": ["Package", "Type", "Update", "Change", "Pending"],
         "prBodyNotes": [],
         "suppressNotifications": ["prEditedNotification", "prIgnoreNotification"],
         "pruneStaleBranches": true,
         "unicodeEmoji": true,
         "gitLabIgnoreApprovals": false,
         "customManagers": [
           {
             "description": ["Process annotated dependencies"],
             "customType": "regex",
             "managerFilePatterns": [
               "/(^|/).+\\.env(?:\\.j2)?$/",
               "/(^|/).+\\.sh(?:\\.j2)?$/",
               "/(^|/).+\\.ya?ml(?:\\.j2)?$/"
             ],
             "matchStrings": [
               "# renovate: datasource=(?<datasource>\\S+) depName=(?<depName>\\S+)( repository=(?<registryUrl>\\S+))?\\n.+(:\\s|=)(&\\S+\\s)?(?<currentValue>\\S+)",
               "# renovate: datasource=(?<datasource>\\S+) depName=(?<depName>\\S+)\\n.+/(?<currentValue>(v|\\d)[^/]+)"
             ],
             "datasourceTemplate": "{{#if datasource}}{{{datasource}}}{{else}}github-releases{{/if}}"
           },
           {
             "description": ["Process Talos versions"],
             "customType": "regex",
             "managerFilePatterns": ["/(^|/).+\\.ya?ml(?:\\.j2)?$/"],
             "matchStrings": [
               "# renovate: depName=siderolabs/talos\\n.*?talosVersion:\\s*(?<currentValue>v\\d+\\.\\d+\\.\\d+)"
             ],
             "datasourceTemplate": "github-releases",
             "depNameTemplate": "siderolabs/talos"
           },
           {
             "description": ["Process Kubernetes versions"],
             "customType": "regex",
             "managerFilePatterns": ["/(^|/).+\\.ya?ml(?:\\.j2)?$/"],
             "matchStrings": [
               "# renovate: depName=kubernetes/kubernetes\\n.*?kubernetesVersion:\\s*(?<currentValue>v\\d+\\.\\d+\\.\\d+)"
             ],
             "datasourceTemplate": "github-releases",
             "depNameTemplate": "kubernetes/kubernetes"
           }
         ],
         "fetchChangeLogs": "pr",
         "cloneSubmodules": false,
         "cloneSubmodulesFilter": ["*"],
         "updatePinnedDependencies": true,
         "gitUrl": "default",
         "writeDiscoveredRepos": null,
         "platformAutomerge": true,
         "userStrings": {
           "ignoreTopic": "Renovate Ignore Notification",
           "ignoreMajor": "Because you closed this PR without merging, Renovate will ignore this update. You will not get PRs for *any* future `{{{newMajor}}}.x` releases. But if you manually upgrade to `{{{newMajor}}}.x` then Renovate will re-enable `minor` and `patch` updates automatically.",
           "ignoreDigest": "Because you closed this PR without merging, Renovate will ignore this update. You will not get PRs for the `{{{depName}}}` `{{{newDigestShort}}}` update again.",
           "ignoreOther": "Because you closed this PR without merging, Renovate will ignore this update (`{{{newValue}}}`). You will get a PR once a newer version is released. To ignore this dependency forever, add it to the `ignoreDeps` array of your Renovate config.",
           "artifactErrorWarning": "You probably do not want to merge this PR as-is."
         },
         "platformCommit": "auto",
         "branchNameStrict": false,
         "checkedBranches": [],
         "logLevelRemap": [],
         "milestone": null,
         "deleteConfigFile": false,
         "deleteAdditionalConfigFile": false,
         "ansible": {"managerFilePatterns": ["/(^|/)tasks/[^/]+\\.ya?ml$/"]},
         "ansible-galaxy": {
           "managerFilePatterns": [
             "/(^|/)(galaxy|requirements)(\\.ansible)?\\.ya?ml$/"
           ]
         },
         "argocd": {"managerFilePatterns": []},
         "asdf": {"managerFilePatterns": ["/(^|/)\\.tool-versions$/"]},
         "azure-pipelines": {
           "managerFilePatterns": [
             "/(^|/).azuredevops/.+\\.ya?ml$/",
             "/azure.*pipelines?.*\\.ya?ml$/"
           ],
           "enabled": false
         },
         "batect": {"managerFilePatterns": ["/(^|/)batect(-bundle)?\\.ya?ml$/"]},
         "batect-wrapper": {
           "managerFilePatterns": ["/(^|/)batect$/"],
           "versioning": "semver"
         },
         "bazel": {
           "managerFilePatterns": [
             "/(^|/)WORKSPACE(|\\.bazel|\\.bzlmod)$/",
             "/\\.WORKSPACE\\.bazel$/",
             "/\\.bzl$/"
           ]
         },
         "bazel-module": {"managerFilePatterns": ["/(^|/|\\.)MODULE\\.bazel$/"]},
         "bazelisk": {
           "managerFilePatterns": ["/(^|/)\\.bazelversion$/"],
           "pinDigests": false,
           "versioning": "semver"
         },
         "bicep": {"managerFilePatterns": ["/\\.bicep$/"]},
         "bitbucket-pipelines": {
           "managerFilePatterns": ["/(^|/)\\.?bitbucket-pipelines\\.ya?ml$/"]
         },
         "bitrise": {"managerFilePatterns": ["/(^|/)bitrise\\.ya?ml$/"]},
         "buildkite": {
           "managerFilePatterns": [
             "/buildkite\\.ya?ml/",
             "/\\.buildkite/.+\\.ya?ml$/"
           ],
           "commitMessageTopic": "buildkite plugin {{depName}}",
           "commitMessageExtra": "to {{#if isMajor}}{{{prettyNewMajor}}}{{else}}{{{newValue}}}{{/if}}"
         },
         "buildpacks": {
           "commitMessageTopic": "buildpack {{depName}}",
           "managerFilePatterns": ["/(^|/)project\\.toml$/"],
           "pinDigests": false
         },
         "bun": {
           "managerFilePatterns": ["/(^|/)bun\\.lockb?$/", "/(^|/)package\\.json$/"],
           "digest": {
             "prBodyDefinitions": {
               "Change": "{{#if displayFrom}}`{{{displayFrom}}}` -> {{else}}{{#if currentValue}}`{{{currentValue}}}` -> {{/if}}{{/if}}{{#if displayTo}}`{{{displayTo}}}`{{else}}`{{{newValue}}}`{{/if}}"
             }
           },
           "prBodyDefinitions": {
             "Change": "[{{#if displayFrom}}`{{{displayFrom}}}` -> {{else}}{{#if currentValue}}`{{{currentValue}}}` -> {{/if}}{{/if}}{{#if displayTo}}`{{{displayTo}}}`{{else}}`{{{newValue}}}`{{/if}}]({{#if depName}}https://renovatebot.com/diffs/npm/{{replace '/' '%2f' depName}}/{{{currentVersion}}}/{{{newVersion}}}{{/if}})"
           }
         },
         "bun-version": {
           "managerFilePatterns": ["/(^|/)\\.bun-version$/"],
           "versioning": "npm"
         },
         "bundler": {"managerFilePatterns": ["/(^|/)Gemfile$/"], "versioning": "ruby"},
         "cake": {"managerFilePatterns": ["/\\.cake$/"]},
         "cargo": {
           "commitMessageTopic": "Rust crate {{depName}}",
           "managerFilePatterns": ["/(^|/)Cargo\\.toml$/"]
         },
         "cdnurl": {"managerFilePatterns": [], "versioning": "semver"},
         "circleci": {"managerFilePatterns": ["/(^|/)\\.circleci/.+\\.ya?ml$/"]},
         "cloudbuild": {"managerFilePatterns": ["/(^|/)cloudbuild\\.ya?ml/"]},
         "cocoapods": {
           "managerFilePatterns": ["/(^|/)Podfile$/"],
           "versioning": "ruby"
         },
         "composer": {
           "managerFilePatterns": ["/(^|/)([\\w-]*)composer\\.json$/"],
           "versioning": "composer"
         },
         "conan": {
           "managerFilePatterns": ["/(^|/)conanfile\\.(txt|py)$/"],
           "datasource": "conan",
           "versioning": "conan"
         },
         "copier": {
           "managerFilePatterns": ["/(^|/)\\.copier-answers(\\..+)?\\.ya?ml/"],
           "versioning": "pep440"
         },
         "cpanfile": {"managerFilePatterns": ["/(^|/)cpanfile$/"]},
         "crossplane": {"managerFilePatterns": []},
         "crow": {"managerFilePatterns": ["/^\\.crow(?:/[^/]+)?\\.ya?ml$/"]},
         "deps-edn": {
           "managerFilePatterns": ["/(^|/)(?:deps|bb)\\.edn$/"],
           "versioning": "maven"
         },
         "devbox": {"managerFilePatterns": ["/(^|/)devbox\\.json$/"]},
         "devcontainer": {
           "managerFilePatterns": [
             "/^.devcontainer/devcontainer.json$/",
             "/^.devcontainer.json$/"
           ]
         },
         "docker-compose": {
           "managerFilePatterns": ["/(^|/)(?:docker-)?compose[^/]*\\.ya?ml$/"]
         },
         "dockerfile": {
           "managerFilePatterns": [
             "/(^|/|\\.)([Dd]ocker|[Cc]ontainer)file$/",
             "/(^|/)([Dd]ocker|[Cc]ontainer)file[^/]*$/"
           ]
         },
         "droneci": {"managerFilePatterns": ["/(^|/)\\.drone\\.yml$/"]},
         "fleet": {"managerFilePatterns": ["/(^|/)fleet\\.ya?ml/"]},
         "flux": {
           "managerFilePatterns": [
             "/(?:^|/)gotk-components\\.ya?ml$/",
             "/\\.yaml(?:\\.j2)?$/"
           ]
         },
         "fvm": {
           "managerFilePatterns": [
             "/(^|/)\\.fvm/fvm_config\\.json$/",
             "/(^|/)\\.fvmrc$/"
           ],
           "versioning": "semver"
         },
         "git-submodules": {
           "enabled": false,
           "versioning": "git",
           "managerFilePatterns": ["/(^|/)\\.gitmodules$/"]
         },
         "github-actions": {
           "managerFilePatterns": [
             "/(^|/)(workflow-templates|\\.(?:github|gitea|forgejo)/(?:workflows|actions))/.+\\.ya?ml$/",
             "/(^|/)action\\.ya?ml$/"
           ]
         },
         "gitlabci": {"managerFilePatterns": ["/\\.gitlab-ci\\.ya?ml$/"]},
         "gitlabci-include": {"managerFilePatterns": ["/\\.gitlab-ci\\.ya?ml$/"]},
         "glasskube": {"managerFilePatterns": []},
         "gleam": {"managerFilePatterns": ["/(^|/)gleam.toml$/"], "versioning": "hex"},
         "gomod": {"managerFilePatterns": ["/(^|/)go\\.mod$/"], "pinDigests": false},
         "gradle": {
           "managerFilePatterns": [
             "/\\.gradle(\\.kts)?$/",
             "/(^|/)gradle\\.properties$/",
             "/(^|/)gradle/.+\\.toml$/",
             "/(^|/)buildSrc/.+\\.kt$/",
             "/\\.versions\\.toml$/",
             "/(^|/)versions.props$/",
             "/(^|/)versions.lock$/"
           ],
           "timeout": 600,
           "versioning": "gradle"
         },
         "gradle-wrapper": {
           "managerFilePatterns": [
             "/(^|/)gradle/wrapper/gradle-wrapper\\.properties$/"
           ],
           "versioning": "gradle"
         },
         "haskell-cabal": {
           "managerFilePatterns": ["/\\.cabal$/"],
           "pinDigests": false
         },
         "helm-requirements": {
           "registryAliases": {"stable": "https://charts.helm.sh/stable"},
           "commitMessageTopic": "helm chart {{depName}}",
           "managerFilePatterns": ["/(^|/)requirements\\.ya?ml$/"]
         },
         "helm-values": {
           "commitMessageTopic": "helm values {{depName}}",
           "managerFilePatterns": ["/(^|/)values\\.ya?ml$/"],
           "pinDigests": false
         },
         "helmfile": {
           "registryAliases": {"stable": "https://charts.helm.sh/stable"},
           "commitMessageTopic": "helm chart {{depName}}",
           "managerFilePatterns": [
             "/(^|/)helmfile\\.ya?ml(?:\\.gotmpl)?$/",
             "/(^|/)helmfile\\.d/.+\\.ya?ml(?:\\.gotmpl)?$/"
           ]
         },
         "helmsman": {"managerFilePatterns": []},
         "helmv3": {
           "registryAliases": {"stable": "https://charts.helm.sh/stable"},
           "commitMessageTopic": "helm chart {{depName}}",
           "managerFilePatterns": ["/(^|/)Chart\\.ya?ml$/"]
         },
         "hermit": {
           "managerFilePatterns": ["/(^|/)bin/hermit$/"],
           "excludeCommitPaths": ["**/bin/hermit"],
           "versioning": "hermit"
         },
         "homebrew": {
           "commitMessageTopic": "Homebrew Formula {{depName}}",
           "managerFilePatterns": ["/^Formula/[^/]+[.]rb$/"]
         },
         "html": {
           "managerFilePatterns": ["/\\.html?$/"],
           "versioning": "semver",
           "digest": {"enabled": false},
           "pinDigests": false
         },
         "jenkins": {"managerFilePatterns": ["/(^|/)plugins\\.(txt|ya?ml)$/"]},
         "jsonnet-bundler": {
           "managerFilePatterns": ["/(^|/)jsonnetfile\\.json$/"],
           "datasource": "git-tags"
         },
         "kotlin-script": {"managerFilePatterns": ["/^.+\\.main\\.kts$/"]},
         "kubernetes": {"managerFilePatterns": ["/\\.yaml(?:\\.j2)?$/"]},
         "kustomize": {
           "managerFilePatterns": ["/(^|/)kustomization\\.ya?ml$/"],
           "pinDigests": false
         },
         "leiningen": {
           "managerFilePatterns": ["/(^|/)project\\.clj$/"],
           "versioning": "maven"
         },
         "maven": {
           "managerFilePatterns": [
             "/(^|/|\\.)pom\\.xml$/",
             "/^(((\\.mvn)|(\\.m2))/)?settings\\.xml$/",
             "/(^|/)\\.mvn/extensions\\.xml$/"
           ]
         },
         "maven-wrapper": {
           "managerFilePatterns": [
             "/(^|\\/).mvn/wrapper/maven-wrapper.properties$/",
             "/(^|\\/)mvnw(.cmd)?$/"
           ],
           "versioning": "maven"
         },
         "meteor": {"managerFilePatterns": ["/(^|/)package\\.js$/"]},
         "mint": {"managerFilePatterns": ["/(^|/)Mintfile$/"]},
         "mise": {
           "managerFilePatterns": [
             "/(^|/)\\.?mise\\.toml$/",
             "/(^|/)\\.?mise/config\\.toml$/"
           ]
         },
         "mix": {"managerFilePatterns": ["/(^|/)mix\\.exs$/"]},
         "nix": {
           "managerFilePatterns": ["/(^|/)flake\\.nix$/"],
           "commitMessageTopic": "nix",
           "commitMessageExtra": "to {{newValue}}",
           "enabled": false
         },
         "nodenv": {
           "managerFilePatterns": ["/(^|/)\\.node-version$/"],
           "versioning": "node"
         },
         "npm": {
           "managerFilePatterns": [
             "/(^|/)package\\.json$/",
             "/(^|/)pnpm-workspace\\.yaml$/"
           ],
           "digest": {
             "prBodyDefinitions": {
               "Change": "{{#if displayFrom}}`{{{displayFrom}}}` -> {{else}}{{#if currentValue}}`{{{currentValue}}}` -> {{/if}}{{/if}}{{#if displayTo}}`{{{displayTo}}}`{{else}}`{{{newValue}}}`{{/if}}"
             }
           },
           "prBodyDefinitions": {
             "Change": "[{{#if displayFrom}}`{{{displayFrom}}}` -> {{else}}{{#if currentValue}}`{{{currentValue}}}` -> {{/if}}{{/if}}{{#if displayTo}}`{{{displayTo}}}`{{else}}`{{{newValue}}}`{{/if}}]({{#if depName}}https://renovatebot.com/diffs/npm/{{replace '/' '%2f' depName}}/{{{currentVersion}}}/{{{newVersion}}}{{/if}})"
           }
         },
         "nuget": {
           "managerFilePatterns": [
             "/\\.(?:cs|fs|vb)proj$/",
             "/\\.(?:props|targets)$/",
             "/(^|/)dotnet-tools\\.json$/",
             "/(^|/)global\\.json$/"
           ],
           "ignorePaths": [
             "**/node_modules/**",
             "**/bower_components/**",
             "**/vendor/**",
             "**/examples/**",
             "**/__fixtures__/**"
           ]
         },
         "nvm": {
           "managerFilePatterns": ["/(^|/)\\.nvmrc$/"],
           "versioning": "node",
           "pinDigests": false
         },
         "ocb": {"managerFilePatterns": []},
         "osgi": {"managerFilePatterns": ["/(^|/)src/main/features/.+\\.json$/"]},
         "pep621": {"managerFilePatterns": ["/(^|/)pyproject\\.toml$/"]},
         "pep723": {"managerFilePatterns": []},
         "pip-compile": {
           "managerFilePatterns": [],
           "lockFileMaintenance": {
             "enabled": true,
             "branchTopic": "pip-compile-refresh",
             "commitMessageAction": "Refresh pip-compile outputs"
           }
         },
         "pip_requirements": {
           "managerFilePatterns": [
             "/(^|/)[\\w-]*requirements([-.]\\w+)?\\.(txt|pip)$/"
           ]
         },
         "pip_setup": {"managerFilePatterns": ["/(^|/)setup\\.py$/"]},
         "pipenv": {"managerFilePatterns": ["/(^|/)Pipfile$/"]},
         "pixi": {
           "managerFilePatterns": ["/(^|/)pyproject\\.toml$/", "/(^|/)pixi\\.toml$/"]
         },
         "poetry": {"managerFilePatterns": ["/(^|/)pyproject\\.toml$/"]},
         "pre-commit": {
           "commitMessageTopic": "pre-commit hook {{depName}}",
           "enabled": true,
           "managerFilePatterns": ["/(^|/)\\.pre-commit-config\\.ya?ml$/"],
           "prBodyNotes": [
             "Note: The `pre-commit` manager in Renovate is not supported by the `pre-commit` maintainers or community. Please do not report any problems there, instead [create a Discussion in the Renovate repository](https://github.com/renovatebot/renovate/discussions/new) if you have any questions."
           ]
         },
         "pub": {
           "managerFilePatterns": ["/(^|/)pubspec\\.ya?ml$/"],
           "versioning": "npm"
         },
         "puppet": {"managerFilePatterns": ["/(^|/)Puppetfile$/"]},
         "pyenv": {
           "managerFilePatterns": ["/(^|/)\\.python-version$/"],
           "versioning": "docker",
           "pinDigests": false
         },
         "quadlet": {
           "managerFilePatterns": [
             "/.+\\.container$/",
             "/.+\\.image$/",
             "/.+\\.volume$/"
           ]
         },
         "renovate-config-presets": {
           "managerFilePatterns": [
             "renovate.json",
             "renovate.json5",
             ".github/renovate.json",
             ".github/renovate.json5",
             ".gitlab/renovate.json",
             ".gitlab/renovate.json5",
             ".renovaterc",
             ".renovaterc.json",
             ".renovaterc.json5"
           ]
         },
         "ruby-version": {
           "managerFilePatterns": ["/(^|/)\\.ruby-version$/"],
           "versioning": "ruby"
         },
         "runtime-version": {
           "managerFilePatterns": ["/(^|/)runtime.txt$/"],
           "pinDigests": false
         },
         "sbt": {
           "managerFilePatterns": [
             "/\\.sbt$/",
             "/project/[^/]*\\.scala$/",
             "/project/build\\.properties$/",
             "/(^|/)repositories$/"
           ],
           "versioning": "ivy"
         },
         "scalafmt": {"managerFilePatterns": ["/(^|/)\\.scalafmt.conf$/"]},
         "setup-cfg": {
           "managerFilePatterns": ["/(^|/)setup\\.cfg$/"],
           "versioning": "pep440"
         },
         "sveltos": {"managerFilePatterns": []},
         "swift": {
           "managerFilePatterns": ["/(^|/)Package\\.swift/"],
           "versioning": "swift",
           "pinDigests": false
         },
         "tekton": {"managerFilePatterns": []},
         "terraform": {
           "commitMessageTopic": "Terraform {{depName}}",
           "managerFilePatterns": ["**/*.tf", "**/*.tofu"],
           "pinDigests": false
         },
         "terraform-version": {
           "managerFilePatterns": ["/(^|/)\\.terraform-version$/"],
           "versioning": "hashicorp",
           "extractVersion": "^v(?<version>.*)$"
         },
         "terragrunt": {
           "commitMessageTopic": "Terragrunt dependency {{depName}}",
           "managerFilePatterns": ["/(^|/)terragrunt\\.hcl$/"]
         },
         "terragrunt-version": {
           "managerFilePatterns": ["/(^|/)\\.terragrunt-version$/"],
           "versioning": "hashicorp",
           "extractVersion": "^v(?<version>.+)$"
         },
         "tflint-plugin": {
           "commitMessageTopic": "TFLint plugin {{depName}}",
           "managerFilePatterns": ["/\\.tflint\\.hcl$/"],
           "extractVersion": "^v(?<version>.*)$"
         },
         "travis": {
           "managerFilePatterns": ["/^\\.travis\\.ya?ml$/"],
           "major": {"enabled": false},
           "versioning": "node"
         },
         "typst": {"managerFilePatterns": ["/\\.typ$/"]},
         "unity3d": {"managerFilePatterns": ["**/ProjectSettings/ProjectVersion.txt"]},
         "velaci": {"managerFilePatterns": ["/(^|/)\\.vela\\.ya?ml$/"]},
         "vendir": {
           "commitMessageTopic": "vendir {{depName}}",
           "managerFilePatterns": ["/(^|/)vendir\\.yml$/"]
         },
         "woodpecker": {
           "managerFilePatterns": ["/^\\.woodpecker(?:/[^/]+)?\\.ya?ml$/"]
         },
         "regex": {"pinDigests": false},
         "jsonata": {"pinDigests": false},
         "repository": "local",
         "parentOrg": "",
         "errors": [],
         "warnings": [],
         "branchList": [],
         "defaultBranch": "",
         "isFork": false,
         "repoFingerprint": "",
         "baseBranch": "",
         "repoIsOnboarded": true,
         "$schema": "https://docs.renovatebot.com/renovate-schema.json",
         "dryRun": "full",
         "platform": "local",
         "renovateJsonPresent": true
       },
       "hostRules": [
         {"matchHost": null, "hostType": "local"},
         {
           "hostType": "github",
           "matchHost": "github.com",
           "token": "***********",
           "resolvedHost": "github.com"
         }
       ]
DEBUG: No baseBranches (repository=local)
DEBUG: extract() (repository=local)
DEBUG: Got file list using git (repository=local)
DEBUG: Using file pattern: /(^|/)tasks/[^/]+\.ya?ml$/ for manager ansible (repository=local)
DEBUG: Using file pattern: /(^|/)(galaxy|requirements)(\.ansible)?\.ya?ml$/ for manager ansible-galaxy (repository=local)
DEBUG: Using file pattern: /(^|/)\.tool-versions$/ for manager asdf (repository=local)
DEBUG: Using file pattern: /(^|/).azuredevops/.+\.ya?ml$/ for manager azure-pipelines (repository=local)
DEBUG: Using file pattern: /azure.*pipelines?.*\.ya?ml$/ for manager azure-pipelines (repository=local)
DEBUG: Using file pattern: /(^|/)batect(-bundle)?\.ya?ml$/ for manager batect (repository=local)
DEBUG: Using file pattern: /(^|/)batect$/ for manager batect-wrapper (repository=local)
DEBUG: Using file pattern: /(^|/)WORKSPACE(|\.bazel|\.bzlmod)$/ for manager bazel (repository=local)
DEBUG: Using file pattern: /\.WORKSPACE\.bazel$/ for manager bazel (repository=local)
DEBUG: Using file pattern: /\.bzl$/ for manager bazel (repository=local)
DEBUG: Using file pattern: /(^|/|\.)MODULE\.bazel$/ for manager bazel-module (repository=local)
DEBUG: Using file pattern: /(^|/)\.bazelversion$/ for manager bazelisk (repository=local)
DEBUG: Using file pattern: /\.bicep$/ for manager bicep (repository=local)
DEBUG: Using file pattern: /(^|/)\.?bitbucket-pipelines\.ya?ml$/ for manager bitbucket-pipelines (repository=local)
DEBUG: Using file pattern: /(^|/)bitrise\.ya?ml$/ for manager bitrise (repository=local)
DEBUG: Using file pattern: /buildkite\.ya?ml/ for manager buildkite (repository=local)
DEBUG: Using file pattern: /\.buildkite/.+\.ya?ml$/ for manager buildkite (repository=local)
DEBUG: Using file pattern: /(^|/)project\.toml$/ for manager buildpacks (repository=local)
DEBUG: Using file pattern: /(^|/)bun\.lockb?$/ for manager bun (repository=local)
DEBUG: Using file pattern: /(^|/)package\.json$/ for manager bun (repository=local)
DEBUG: Using file pattern: /(^|/)\.bun-version$/ for manager bun-version (repository=local)
DEBUG: Using file pattern: /(^|/)Gemfile$/ for manager bundler (repository=local)
DEBUG: Using file pattern: /\.cake$/ for manager cake (repository=local)
DEBUG: Using file pattern: /(^|/)Cargo\.toml$/ for manager cargo (repository=local)
DEBUG: Using file pattern: /(^|/)\.circleci/.+\.ya?ml$/ for manager circleci (repository=local)
DEBUG: Using file pattern: /(^|/)cloudbuild\.ya?ml/ for manager cloudbuild (repository=local)
DEBUG: Using file pattern: /(^|/)Podfile$/ for manager cocoapods (repository=local)
DEBUG: Using file pattern: /(^|/)([\w-]*)composer\.json$/ for manager composer (repository=local)
DEBUG: Using file pattern: /(^|/)conanfile\.(txt|py)$/ for manager conan (repository=local)
DEBUG: Using file pattern: /(^|/)\.copier-answers(\..+)?\.ya?ml/ for manager copier (repository=local)
DEBUG: Using file pattern: /(^|/)cpanfile$/ for manager cpanfile (repository=local)
DEBUG: Using file pattern: /^\.crow(?:/[^/]+)?\.ya?ml$/ for manager crow (repository=local)
DEBUG: Using file pattern: /(^|/)(?:deps|bb)\.edn$/ for manager deps-edn (repository=local)
DEBUG: Using file pattern: /(^|/)devbox\.json$/ for manager devbox (repository=local)
DEBUG: Using file pattern: /^.devcontainer/devcontainer.json$/ for manager devcontainer (repository=local)
DEBUG: Using file pattern: /^.devcontainer.json$/ for manager devcontainer (repository=local)
DEBUG: Using file pattern: /(^|/)(?:docker-)?compose[^/]*\.ya?ml$/ for manager docker-compose (repository=local)
DEBUG: Using file pattern: /(^|/|\.)([Dd]ocker|[Cc]ontainer)file$/ for manager dockerfile (repository=local)
DEBUG: Using file pattern: /(^|/)([Dd]ocker|[Cc]ontainer)file[^/]*$/ for manager dockerfile (repository=local)
DEBUG: Using file pattern: /(^|/)\.drone\.yml$/ for manager droneci (repository=local)
DEBUG: Using file pattern: /(^|/)fleet\.ya?ml/ for manager fleet (repository=local)
DEBUG: Using file pattern: /(?:^|/)gotk-components\.ya?ml$/ for manager flux (repository=local)
DEBUG: Using file pattern: /\.yaml(?:\.j2)?$/ for manager flux (repository=local)
DEBUG: Using file pattern: /(^|/)\.fvm/fvm_config\.json$/ for manager fvm (repository=local)
DEBUG: Using file pattern: /(^|/)\.fvmrc$/ for manager fvm (repository=local)
DEBUG: Using file pattern: /(^|/)\.gitmodules$/ for manager git-submodules (repository=local)
DEBUG: Using file pattern: /(^|/)(workflow-templates|\.(?:github|gitea|forgejo)/(?:workflows|actions))/.+\.ya?ml$/ for manager github-actions (repository=local)
DEBUG: Using file pattern: /(^|/)action\.ya?ml$/ for manager github-actions (repository=local)
DEBUG: Using file pattern: /\.gitlab-ci\.ya?ml$/ for manager gitlabci (repository=local)
DEBUG: Using file pattern: /\.gitlab-ci\.ya?ml$/ for manager gitlabci-include (repository=local)
DEBUG: Using file pattern: /(^|/)gleam.toml$/ for manager gleam (repository=local)
DEBUG: Using file pattern: /(^|/)go\.mod$/ for manager gomod (repository=local)
DEBUG: Using file pattern: /\.gradle(\.kts)?$/ for manager gradle (repository=local)
DEBUG: Using file pattern: /(^|/)gradle\.properties$/ for manager gradle (repository=local)
DEBUG: Using file pattern: /(^|/)gradle/.+\.toml$/ for manager gradle (repository=local)
DEBUG: Using file pattern: /(^|/)buildSrc/.+\.kt$/ for manager gradle (repository=local)
DEBUG: Using file pattern: /\.versions\.toml$/ for manager gradle (repository=local)
DEBUG: Using file pattern: /(^|/)versions.props$/ for manager gradle (repository=local)
DEBUG: Using file pattern: /(^|/)versions.lock$/ for manager gradle (repository=local)
DEBUG: Using file pattern: /(^|/)gradle/wrapper/gradle-wrapper\.properties$/ for manager gradle-wrapper (repository=local)
DEBUG: Using file pattern: /\.cabal$/ for manager haskell-cabal (repository=local)
DEBUG: Using file pattern: /(^|/)requirements\.ya?ml$/ for manager helm-requirements (repository=local)
DEBUG: Using file pattern: /(^|/)values\.ya?ml$/ for manager helm-values (repository=local)
DEBUG: Using file pattern: /(^|/)helmfile\.ya?ml(?:\.gotmpl)?$/ for manager helmfile (repository=local)
DEBUG: Using file pattern: /(^|/)helmfile\.d/.+\.ya?ml(?:\.gotmpl)?$/ for manager helmfile (repository=local)
DEBUG: Using file pattern: /(^|/)Chart\.ya?ml$/ for manager helmv3 (repository=local)
DEBUG: Using file pattern: /(^|/)bin/hermit$/ for manager hermit (repository=local)
DEBUG: Using file pattern: /^Formula/[^/]+[.]rb$/ for manager homebrew (repository=local)
DEBUG: Using file pattern: /\.html?$/ for manager html (repository=local)
DEBUG: Using file pattern: /(^|/)plugins\.(txt|ya?ml)$/ for manager jenkins (repository=local)
DEBUG: Using file pattern: /(^|/)jsonnetfile\.json$/ for manager jsonnet-bundler (repository=local)
DEBUG: Using file pattern: /^.+\.main\.kts$/ for manager kotlin-script (repository=local)
DEBUG: Using file pattern: /\.yaml(?:\.j2)?$/ for manager kubernetes (repository=local)
DEBUG: Using file pattern: /(^|/)kustomization\.ya?ml$/ for manager kustomize (repository=local)
DEBUG: Using file pattern: /(^|/)project\.clj$/ for manager leiningen (repository=local)
DEBUG: Using file pattern: /(^|/|\.)pom\.xml$/ for manager maven (repository=local)
DEBUG: Using file pattern: /^(((\.mvn)|(\.m2))/)?settings\.xml$/ for manager maven (repository=local)
DEBUG: Using file pattern: /(^|/)\.mvn/extensions\.xml$/ for manager maven (repository=local)
DEBUG: Using file pattern: /(^|\/).mvn/wrapper/maven-wrapper.properties$/ for manager maven-wrapper (repository=local)
DEBUG: Using file pattern: /(^|\/)mvnw(.cmd)?$/ for manager maven-wrapper (repository=local)
DEBUG: Using file pattern: /(^|/)package\.js$/ for manager meteor (repository=local)
DEBUG: Using file pattern: /(^|/)Mintfile$/ for manager mint (repository=local)
DEBUG: Using file pattern: /(^|/)\.?mise\.toml$/ for manager mise (repository=local)
DEBUG: Using file pattern: /(^|/)\.?mise/config\.toml$/ for manager mise (repository=local)
DEBUG: Using file pattern: /(^|/)mix\.exs$/ for manager mix (repository=local)
DEBUG: Using file pattern: /(^|/)flake\.nix$/ for manager nix (repository=local)
DEBUG: Using file pattern: /(^|/)\.node-version$/ for manager nodenv (repository=local)
DEBUG: Using file pattern: /(^|/)package\.json$/ for manager npm (repository=local)
DEBUG: Using file pattern: /(^|/)pnpm-workspace\.yaml$/ for manager npm (repository=local)
DEBUG: Using file pattern: /\.(?:cs|fs|vb)proj$/ for manager nuget (repository=local)
DEBUG: Using file pattern: /\.(?:props|targets)$/ for manager nuget (repository=local)
DEBUG: Using file pattern: /(^|/)dotnet-tools\.json$/ for manager nuget (repository=local)
DEBUG: Using file pattern: /(^|/)global\.json$/ for manager nuget (repository=local)
DEBUG: Using file pattern: /(^|/)\.nvmrc$/ for manager nvm (repository=local)
DEBUG: Using file pattern: /(^|/)src/main/features/.+\.json$/ for manager osgi (repository=local)
DEBUG: Using file pattern: /(^|/)pyproject\.toml$/ for manager pep621 (repository=local)
DEBUG: Using file pattern: /(^|/)[\w-]*requirements([-.]\w+)?\.(txt|pip)$/ for manager pip_requirements (repository=local)
DEBUG: Using file pattern: /(^|/)setup\.py$/ for manager pip_setup (repository=local)
DEBUG: Using file pattern: /(^|/)Pipfile$/ for manager pipenv (repository=local)
DEBUG: Using file pattern: /(^|/)pyproject\.toml$/ for manager pixi (repository=local)
DEBUG: Using file pattern: /(^|/)pixi\.toml$/ for manager pixi (repository=local)
DEBUG: Using file pattern: /(^|/)pyproject\.toml$/ for manager poetry (repository=local)
DEBUG: Using file pattern: /(^|/)\.pre-commit-config\.ya?ml$/ for manager pre-commit (repository=local)
DEBUG: Using file pattern: /(^|/)pubspec\.ya?ml$/ for manager pub (repository=local)
DEBUG: Using file pattern: /(^|/)Puppetfile$/ for manager puppet (repository=local)
DEBUG: Using file pattern: /(^|/)\.python-version$/ for manager pyenv (repository=local)
DEBUG: Using file pattern: /.+\.container$/ for manager quadlet (repository=local)
DEBUG: Using file pattern: /.+\.image$/ for manager quadlet (repository=local)
DEBUG: Using file pattern: /.+\.volume$/ for manager quadlet (repository=local)
DEBUG: Using file pattern: renovate.json for manager renovate-config-presets (repository=local)
DEBUG: Using file pattern: renovate.json5 for manager renovate-config-presets (repository=local)
DEBUG: Using file pattern: .github/renovate.json for manager renovate-config-presets (repository=local)
DEBUG: Using file pattern: .github/renovate.json5 for manager renovate-config-presets (repository=local)
DEBUG: Using file pattern: .gitlab/renovate.json for manager renovate-config-presets (repository=local)
DEBUG: Using file pattern: .gitlab/renovate.json5 for manager renovate-config-presets (repository=local)
DEBUG: Using file pattern: .renovaterc for manager renovate-config-presets (repository=local)
DEBUG: Using file pattern: .renovaterc.json for manager renovate-config-presets (repository=local)
DEBUG: Using file pattern: .renovaterc.json5 for manager renovate-config-presets (repository=local)
DEBUG: Using file pattern: /(^|/)\.ruby-version$/ for manager ruby-version (repository=local)
DEBUG: Using file pattern: /(^|/)runtime.txt$/ for manager runtime-version (repository=local)
DEBUG: Using file pattern: /\.sbt$/ for manager sbt (repository=local)
DEBUG: Using file pattern: /project/[^/]*\.scala$/ for manager sbt (repository=local)
DEBUG: Using file pattern: /project/build\.properties$/ for manager sbt (repository=local)
DEBUG: Using file pattern: /(^|/)repositories$/ for manager sbt (repository=local)
DEBUG: Using file pattern: /(^|/)\.scalafmt.conf$/ for manager scalafmt (repository=local)
DEBUG: Using file pattern: /(^|/)setup\.cfg$/ for manager setup-cfg (repository=local)
DEBUG: Using file pattern: /(^|/)Package\.swift/ for manager swift (repository=local)
DEBUG: Using file pattern: **/*.tf for manager terraform (repository=local)
DEBUG: Using file pattern: **/*.tofu for manager terraform (repository=local)
DEBUG: Using file pattern: /(^|/)\.terraform-version$/ for manager terraform-version (repository=local)
DEBUG: Using file pattern: /(^|/)terragrunt\.hcl$/ for manager terragrunt (repository=local)
DEBUG: Using file pattern: /(^|/)\.terragrunt-version$/ for manager terragrunt-version (repository=local)
DEBUG: Using file pattern: /\.tflint\.hcl$/ for manager tflint-plugin (repository=local)
DEBUG: Using file pattern: /^\.travis\.ya?ml$/ for manager travis (repository=local)
DEBUG: Using file pattern: /\.typ$/ for manager typst (repository=local)
DEBUG: Using file pattern: **/ProjectSettings/ProjectVersion.txt for manager unity3d (repository=local)
DEBUG: Using file pattern: /(^|/)\.vela\.ya?ml$/ for manager velaci (repository=local)
DEBUG: Using file pattern: /(^|/)vendir\.yml$/ for manager vendir (repository=local)
DEBUG: Using file pattern: /^\.woodpecker(?:/[^/]+)?\.ya?ml$/ for manager woodpecker (repository=local)
DEBUG: Using file pattern: /(^|/).+\.env(?:\.j2)?$/ for manager regex (repository=local)
DEBUG: Using file pattern: /(^|/).+\.sh(?:\.j2)?$/ for manager regex (repository=local)
DEBUG: Using file pattern: /(^|/).+\.ya?ml(?:\.j2)?$/ for manager regex (repository=local)
DEBUG: Using file pattern: /(^|/).+\.ya?ml(?:\.j2)?$/ for manager regex (repository=local)
DEBUG: Using file pattern: /(^|/).+\.ya?ml(?:\.j2)?$/ for manager regex (repository=local)
DEBUG: Matched 204 file(s) for manager flux: .github/workflows/flux-local.yaml, .github/workflows/force-renovate.yaml, .github/workflows/renovate-dashboard.yaml, .github/workflows/renovate.yaml, .markdownlint-cli2.yaml, .pre-commit-config.yaml, .taskfiles/bootstrap/Taskfile.yaml, .taskfiles/talos/Taskfile.yaml, .yamllint.yaml, Taskfile.yaml, bootstrap/helmfile.yaml, kubernetes/apps/cert-manager/cert-manager/clusterissuer.yaml, kubernetes/apps/cert-manager/cert-manager/helmrelease.yaml, kubernetes/apps/cert-manager/cert-manager/ks.yaml, kubernetes/apps/cert-manager/cert-manager/kustomization.yaml, kubernetes/apps/cert-manager/kustomization.yaml, kubernetes/apps/default/authentik/blueprints/custom-users.yaml, kubernetes/apps/default/authentik/blueprints/outpost-configuration.yaml, kubernetes/apps/default/authentik/blueprints/qbittorrent-application.yaml, kubernetes/apps/default/authentik/blueprints/qbittorrent-provider.yaml, kubernetes/apps/default/authentik/helmrelease.yaml, kubernetes/apps/default/authentik/httproute.yaml, kubernetes/apps/default/authentik/ks.yaml, kubernetes/apps/default/authentik/kustomization.yaml, kubernetes/apps/default/bookstack/helmrelease.yaml, kubernetes/apps/default/bookstack/httproute.yaml, kubernetes/apps/default/bookstack/ks.yaml, kubernetes/apps/default/bookstack/kustomization.yaml, kubernetes/apps/default/bookstack/mariadb.yaml, kubernetes/apps/default/bookstack/pvc.yaml, kubernetes/apps/default/filerun/helmrelease.yaml, kubernetes/apps/default/filerun/httproute.yaml, kubernetes/apps/default/filerun/ks.yaml, kubernetes/apps/default/filerun/kustomization.yaml, kubernetes/apps/default/filerun/mariadb.yaml, kubernetes/apps/default/filerun/pv.yaml, kubernetes/apps/default/filerun/pvc.yaml, kubernetes/apps/default/homepage/config/bookmarks.yaml, kubernetes/apps/default/homepage/config/docker.yaml, kubernetes/apps/default/homepage/config/kubernetes.yaml, kubernetes/apps/default/homepage/config/services.yaml, kubernetes/apps/default/homepage/config/settings.yaml, kubernetes/apps/default/homepage/config/widgets.yaml, kubernetes/apps/default/homepage/helmrelease.yaml, kubernetes/apps/default/homepage/ks.yaml, kubernetes/apps/default/homepage/kustomization.yaml, kubernetes/apps/default/immich/configmap.yaml, kubernetes/apps/default/immich/helmrelease.yaml, kubernetes/apps/default/immich/httproute.yaml, kubernetes/apps/default/immich/ks.yaml, kubernetes/apps/default/immich/kustomization.yaml, kubernetes/apps/default/immich/postgres-cluster.yaml, kubernetes/apps/default/immich/pv.yaml, kubernetes/apps/default/immich/pvc.yaml, kubernetes/apps/default/kustomization.yaml, kubernetes/apps/default/mcp-memory-service/helmrelease.yaml, kubernetes/apps/default/mcp-memory-service/ks.yaml, kubernetes/apps/default/mcp-memory-service/kustomization.yaml, kubernetes/apps/default/mcp-memory-service/pvc.yaml, kubernetes/apps/default/silverbullet/helmrelease.yaml, kubernetes/apps/default/silverbullet/httproute.yaml, kubernetes/apps/default/silverbullet/ks.yaml, kubernetes/apps/default/silverbullet/kustomization.yaml, kubernetes/apps/default/silverbullet/pvc.yaml, kubernetes/apps/dns-private/adguard-home-sync/data/adguardhome-sync.yaml, kubernetes/apps/dns-private/adguard-home-sync/helmrelease.yaml, kubernetes/apps/dns-private/adguard-home-sync/ks.yaml, kubernetes/apps/dns-private/adguard-home-sync/kustomization.yaml, kubernetes/apps/dns-private/adguard-home/data/AdGuardHome.yaml, kubernetes/apps/dns-private/adguard-home/helmrelease.yaml, kubernetes/apps/dns-private/adguard-home/httproute-replica.yaml, kubernetes/apps/dns-private/adguard-home/httproute.yaml, kubernetes/apps/dns-private/adguard-home/ks.yaml, kubernetes/apps/dns-private/adguard-home/kustomization.yaml, kubernetes/apps/dns-private/dns-gateway/ks.yaml, kubernetes/apps/dns-private/dns-gateway/kustomization.yaml, kubernetes/apps/dns-private/dns-gateway/service.yaml, kubernetes/apps/dns-private/external-dns/helmrelease.yaml, kubernetes/apps/dns-private/external-dns/ks.yaml, kubernetes/apps/dns-private/external-dns/kustomization.yaml, kubernetes/apps/dns-private/kustomization.yaml, kubernetes/apps/dns-private/secret/ks.yaml, kubernetes/apps/dns-private/secret/kustomization.yaml, kubernetes/apps/flux-system/flux-instance/helmrelease.yaml, kubernetes/apps/flux-system/flux-instance/httproute.yaml, kubernetes/apps/flux-system/flux-instance/ks.yaml, kubernetes/apps/flux-system/flux-instance/kustomization.yaml, kubernetes/apps/flux-system/flux-instance/receiver.yaml, kubernetes/apps/flux-system/flux-operator/helmrelease.yaml, kubernetes/apps/flux-system/flux-operator/ks.yaml, kubernetes/apps/flux-system/flux-operator/kustomization.yaml, kubernetes/apps/flux-system/kustomization.yaml, kubernetes/apps/kube-system/cilium/helmrelease.yaml, kubernetes/apps/kube-system/cilium/ks.yaml, kubernetes/apps/kube-system/cilium/kustomization.yaml, kubernetes/apps/kube-system/cilium/networks.yaml, kubernetes/apps/kube-system/cloudnative-pg/helmrelease.yaml, kubernetes/apps/kube-system/cloudnative-pg/ks.yaml, kubernetes/apps/kube-system/cloudnative-pg/kustomization.yaml, kubernetes/apps/kube-system/coredns/helmrelease.yaml, kubernetes/apps/kube-system/coredns/ks.yaml, kubernetes/apps/kube-system/coredns/kustomization.yaml, kubernetes/apps/kube-system/intel-gpu-plugin/gpu-device-plugin.yaml, kubernetes/apps/kube-system/intel-gpu-plugin/helmrelease.yaml, kubernetes/apps/kube-system/intel-gpu-plugin/ks.yaml, kubernetes/apps/kube-system/intel-gpu-plugin/kustomization.yaml, kubernetes/apps/kube-system/intel-gpu-plugin/monitoring.yaml, kubernetes/apps/kube-system/kustomization.yaml, kubernetes/apps/kube-system/mariadb-operator/helmrelease.yaml, kubernetes/apps/kube-system/mariadb-operator/ks.yaml, kubernetes/apps/kube-system/mariadb-operator/kustomization.yaml, kubernetes/apps/kube-system/metrics-server/helmrelease.yaml, kubernetes/apps/kube-system/metrics-server/ks.yaml, kubernetes/apps/kube-system/metrics-server/kustomization.yaml, kubernetes/apps/kube-system/node-feature-discovery/helmrelease.yaml, kubernetes/apps/kube-system/node-feature-discovery/ks.yaml, kubernetes/apps/kube-system/node-feature-discovery/kustomization.yaml, kubernetes/apps/kube-system/node-feature-discovery/nodefeaturerule.yaml, kubernetes/apps/kube-system/reloader/helmrelease.yaml, kubernetes/apps/kube-system/reloader/ks.yaml, kubernetes/apps/kube-system/reloader/kustomization.yaml, kubernetes/apps/kube-system/spegel/helmrelease.yaml, kubernetes/apps/kube-system/spegel/ks.yaml, kubernetes/apps/kube-system/spegel/kustomization.yaml, kubernetes/apps/media/kustomization.yaml, kubernetes/apps/media/qbittorrent/helmrelease.yaml, kubernetes/apps/media/qbittorrent/httproute.yaml, kubernetes/apps/media/qbittorrent/ks.yaml, kubernetes/apps/media/qbittorrent/kustomization.yaml, kubernetes/apps/media/qbittorrent/pvc.yaml, kubernetes/apps/media/qbittorrent/securitypolicy.yaml, kubernetes/apps/media/sabnzbd/helmrelease.yaml, kubernetes/apps/media/sabnzbd/httproute.yaml, kubernetes/apps/media/sabnzbd/ks.yaml, kubernetes/apps/media/sabnzbd/kustomization.yaml, kubernetes/apps/media/sabnzbd/pvc.yaml, kubernetes/apps/network/cloudflare-dns/crd.yaml, kubernetes/apps/network/cloudflare-dns/httproute.yaml, kubernetes/apps/network/cloudflare-dns/ks.yaml, kubernetes/apps/network/cloudflare-dns/kustomization.yaml, kubernetes/apps/network/cloudflare-dns/shared-values.yaml, kubernetes/apps/network/cloudflare-tunnel/dnsendpoint.yaml, kubernetes/apps/network/cloudflare-tunnel/helmrelease.yaml, kubernetes/apps/network/cloudflare-tunnel/ks.yaml, kubernetes/apps/network/cloudflare-tunnel/kustomization.yaml, kubernetes/apps/network/envoy-gateway/certificate.yaml, kubernetes/apps/network/envoy-gateway/envoyproxy-config.yaml, kubernetes/apps/network/envoy-gateway/external-gateway-service.yaml, kubernetes/apps/network/envoy-gateway/external.yaml, kubernetes/apps/network/envoy-gateway/gatewayclass.yaml, kubernetes/apps/network/envoy-gateway/helmrelease.yaml, kubernetes/apps/network/envoy-gateway/internal.yaml, kubernetes/apps/network/envoy-gateway/ks.yaml, kubernetes/apps/network/envoy-gateway/kustomization.yaml, kubernetes/apps/network/kustomization.yaml, kubernetes/apps/observability/grafana/helmrelease.yaml, kubernetes/apps/observability/grafana/httproute.yaml, kubernetes/apps/observability/grafana/ks.yaml, kubernetes/apps/observability/grafana/kustomization.yaml, kubernetes/apps/observability/kustomization.yaml, kubernetes/apps/observability/victoria-logs-single/helmrelease.yaml, kubernetes/apps/observability/victoria-logs-single/httproute.yaml, kubernetes/apps/observability/victoria-logs-single/ks.yaml, kubernetes/apps/observability/victoria-logs-single/kustomization.yaml, kubernetes/apps/observability/victoria-metrics-k8s-stack/helmrelease.yaml, kubernetes/apps/observability/victoria-metrics-k8s-stack/httproute.yaml, kubernetes/apps/observability/victoria-metrics-k8s-stack/ks.yaml, kubernetes/apps/observability/victoria-metrics-k8s-stack/kustomization.yaml, kubernetes/apps/rook-ceph/cluster/cephobjectstoreuser-console.yaml, kubernetes/apps/rook-ceph/cluster/helmrelease.yaml, kubernetes/apps/rook-ceph/cluster/httproute.yaml, kubernetes/apps/rook-ceph/cluster/ks.yaml, kubernetes/apps/rook-ceph/cluster/kustomization.yaml, kubernetes/apps/rook-ceph/kustomization.yaml, kubernetes/apps/rook-ceph/operator/helmrelease.yaml, kubernetes/apps/rook-ceph/operator/ks.yaml, kubernetes/apps/rook-ceph/operator/kustomization.yaml, kubernetes/apps/storage/kustomization.yaml, kubernetes/apps/storage/nfs/ks.yaml, kubernetes/apps/storage/nfs/kustomization.yaml, kubernetes/apps/storage/nfs/persistentvolumes.yaml, kubernetes/components/common/kustomization.yaml, kubernetes/components/common/namespace.yaml, kubernetes/components/common/repos/app-template/kustomization.yaml, kubernetes/components/common/repos/app-template/ocirepository.yaml, kubernetes/components/common/repos/kustomization.yaml, kubernetes/components/common/sops/kustomization.yaml, kubernetes/components/drift-detection/kustomization.yaml, kubernetes/flux/cluster/ks.yaml, kubernetes/flux/meta/kustomization.yaml, kubernetes/flux/meta/repos/external-dns.yaml, kubernetes/flux/meta/repos/intel.yaml, kubernetes/flux/meta/repos/kustomization.yaml, kubernetes/flux/meta/repos/node-feature-discovery.yaml, talos/patches/controller/admission-controller-patch.yaml, talos/patches/controller/cluster.yaml, talos/patches/global/machine-files.yaml, talos/patches/global/machine-intel-gpu.yaml, talos/patches/global/machine-kubelet.yaml, talos/patches/global/machine-network.yaml, talos/patches/global/machine-sysctls.yaml, talos/patches/global/machine-time.yaml, talos/talconfig.yaml, talos/talenv.yaml (repository=local)
DEBUG: Matched 4 file(s) for manager github-actions: .github/workflows/flux-local.yaml, .github/workflows/force-renovate.yaml, .github/workflows/renovate-dashboard.yaml, .github/workflows/renovate.yaml (repository=local)
DEBUG: Matched 1 file(s) for manager helmfile: bootstrap/helmfile.yaml (repository=local)
DEBUG: Matched 204 file(s) for manager kubernetes: .github/workflows/flux-local.yaml, .github/workflows/force-renovate.yaml, .github/workflows/renovate-dashboard.yaml, .github/workflows/renovate.yaml, .markdownlint-cli2.yaml, .pre-commit-config.yaml, .taskfiles/bootstrap/Taskfile.yaml, .taskfiles/talos/Taskfile.yaml, .yamllint.yaml, Taskfile.yaml, bootstrap/helmfile.yaml, kubernetes/apps/cert-manager/cert-manager/clusterissuer.yaml, kubernetes/apps/cert-manager/cert-manager/helmrelease.yaml, kubernetes/apps/cert-manager/cert-manager/ks.yaml, kubernetes/apps/cert-manager/cert-manager/kustomization.yaml, kubernetes/apps/cert-manager/kustomization.yaml, kubernetes/apps/default/authentik/blueprints/custom-users.yaml, kubernetes/apps/default/authentik/blueprints/outpost-configuration.yaml, kubernetes/apps/default/authentik/blueprints/qbittorrent-application.yaml, kubernetes/apps/default/authentik/blueprints/qbittorrent-provider.yaml, kubernetes/apps/default/authentik/helmrelease.yaml, kubernetes/apps/default/authentik/httproute.yaml, kubernetes/apps/default/authentik/ks.yaml, kubernetes/apps/default/authentik/kustomization.yaml, kubernetes/apps/default/bookstack/helmrelease.yaml, kubernetes/apps/default/bookstack/httproute.yaml, kubernetes/apps/default/bookstack/ks.yaml, kubernetes/apps/default/bookstack/kustomization.yaml, kubernetes/apps/default/bookstack/mariadb.yaml, kubernetes/apps/default/bookstack/pvc.yaml, kubernetes/apps/default/filerun/helmrelease.yaml, kubernetes/apps/default/filerun/httproute.yaml, kubernetes/apps/default/filerun/ks.yaml, kubernetes/apps/default/filerun/kustomization.yaml, kubernetes/apps/default/filerun/mariadb.yaml, kubernetes/apps/default/filerun/pv.yaml, kubernetes/apps/default/filerun/pvc.yaml, kubernetes/apps/default/homepage/config/bookmarks.yaml, kubernetes/apps/default/homepage/config/docker.yaml, kubernetes/apps/default/homepage/config/kubernetes.yaml, kubernetes/apps/default/homepage/config/services.yaml, kubernetes/apps/default/homepage/config/settings.yaml, kubernetes/apps/default/homepage/config/widgets.yaml, kubernetes/apps/default/homepage/helmrelease.yaml, kubernetes/apps/default/homepage/ks.yaml, kubernetes/apps/default/homepage/kustomization.yaml, kubernetes/apps/default/immich/configmap.yaml, kubernetes/apps/default/immich/helmrelease.yaml, kubernetes/apps/default/immich/httproute.yaml, kubernetes/apps/default/immich/ks.yaml, kubernetes/apps/default/immich/kustomization.yaml, kubernetes/apps/default/immich/postgres-cluster.yaml, kubernetes/apps/default/immich/pv.yaml, kubernetes/apps/default/immich/pvc.yaml, kubernetes/apps/default/kustomization.yaml, kubernetes/apps/default/mcp-memory-service/helmrelease.yaml, kubernetes/apps/default/mcp-memory-service/ks.yaml, kubernetes/apps/default/mcp-memory-service/kustomization.yaml, kubernetes/apps/default/mcp-memory-service/pvc.yaml, kubernetes/apps/default/silverbullet/helmrelease.yaml, kubernetes/apps/default/silverbullet/httproute.yaml, kubernetes/apps/default/silverbullet/ks.yaml, kubernetes/apps/default/silverbullet/kustomization.yaml, kubernetes/apps/default/silverbullet/pvc.yaml, kubernetes/apps/dns-private/adguard-home-sync/data/adguardhome-sync.yaml, kubernetes/apps/dns-private/adguard-home-sync/helmrelease.yaml, kubernetes/apps/dns-private/adguard-home-sync/ks.yaml, kubernetes/apps/dns-private/adguard-home-sync/kustomization.yaml, kubernetes/apps/dns-private/adguard-home/data/AdGuardHome.yaml, kubernetes/apps/dns-private/adguard-home/helmrelease.yaml, kubernetes/apps/dns-private/adguard-home/httproute-replica.yaml, kubernetes/apps/dns-private/adguard-home/httproute.yaml, kubernetes/apps/dns-private/adguard-home/ks.yaml, kubernetes/apps/dns-private/adguard-home/kustomization.yaml, kubernetes/apps/dns-private/dns-gateway/ks.yaml, kubernetes/apps/dns-private/dns-gateway/kustomization.yaml, kubernetes/apps/dns-private/dns-gateway/service.yaml, kubernetes/apps/dns-private/external-dns/helmrelease.yaml, kubernetes/apps/dns-private/external-dns/ks.yaml, kubernetes/apps/dns-private/external-dns/kustomization.yaml, kubernetes/apps/dns-private/kustomization.yaml, kubernetes/apps/dns-private/secret/ks.yaml, kubernetes/apps/dns-private/secret/kustomization.yaml, kubernetes/apps/flux-system/flux-instance/helmrelease.yaml, kubernetes/apps/flux-system/flux-instance/httproute.yaml, kubernetes/apps/flux-system/flux-instance/ks.yaml, kubernetes/apps/flux-system/flux-instance/kustomization.yaml, kubernetes/apps/flux-system/flux-instance/receiver.yaml, kubernetes/apps/flux-system/flux-operator/helmrelease.yaml, kubernetes/apps/flux-system/flux-operator/ks.yaml, kubernetes/apps/flux-system/flux-operator/kustomization.yaml, kubernetes/apps/flux-system/kustomization.yaml, kubernetes/apps/kube-system/cilium/helmrelease.yaml, kubernetes/apps/kube-system/cilium/ks.yaml, kubernetes/apps/kube-system/cilium/kustomization.yaml, kubernetes/apps/kube-system/cilium/networks.yaml, kubernetes/apps/kube-system/cloudnative-pg/helmrelease.yaml, kubernetes/apps/kube-system/cloudnative-pg/ks.yaml, kubernetes/apps/kube-system/cloudnative-pg/kustomization.yaml, kubernetes/apps/kube-system/coredns/helmrelease.yaml, kubernetes/apps/kube-system/coredns/ks.yaml, kubernetes/apps/kube-system/coredns/kustomization.yaml, kubernetes/apps/kube-system/intel-gpu-plugin/gpu-device-plugin.yaml, kubernetes/apps/kube-system/intel-gpu-plugin/helmrelease.yaml, kubernetes/apps/kube-system/intel-gpu-plugin/ks.yaml, kubernetes/apps/kube-system/intel-gpu-plugin/kustomization.yaml, kubernetes/apps/kube-system/intel-gpu-plugin/monitoring.yaml, kubernetes/apps/kube-system/kustomization.yaml, kubernetes/apps/kube-system/mariadb-operator/helmrelease.yaml, kubernetes/apps/kube-system/mariadb-operator/ks.yaml, kubernetes/apps/kube-system/mariadb-operator/kustomization.yaml, kubernetes/apps/kube-system/metrics-server/helmrelease.yaml, kubernetes/apps/kube-system/metrics-server/ks.yaml, kubernetes/apps/kube-system/metrics-server/kustomization.yaml, kubernetes/apps/kube-system/node-feature-discovery/helmrelease.yaml, kubernetes/apps/kube-system/node-feature-discovery/ks.yaml, kubernetes/apps/kube-system/node-feature-discovery/kustomization.yaml, kubernetes/apps/kube-system/node-feature-discovery/nodefeaturerule.yaml, kubernetes/apps/kube-system/reloader/helmrelease.yaml, kubernetes/apps/kube-system/reloader/ks.yaml, kubernetes/apps/kube-system/reloader/kustomization.yaml, kubernetes/apps/kube-system/spegel/helmrelease.yaml, kubernetes/apps/kube-system/spegel/ks.yaml, kubernetes/apps/kube-system/spegel/kustomization.yaml, kubernetes/apps/media/kustomization.yaml, kubernetes/apps/media/qbittorrent/helmrelease.yaml, kubernetes/apps/media/qbittorrent/httproute.yaml, kubernetes/apps/media/qbittorrent/ks.yaml, kubernetes/apps/media/qbittorrent/kustomization.yaml, kubernetes/apps/media/qbittorrent/pvc.yaml, kubernetes/apps/media/qbittorrent/securitypolicy.yaml, kubernetes/apps/media/sabnzbd/helmrelease.yaml, kubernetes/apps/media/sabnzbd/httproute.yaml, kubernetes/apps/media/sabnzbd/ks.yaml, kubernetes/apps/media/sabnzbd/kustomization.yaml, kubernetes/apps/media/sabnzbd/pvc.yaml, kubernetes/apps/network/cloudflare-dns/crd.yaml, kubernetes/apps/network/cloudflare-dns/httproute.yaml, kubernetes/apps/network/cloudflare-dns/ks.yaml, kubernetes/apps/network/cloudflare-dns/kustomization.yaml, kubernetes/apps/network/cloudflare-dns/shared-values.yaml, kubernetes/apps/network/cloudflare-tunnel/dnsendpoint.yaml, kubernetes/apps/network/cloudflare-tunnel/helmrelease.yaml, kubernetes/apps/network/cloudflare-tunnel/ks.yaml, kubernetes/apps/network/cloudflare-tunnel/kustomization.yaml, kubernetes/apps/network/envoy-gateway/certificate.yaml, kubernetes/apps/network/envoy-gateway/envoyproxy-config.yaml, kubernetes/apps/network/envoy-gateway/external-gateway-service.yaml, kubernetes/apps/network/envoy-gateway/external.yaml, kubernetes/apps/network/envoy-gateway/gatewayclass.yaml, kubernetes/apps/network/envoy-gateway/helmrelease.yaml, kubernetes/apps/network/envoy-gateway/internal.yaml, kubernetes/apps/network/envoy-gateway/ks.yaml, kubernetes/apps/network/envoy-gateway/kustomization.yaml, kubernetes/apps/network/kustomization.yaml, kubernetes/apps/observability/grafana/helmrelease.yaml, kubernetes/apps/observability/grafana/httproute.yaml, kubernetes/apps/observability/grafana/ks.yaml, kubernetes/apps/observability/grafana/kustomization.yaml, kubernetes/apps/observability/kustomization.yaml, kubernetes/apps/observability/victoria-logs-single/helmrelease.yaml, kubernetes/apps/observability/victoria-logs-single/httproute.yaml, kubernetes/apps/observability/victoria-logs-single/ks.yaml, kubernetes/apps/observability/victoria-logs-single/kustomization.yaml, kubernetes/apps/observability/victoria-metrics-k8s-stack/helmrelease.yaml, kubernetes/apps/observability/victoria-metrics-k8s-stack/httproute.yaml, kubernetes/apps/observability/victoria-metrics-k8s-stack/ks.yaml, kubernetes/apps/observability/victoria-metrics-k8s-stack/kustomization.yaml, kubernetes/apps/rook-ceph/cluster/cephobjectstoreuser-console.yaml, kubernetes/apps/rook-ceph/cluster/helmrelease.yaml, kubernetes/apps/rook-ceph/cluster/httproute.yaml, kubernetes/apps/rook-ceph/cluster/ks.yaml, kubernetes/apps/rook-ceph/cluster/kustomization.yaml, kubernetes/apps/rook-ceph/kustomization.yaml, kubernetes/apps/rook-ceph/operator/helmrelease.yaml, kubernetes/apps/rook-ceph/operator/ks.yaml, kubernetes/apps/rook-ceph/operator/kustomization.yaml, kubernetes/apps/storage/kustomization.yaml, kubernetes/apps/storage/nfs/ks.yaml, kubernetes/apps/storage/nfs/kustomization.yaml, kubernetes/apps/storage/nfs/persistentvolumes.yaml, kubernetes/components/common/kustomization.yaml, kubernetes/components/common/namespace.yaml, kubernetes/components/common/repos/app-template/kustomization.yaml, kubernetes/components/common/repos/app-template/ocirepository.yaml, kubernetes/components/common/repos/kustomization.yaml, kubernetes/components/common/sops/kustomization.yaml, kubernetes/components/drift-detection/kustomization.yaml, kubernetes/flux/cluster/ks.yaml, kubernetes/flux/meta/kustomization.yaml, kubernetes/flux/meta/repos/external-dns.yaml, kubernetes/flux/meta/repos/intel.yaml, kubernetes/flux/meta/repos/kustomization.yaml, kubernetes/flux/meta/repos/node-feature-discovery.yaml, talos/patches/controller/admission-controller-patch.yaml, talos/patches/controller/cluster.yaml, talos/patches/global/machine-files.yaml, talos/patches/global/machine-intel-gpu.yaml, talos/patches/global/machine-kubelet.yaml, talos/patches/global/machine-network.yaml, talos/patches/global/machine-sysctls.yaml, talos/patches/global/machine-time.yaml, talos/talconfig.yaml, talos/talenv.yaml (repository=local)
DEBUG: Matched 52 file(s) for manager kustomize: kubernetes/apps/cert-manager/cert-manager/kustomization.yaml, kubernetes/apps/cert-manager/kustomization.yaml, kubernetes/apps/default/authentik/kustomization.yaml, kubernetes/apps/default/bookstack/kustomization.yaml, kubernetes/apps/default/filerun/kustomization.yaml, kubernetes/apps/default/homepage/kustomization.yaml, kubernetes/apps/default/immich/kustomization.yaml, kubernetes/apps/default/kustomization.yaml, kubernetes/apps/default/mcp-memory-service/kustomization.yaml, kubernetes/apps/default/silverbullet/kustomization.yaml, kubernetes/apps/dns-private/adguard-home-sync/kustomization.yaml, kubernetes/apps/dns-private/adguard-home/kustomization.yaml, kubernetes/apps/dns-private/dns-gateway/kustomization.yaml, kubernetes/apps/dns-private/external-dns/kustomization.yaml, kubernetes/apps/dns-private/kustomization.yaml, kubernetes/apps/dns-private/secret/kustomization.yaml, kubernetes/apps/flux-system/flux-instance/kustomization.yaml, kubernetes/apps/flux-system/flux-operator/kustomization.yaml, kubernetes/apps/flux-system/kustomization.yaml, kubernetes/apps/kube-system/cilium/kustomization.yaml, kubernetes/apps/kube-system/cloudnative-pg/kustomization.yaml, kubernetes/apps/kube-system/coredns/kustomization.yaml, kubernetes/apps/kube-system/intel-gpu-plugin/kustomization.yaml, kubernetes/apps/kube-system/kustomization.yaml, kubernetes/apps/kube-system/mariadb-operator/kustomization.yaml, kubernetes/apps/kube-system/metrics-server/kustomization.yaml, kubernetes/apps/kube-system/node-feature-discovery/kustomization.yaml, kubernetes/apps/kube-system/reloader/kustomization.yaml, kubernetes/apps/kube-system/spegel/kustomization.yaml, kubernetes/apps/media/kustomization.yaml, kubernetes/apps/media/qbittorrent/kustomization.yaml, kubernetes/apps/media/sabnzbd/kustomization.yaml, kubernetes/apps/network/cloudflare-dns/kustomization.yaml, kubernetes/apps/network/cloudflare-tunnel/kustomization.yaml, kubernetes/apps/network/envoy-gateway/kustomization.yaml, kubernetes/apps/network/kustomization.yaml, kubernetes/apps/observability/grafana/kustomization.yaml, kubernetes/apps/observability/kustomization.yaml, kubernetes/apps/observability/victoria-logs-single/kustomization.yaml, kubernetes/apps/observability/victoria-metrics-k8s-stack/kustomization.yaml, kubernetes/apps/rook-ceph/cluster/kustomization.yaml, kubernetes/apps/rook-ceph/kustomization.yaml, kubernetes/apps/rook-ceph/operator/kustomization.yaml, kubernetes/apps/storage/kustomization.yaml, kubernetes/apps/storage/nfs/kustomization.yaml, kubernetes/components/common/kustomization.yaml, kubernetes/components/common/repos/app-template/kustomization.yaml, kubernetes/components/common/repos/kustomization.yaml, kubernetes/components/common/sops/kustomization.yaml, kubernetes/components/drift-detection/kustomization.yaml, kubernetes/flux/meta/kustomization.yaml, kubernetes/flux/meta/repos/kustomization.yaml (repository=local)
DEBUG: Matched 1 file(s) for manager mise: .mise.toml (repository=local)
DEBUG: Matched 1 file(s) for manager pip_requirements: scripts/app-scout/requirements.txt (repository=local)
DEBUG: Matched 1 file(s) for manager pre-commit: .pre-commit-config.yaml (repository=local)
DEBUG: Matched 1 file(s) for manager renovate-config-presets: renovate.json5 (repository=local)
DEBUG: Matched 214 file(s) for manager regex: .github/workflows/flux-local.yaml, .github/workflows/force-renovate.yaml, .github/workflows/renovate-dashboard.yaml, .github/workflows/renovate.yaml, .markdownlint-cli2.yaml, .pre-commit-config.yaml, .taskfiles/bootstrap/Taskfile.yaml, .taskfiles/talos/Taskfile.yaml, .yamllint.yaml, Taskfile.yaml, bootstrap/helmfile.yaml, kubernetes/apps/cert-manager/cert-manager/clusterissuer.yaml, kubernetes/apps/cert-manager/cert-manager/helmrelease.yaml, kubernetes/apps/cert-manager/cert-manager/ks.yaml, kubernetes/apps/cert-manager/cert-manager/kustomization.yaml, kubernetes/apps/cert-manager/kustomization.yaml, kubernetes/apps/default/authentik/blueprints/custom-users.yaml, kubernetes/apps/default/authentik/blueprints/outpost-configuration.yaml, kubernetes/apps/default/authentik/blueprints/qbittorrent-application.yaml, kubernetes/apps/default/authentik/blueprints/qbittorrent-provider.yaml, kubernetes/apps/default/authentik/helmrelease.yaml, kubernetes/apps/default/authentik/httproute.yaml, kubernetes/apps/default/authentik/ks.yaml, kubernetes/apps/default/authentik/kustomization.yaml, kubernetes/apps/default/bookstack/helmrelease.yaml, kubernetes/apps/default/bookstack/httproute.yaml, kubernetes/apps/default/bookstack/ks.yaml, kubernetes/apps/default/bookstack/kustomization.yaml, kubernetes/apps/default/bookstack/mariadb.yaml, kubernetes/apps/default/bookstack/pvc.yaml, kubernetes/apps/default/filerun/helmrelease.yaml, kubernetes/apps/default/filerun/httproute.yaml, kubernetes/apps/default/filerun/ks.yaml, kubernetes/apps/default/filerun/kustomization.yaml, kubernetes/apps/default/filerun/mariadb.yaml, kubernetes/apps/default/filerun/pv.yaml, kubernetes/apps/default/filerun/pvc.yaml, kubernetes/apps/default/homepage/config/bookmarks.yaml, kubernetes/apps/default/homepage/config/docker.yaml, kubernetes/apps/default/homepage/config/kubernetes.yaml, kubernetes/apps/default/homepage/config/services.yaml, kubernetes/apps/default/homepage/config/settings.yaml, kubernetes/apps/default/homepage/config/widgets.yaml, kubernetes/apps/default/homepage/helmrelease.yaml, kubernetes/apps/default/homepage/ks.yaml, kubernetes/apps/default/homepage/kustomization.yaml, kubernetes/apps/default/immich/configmap.yaml, kubernetes/apps/default/immich/helmrelease.yaml, kubernetes/apps/default/immich/httproute.yaml, kubernetes/apps/default/immich/ks.yaml, kubernetes/apps/default/immich/kustomization.yaml, kubernetes/apps/default/immich/postgres-cluster.yaml, kubernetes/apps/default/immich/pv.yaml, kubernetes/apps/default/immich/pvc.yaml, kubernetes/apps/default/kustomization.yaml, kubernetes/apps/default/mcp-memory-service/helmrelease.yaml, kubernetes/apps/default/mcp-memory-service/ks.yaml, kubernetes/apps/default/mcp-memory-service/kustomization.yaml, kubernetes/apps/default/mcp-memory-service/pvc.yaml, kubernetes/apps/default/silverbullet/helmrelease.yaml, kubernetes/apps/default/silverbullet/httproute.yaml, kubernetes/apps/default/silverbullet/ks.yaml, kubernetes/apps/default/silverbullet/kustomization.yaml, kubernetes/apps/default/silverbullet/pvc.yaml, kubernetes/apps/dns-private/adguard-home-sync/data/adguardhome-sync.yaml, kubernetes/apps/dns-private/adguard-home-sync/helmrelease.yaml, kubernetes/apps/dns-private/adguard-home-sync/ks.yaml, kubernetes/apps/dns-private/adguard-home-sync/kustomization.yaml, kubernetes/apps/dns-private/adguard-home/data/AdGuardHome.yaml, kubernetes/apps/dns-private/adguard-home/data/config-merge.sh, kubernetes/apps/dns-private/adguard-home/helmrelease.yaml, kubernetes/apps/dns-private/adguard-home/httproute-replica.yaml, kubernetes/apps/dns-private/adguard-home/httproute.yaml, kubernetes/apps/dns-private/adguard-home/ks.yaml, kubernetes/apps/dns-private/adguard-home/kustomization.yaml, kubernetes/apps/dns-private/dns-gateway/ks.yaml, kubernetes/apps/dns-private/dns-gateway/kustomization.yaml, kubernetes/apps/dns-private/dns-gateway/service.yaml, kubernetes/apps/dns-private/external-dns/helmrelease.yaml, kubernetes/apps/dns-private/external-dns/ks.yaml, kubernetes/apps/dns-private/external-dns/kustomization.yaml, kubernetes/apps/dns-private/kustomization.yaml, kubernetes/apps/dns-private/secret/ks.yaml, kubernetes/apps/dns-private/secret/kustomization.yaml, kubernetes/apps/flux-system/flux-instance/helmrelease.yaml, kubernetes/apps/flux-system/flux-instance/httproute.yaml, kubernetes/apps/flux-system/flux-instance/ks.yaml, kubernetes/apps/flux-system/flux-instance/kustomization.yaml, kubernetes/apps/flux-system/flux-instance/receiver.yaml, kubernetes/apps/flux-system/flux-operator/helmrelease.yaml, kubernetes/apps/flux-system/flux-operator/ks.yaml, kubernetes/apps/flux-system/flux-operator/kustomization.yaml, kubernetes/apps/flux-system/kustomization.yaml, kubernetes/apps/kube-system/cilium/helmrelease.yaml, kubernetes/apps/kube-system/cilium/ks.yaml, kubernetes/apps/kube-system/cilium/kustomization.yaml, kubernetes/apps/kube-system/cilium/networks.yaml, kubernetes/apps/kube-system/cloudnative-pg/helmrelease.yaml, kubernetes/apps/kube-system/cloudnative-pg/ks.yaml, kubernetes/apps/kube-system/cloudnative-pg/kustomization.yaml, kubernetes/apps/kube-system/coredns/helmrelease.yaml, kubernetes/apps/kube-system/coredns/ks.yaml, kubernetes/apps/kube-system/coredns/kustomization.yaml, kubernetes/apps/kube-system/intel-gpu-plugin/gpu-device-plugin.yaml, kubernetes/apps/kube-system/intel-gpu-plugin/helmrelease.yaml, kubernetes/apps/kube-system/intel-gpu-plugin/ks.yaml, kubernetes/apps/kube-system/intel-gpu-plugin/kustomization.yaml, kubernetes/apps/kube-system/intel-gpu-plugin/monitoring.yaml, kubernetes/apps/kube-system/kustomization.yaml, kubernetes/apps/kube-system/mariadb-operator/helmrelease.yaml, kubernetes/apps/kube-system/mariadb-operator/ks.yaml, kubernetes/apps/kube-system/mariadb-operator/kustomization.yaml, kubernetes/apps/kube-system/metrics-server/helmrelease.yaml, kubernetes/apps/kube-system/metrics-server/ks.yaml, kubernetes/apps/kube-system/metrics-server/kustomization.yaml, kubernetes/apps/kube-system/node-feature-discovery/helmrelease.yaml, kubernetes/apps/kube-system/node-feature-discovery/ks.yaml, kubernetes/apps/kube-system/node-feature-discovery/kustomization.yaml, kubernetes/apps/kube-system/node-feature-discovery/nodefeaturerule.yaml, kubernetes/apps/kube-system/reloader/helmrelease.yaml, kubernetes/apps/kube-system/reloader/ks.yaml, kubernetes/apps/kube-system/reloader/kustomization.yaml, kubernetes/apps/kube-system/spegel/helmrelease.yaml, kubernetes/apps/kube-system/spegel/ks.yaml, kubernetes/apps/kube-system/spegel/kustomization.yaml, kubernetes/apps/media/kustomization.yaml, kubernetes/apps/media/qbittorrent/helmrelease.yaml, kubernetes/apps/media/qbittorrent/httproute.yaml, kubernetes/apps/media/qbittorrent/ks.yaml, kubernetes/apps/media/qbittorrent/kustomization.yaml, kubernetes/apps/media/qbittorrent/pvc.yaml, kubernetes/apps/media/qbittorrent/securitypolicy.yaml, kubernetes/apps/media/sabnzbd/helmrelease.yaml, kubernetes/apps/media/sabnzbd/httproute.yaml, kubernetes/apps/media/sabnzbd/ks.yaml, kubernetes/apps/media/sabnzbd/kustomization.yaml, kubernetes/apps/media/sabnzbd/pvc.yaml, kubernetes/apps/network/cloudflare-dns/crd.yaml, kubernetes/apps/network/cloudflare-dns/httproute.yaml, kubernetes/apps/network/cloudflare-dns/ks.yaml, kubernetes/apps/network/cloudflare-dns/kustomization.yaml, kubernetes/apps/network/cloudflare-dns/shared-values.yaml, kubernetes/apps/network/cloudflare-tunnel/dnsendpoint.yaml, kubernetes/apps/network/cloudflare-tunnel/helmrelease.yaml, kubernetes/apps/network/cloudflare-tunnel/ks.yaml, kubernetes/apps/network/cloudflare-tunnel/kustomization.yaml, kubernetes/apps/network/envoy-gateway/certificate.yaml, kubernetes/apps/network/envoy-gateway/envoyproxy-config.yaml, kubernetes/apps/network/envoy-gateway/external-gateway-service.yaml, kubernetes/apps/network/envoy-gateway/external.yaml, kubernetes/apps/network/envoy-gateway/gatewayclass.yaml, kubernetes/apps/network/envoy-gateway/helmrelease.yaml, kubernetes/apps/network/envoy-gateway/internal.yaml, kubernetes/apps/network/envoy-gateway/ks.yaml, kubernetes/apps/network/envoy-gateway/kustomization.yaml, kubernetes/apps/network/kustomization.yaml, kubernetes/apps/observability/grafana/helmrelease.yaml, kubernetes/apps/observability/grafana/httproute.yaml, kubernetes/apps/observability/grafana/ks.yaml, kubernetes/apps/observability/grafana/kustomization.yaml, kubernetes/apps/observability/kustomization.yaml, kubernetes/apps/observability/victoria-logs-single/helmrelease.yaml, kubernetes/apps/observability/victoria-logs-single/httproute.yaml, kubernetes/apps/observability/victoria-logs-single/ks.yaml, kubernetes/apps/observability/victoria-logs-single/kustomization.yaml, kubernetes/apps/observability/victoria-metrics-k8s-stack/helmrelease.yaml, kubernetes/apps/observability/victoria-metrics-k8s-stack/httproute.yaml, kubernetes/apps/observability/victoria-metrics-k8s-stack/ks.yaml, kubernetes/apps/observability/victoria-metrics-k8s-stack/kustomization.yaml, kubernetes/apps/rook-ceph/cluster/cephobjectstoreuser-console.yaml, kubernetes/apps/rook-ceph/cluster/helmrelease.yaml, kubernetes/apps/rook-ceph/cluster/httproute.yaml, kubernetes/apps/rook-ceph/cluster/ks.yaml, kubernetes/apps/rook-ceph/cluster/kustomization.yaml, kubernetes/apps/rook-ceph/kustomization.yaml, kubernetes/apps/rook-ceph/operator/helmrelease.yaml, kubernetes/apps/rook-ceph/operator/ks.yaml, kubernetes/apps/rook-ceph/operator/kustomization.yaml, kubernetes/apps/storage/kustomization.yaml, kubernetes/apps/storage/nfs/ks.yaml, kubernetes/apps/storage/nfs/kustomization.yaml, kubernetes/apps/storage/nfs/persistentvolumes.yaml, kubernetes/components/common/kustomization.yaml, kubernetes/components/common/namespace.yaml, kubernetes/components/common/repos/app-template/kustomization.yaml, kubernetes/components/common/repos/app-template/ocirepository.yaml, kubernetes/components/common/repos/kustomization.yaml, kubernetes/components/common/sops/kustomization.yaml, kubernetes/components/drift-detection/kustomization.yaml, kubernetes/flux/cluster/ks.yaml, kubernetes/flux/meta/kustomization.yaml, kubernetes/flux/meta/repos/external-dns.yaml, kubernetes/flux/meta/repos/intel.yaml, kubernetes/flux/meta/repos/kustomization.yaml, kubernetes/flux/meta/repos/node-feature-discovery.yaml, scripts/app-scout.sh, scripts/bootstrap-apps.sh, scripts/flux-local-test.sh, scripts/lib/common.sh, scripts/pre-commit/check-dependencies.sh, scripts/pre-commit/validate-sops-config.sh, scripts/pre-commit/validate-sops-k8s.sh, scripts/test-renovate.sh, scripts/update-gitignore/update.sh, talos/patches/controller/admission-controller-patch.yaml, talos/patches/controller/cluster.yaml, talos/patches/global/machine-files.yaml, talos/patches/global/machine-intel-gpu.yaml, talos/patches/global/machine-kubelet.yaml, talos/patches/global/machine-network.yaml, talos/patches/global/machine-sysctls.yaml, talos/patches/global/machine-time.yaml, talos/talconfig.yaml, talos/talenv.yaml (repository=local)
DEBUG: Matched 204 file(s) for manager regex: .github/workflows/flux-local.yaml, .github/workflows/force-renovate.yaml, .github/workflows/renovate-dashboard.yaml, .github/workflows/renovate.yaml, .markdownlint-cli2.yaml, .pre-commit-config.yaml, .taskfiles/bootstrap/Taskfile.yaml, .taskfiles/talos/Taskfile.yaml, .yamllint.yaml, Taskfile.yaml, bootstrap/helmfile.yaml, kubernetes/apps/cert-manager/cert-manager/clusterissuer.yaml, kubernetes/apps/cert-manager/cert-manager/helmrelease.yaml, kubernetes/apps/cert-manager/cert-manager/ks.yaml, kubernetes/apps/cert-manager/cert-manager/kustomization.yaml, kubernetes/apps/cert-manager/kustomization.yaml, kubernetes/apps/default/authentik/blueprints/custom-users.yaml, kubernetes/apps/default/authentik/blueprints/outpost-configuration.yaml, kubernetes/apps/default/authentik/blueprints/qbittorrent-application.yaml, kubernetes/apps/default/authentik/blueprints/qbittorrent-provider.yaml, kubernetes/apps/default/authentik/helmrelease.yaml, kubernetes/apps/default/authentik/httproute.yaml, kubernetes/apps/default/authentik/ks.yaml, kubernetes/apps/default/authentik/kustomization.yaml, kubernetes/apps/default/bookstack/helmrelease.yaml, kubernetes/apps/default/bookstack/httproute.yaml, kubernetes/apps/default/bookstack/ks.yaml, kubernetes/apps/default/bookstack/kustomization.yaml, kubernetes/apps/default/bookstack/mariadb.yaml, kubernetes/apps/default/bookstack/pvc.yaml, kubernetes/apps/default/filerun/helmrelease.yaml, kubernetes/apps/default/filerun/httproute.yaml, kubernetes/apps/default/filerun/ks.yaml, kubernetes/apps/default/filerun/kustomization.yaml, kubernetes/apps/default/filerun/mariadb.yaml, kubernetes/apps/default/filerun/pv.yaml, kubernetes/apps/default/filerun/pvc.yaml, kubernetes/apps/default/homepage/config/bookmarks.yaml, kubernetes/apps/default/homepage/config/docker.yaml, kubernetes/apps/default/homepage/config/kubernetes.yaml, kubernetes/apps/default/homepage/config/services.yaml, kubernetes/apps/default/homepage/config/settings.yaml, kubernetes/apps/default/homepage/config/widgets.yaml, kubernetes/apps/default/homepage/helmrelease.yaml, kubernetes/apps/default/homepage/ks.yaml, kubernetes/apps/default/homepage/kustomization.yaml, kubernetes/apps/default/immich/configmap.yaml, kubernetes/apps/default/immich/helmrelease.yaml, kubernetes/apps/default/immich/httproute.yaml, kubernetes/apps/default/immich/ks.yaml, kubernetes/apps/default/immich/kustomization.yaml, kubernetes/apps/default/immich/postgres-cluster.yaml, kubernetes/apps/default/immich/pv.yaml, kubernetes/apps/default/immich/pvc.yaml, kubernetes/apps/default/kustomization.yaml, kubernetes/apps/default/mcp-memory-service/helmrelease.yaml, kubernetes/apps/default/mcp-memory-service/ks.yaml, kubernetes/apps/default/mcp-memory-service/kustomization.yaml, kubernetes/apps/default/mcp-memory-service/pvc.yaml, kubernetes/apps/default/silverbullet/helmrelease.yaml, kubernetes/apps/default/silverbullet/httproute.yaml, kubernetes/apps/default/silverbullet/ks.yaml, kubernetes/apps/default/silverbullet/kustomization.yaml, kubernetes/apps/default/silverbullet/pvc.yaml, kubernetes/apps/dns-private/adguard-home-sync/data/adguardhome-sync.yaml, kubernetes/apps/dns-private/adguard-home-sync/helmrelease.yaml, kubernetes/apps/dns-private/adguard-home-sync/ks.yaml, kubernetes/apps/dns-private/adguard-home-sync/kustomization.yaml, kubernetes/apps/dns-private/adguard-home/data/AdGuardHome.yaml, kubernetes/apps/dns-private/adguard-home/helmrelease.yaml, kubernetes/apps/dns-private/adguard-home/httproute-replica.yaml, kubernetes/apps/dns-private/adguard-home/httproute.yaml, kubernetes/apps/dns-private/adguard-home/ks.yaml, kubernetes/apps/dns-private/adguard-home/kustomization.yaml, kubernetes/apps/dns-private/dns-gateway/ks.yaml, kubernetes/apps/dns-private/dns-gateway/kustomization.yaml, kubernetes/apps/dns-private/dns-gateway/service.yaml, kubernetes/apps/dns-private/external-dns/helmrelease.yaml, kubernetes/apps/dns-private/external-dns/ks.yaml, kubernetes/apps/dns-private/external-dns/kustomization.yaml, kubernetes/apps/dns-private/kustomization.yaml, kubernetes/apps/dns-private/secret/ks.yaml, kubernetes/apps/dns-private/secret/kustomization.yaml, kubernetes/apps/flux-system/flux-instance/helmrelease.yaml, kubernetes/apps/flux-system/flux-instance/httproute.yaml, kubernetes/apps/flux-system/flux-instance/ks.yaml, kubernetes/apps/flux-system/flux-instance/kustomization.yaml, kubernetes/apps/flux-system/flux-instance/receiver.yaml, kubernetes/apps/flux-system/flux-operator/helmrelease.yaml, kubernetes/apps/flux-system/flux-operator/ks.yaml, kubernetes/apps/flux-system/flux-operator/kustomization.yaml, kubernetes/apps/flux-system/kustomization.yaml, kubernetes/apps/kube-system/cilium/helmrelease.yaml, kubernetes/apps/kube-system/cilium/ks.yaml, kubernetes/apps/kube-system/cilium/kustomization.yaml, kubernetes/apps/kube-system/cilium/networks.yaml, kubernetes/apps/kube-system/cloudnative-pg/helmrelease.yaml, kubernetes/apps/kube-system/cloudnative-pg/ks.yaml, kubernetes/apps/kube-system/cloudnative-pg/kustomization.yaml, kubernetes/apps/kube-system/coredns/helmrelease.yaml, kubernetes/apps/kube-system/coredns/ks.yaml, kubernetes/apps/kube-system/coredns/kustomization.yaml, kubernetes/apps/kube-system/intel-gpu-plugin/gpu-device-plugin.yaml, kubernetes/apps/kube-system/intel-gpu-plugin/helmrelease.yaml, kubernetes/apps/kube-system/intel-gpu-plugin/ks.yaml, kubernetes/apps/kube-system/intel-gpu-plugin/kustomization.yaml, kubernetes/apps/kube-system/intel-gpu-plugin/monitoring.yaml, kubernetes/apps/kube-system/kustomization.yaml, kubernetes/apps/kube-system/mariadb-operator/helmrelease.yaml, kubernetes/apps/kube-system/mariadb-operator/ks.yaml, kubernetes/apps/kube-system/mariadb-operator/kustomization.yaml, kubernetes/apps/kube-system/metrics-server/helmrelease.yaml, kubernetes/apps/kube-system/metrics-server/ks.yaml, kubernetes/apps/kube-system/metrics-server/kustomization.yaml, kubernetes/apps/kube-system/node-feature-discovery/helmrelease.yaml, kubernetes/apps/kube-system/node-feature-discovery/ks.yaml, kubernetes/apps/kube-system/node-feature-discovery/kustomization.yaml, kubernetes/apps/kube-system/node-feature-discovery/nodefeaturerule.yaml, kubernetes/apps/kube-system/reloader/helmrelease.yaml, kubernetes/apps/kube-system/reloader/ks.yaml, kubernetes/apps/kube-system/reloader/kustomization.yaml, kubernetes/apps/kube-system/spegel/helmrelease.yaml, kubernetes/apps/kube-system/spegel/ks.yaml, kubernetes/apps/kube-system/spegel/kustomization.yaml, kubernetes/apps/media/kustomization.yaml, kubernetes/apps/media/qbittorrent/helmrelease.yaml, kubernetes/apps/media/qbittorrent/httproute.yaml, kubernetes/apps/media/qbittorrent/ks.yaml, kubernetes/apps/media/qbittorrent/kustomization.yaml, kubernetes/apps/media/qbittorrent/pvc.yaml, kubernetes/apps/media/qbittorrent/securitypolicy.yaml, kubernetes/apps/media/sabnzbd/helmrelease.yaml, kubernetes/apps/media/sabnzbd/httproute.yaml, kubernetes/apps/media/sabnzbd/ks.yaml, kubernetes/apps/media/sabnzbd/kustomization.yaml, kubernetes/apps/media/sabnzbd/pvc.yaml, kubernetes/apps/network/cloudflare-dns/crd.yaml, kubernetes/apps/network/cloudflare-dns/httproute.yaml, kubernetes/apps/network/cloudflare-dns/ks.yaml, kubernetes/apps/network/cloudflare-dns/kustomization.yaml, kubernetes/apps/network/cloudflare-dns/shared-values.yaml, kubernetes/apps/network/cloudflare-tunnel/dnsendpoint.yaml, kubernetes/apps/network/cloudflare-tunnel/helmrelease.yaml, kubernetes/apps/network/cloudflare-tunnel/ks.yaml, kubernetes/apps/network/cloudflare-tunnel/kustomization.yaml, kubernetes/apps/network/envoy-gateway/certificate.yaml, kubernetes/apps/network/envoy-gateway/envoyproxy-config.yaml, kubernetes/apps/network/envoy-gateway/external-gateway-service.yaml, kubernetes/apps/network/envoy-gateway/external.yaml, kubernetes/apps/network/envoy-gateway/gatewayclass.yaml, kubernetes/apps/network/envoy-gateway/helmrelease.yaml, kubernetes/apps/network/envoy-gateway/internal.yaml, kubernetes/apps/network/envoy-gateway/ks.yaml, kubernetes/apps/network/envoy-gateway/kustomization.yaml, kubernetes/apps/network/kustomization.yaml, kubernetes/apps/observability/grafana/helmrelease.yaml, kubernetes/apps/observability/grafana/httproute.yaml, kubernetes/apps/observability/grafana/ks.yaml, kubernetes/apps/observability/grafana/kustomization.yaml, kubernetes/apps/observability/kustomization.yaml, kubernetes/apps/observability/victoria-logs-single/helmrelease.yaml, kubernetes/apps/observability/victoria-logs-single/httproute.yaml, kubernetes/apps/observability/victoria-logs-single/ks.yaml, kubernetes/apps/observability/victoria-logs-single/kustomization.yaml, kubernetes/apps/observability/victoria-metrics-k8s-stack/helmrelease.yaml, kubernetes/apps/observability/victoria-metrics-k8s-stack/httproute.yaml, kubernetes/apps/observability/victoria-metrics-k8s-stack/ks.yaml, kubernetes/apps/observability/victoria-metrics-k8s-stack/kustomization.yaml, kubernetes/apps/rook-ceph/cluster/cephobjectstoreuser-console.yaml, kubernetes/apps/rook-ceph/cluster/helmrelease.yaml, kubernetes/apps/rook-ceph/cluster/httproute.yaml, kubernetes/apps/rook-ceph/cluster/ks.yaml, kubernetes/apps/rook-ceph/cluster/kustomization.yaml, kubernetes/apps/rook-ceph/kustomization.yaml, kubernetes/apps/rook-ceph/operator/helmrelease.yaml, kubernetes/apps/rook-ceph/operator/ks.yaml, kubernetes/apps/rook-ceph/operator/kustomization.yaml, kubernetes/apps/storage/kustomization.yaml, kubernetes/apps/storage/nfs/ks.yaml, kubernetes/apps/storage/nfs/kustomization.yaml, kubernetes/apps/storage/nfs/persistentvolumes.yaml, kubernetes/components/common/kustomization.yaml, kubernetes/components/common/namespace.yaml, kubernetes/components/common/repos/app-template/kustomization.yaml, kubernetes/components/common/repos/app-template/ocirepository.yaml, kubernetes/components/common/repos/kustomization.yaml, kubernetes/components/common/sops/kustomization.yaml, kubernetes/components/drift-detection/kustomization.yaml, kubernetes/flux/cluster/ks.yaml, kubernetes/flux/meta/kustomization.yaml, kubernetes/flux/meta/repos/external-dns.yaml, kubernetes/flux/meta/repos/intel.yaml, kubernetes/flux/meta/repos/kustomization.yaml, kubernetes/flux/meta/repos/node-feature-discovery.yaml, talos/patches/controller/admission-controller-patch.yaml, talos/patches/controller/cluster.yaml, talos/patches/global/machine-files.yaml, talos/patches/global/machine-intel-gpu.yaml, talos/patches/global/machine-kubelet.yaml, talos/patches/global/machine-network.yaml, talos/patches/global/machine-sysctls.yaml, talos/patches/global/machine-time.yaml, talos/talconfig.yaml, talos/talenv.yaml (repository=local)
DEBUG: Matched 204 file(s) for manager regex: .github/workflows/flux-local.yaml, .github/workflows/force-renovate.yaml, .github/workflows/renovate-dashboard.yaml, .github/workflows/renovate.yaml, .markdownlint-cli2.yaml, .pre-commit-config.yaml, .taskfiles/bootstrap/Taskfile.yaml, .taskfiles/talos/Taskfile.yaml, .yamllint.yaml, Taskfile.yaml, bootstrap/helmfile.yaml, kubernetes/apps/cert-manager/cert-manager/clusterissuer.yaml, kubernetes/apps/cert-manager/cert-manager/helmrelease.yaml, kubernetes/apps/cert-manager/cert-manager/ks.yaml, kubernetes/apps/cert-manager/cert-manager/kustomization.yaml, kubernetes/apps/cert-manager/kustomization.yaml, kubernetes/apps/default/authentik/blueprints/custom-users.yaml, kubernetes/apps/default/authentik/blueprints/outpost-configuration.yaml, kubernetes/apps/default/authentik/blueprints/qbittorrent-application.yaml, kubernetes/apps/default/authentik/blueprints/qbittorrent-provider.yaml, kubernetes/apps/default/authentik/helmrelease.yaml, kubernetes/apps/default/authentik/httproute.yaml, kubernetes/apps/default/authentik/ks.yaml, kubernetes/apps/default/authentik/kustomization.yaml, kubernetes/apps/default/bookstack/helmrelease.yaml, kubernetes/apps/default/bookstack/httproute.yaml, kubernetes/apps/default/bookstack/ks.yaml, kubernetes/apps/default/bookstack/kustomization.yaml, kubernetes/apps/default/bookstack/mariadb.yaml, kubernetes/apps/default/bookstack/pvc.yaml, kubernetes/apps/default/filerun/helmrelease.yaml, kubernetes/apps/default/filerun/httproute.yaml, kubernetes/apps/default/filerun/ks.yaml, kubernetes/apps/default/filerun/kustomization.yaml, kubernetes/apps/default/filerun/mariadb.yaml, kubernetes/apps/default/filerun/pv.yaml, kubernetes/apps/default/filerun/pvc.yaml, kubernetes/apps/default/homepage/config/bookmarks.yaml, kubernetes/apps/default/homepage/config/docker.yaml, kubernetes/apps/default/homepage/config/kubernetes.yaml, kubernetes/apps/default/homepage/config/services.yaml, kubernetes/apps/default/homepage/config/settings.yaml, kubernetes/apps/default/homepage/config/widgets.yaml, kubernetes/apps/default/homepage/helmrelease.yaml, kubernetes/apps/default/homepage/ks.yaml, kubernetes/apps/default/homepage/kustomization.yaml, kubernetes/apps/default/immich/configmap.yaml, kubernetes/apps/default/immich/helmrelease.yaml, kubernetes/apps/default/immich/httproute.yaml, kubernetes/apps/default/immich/ks.yaml, kubernetes/apps/default/immich/kustomization.yaml, kubernetes/apps/default/immich/postgres-cluster.yaml, kubernetes/apps/default/immich/pv.yaml, kubernetes/apps/default/immich/pvc.yaml, kubernetes/apps/default/kustomization.yaml, kubernetes/apps/default/mcp-memory-service/helmrelease.yaml, kubernetes/apps/default/mcp-memory-service/ks.yaml, kubernetes/apps/default/mcp-memory-service/kustomization.yaml, kubernetes/apps/default/mcp-memory-service/pvc.yaml, kubernetes/apps/default/silverbullet/helmrelease.yaml, kubernetes/apps/default/silverbullet/httproute.yaml, kubernetes/apps/default/silverbullet/ks.yaml, kubernetes/apps/default/silverbullet/kustomization.yaml, kubernetes/apps/default/silverbullet/pvc.yaml, kubernetes/apps/dns-private/adguard-home-sync/data/adguardhome-sync.yaml, kubernetes/apps/dns-private/adguard-home-sync/helmrelease.yaml, kubernetes/apps/dns-private/adguard-home-sync/ks.yaml, kubernetes/apps/dns-private/adguard-home-sync/kustomization.yaml, kubernetes/apps/dns-private/adguard-home/data/AdGuardHome.yaml, kubernetes/apps/dns-private/adguard-home/helmrelease.yaml, kubernetes/apps/dns-private/adguard-home/httproute-replica.yaml, kubernetes/apps/dns-private/adguard-home/httproute.yaml, kubernetes/apps/dns-private/adguard-home/ks.yaml, kubernetes/apps/dns-private/adguard-home/kustomization.yaml, kubernetes/apps/dns-private/dns-gateway/ks.yaml, kubernetes/apps/dns-private/dns-gateway/kustomization.yaml, kubernetes/apps/dns-private/dns-gateway/service.yaml, kubernetes/apps/dns-private/external-dns/helmrelease.yaml, kubernetes/apps/dns-private/external-dns/ks.yaml, kubernetes/apps/dns-private/external-dns/kustomization.yaml, kubernetes/apps/dns-private/kustomization.yaml, kubernetes/apps/dns-private/secret/ks.yaml, kubernetes/apps/dns-private/secret/kustomization.yaml, kubernetes/apps/flux-system/flux-instance/helmrelease.yaml, kubernetes/apps/flux-system/flux-instance/httproute.yaml, kubernetes/apps/flux-system/flux-instance/ks.yaml, kubernetes/apps/flux-system/flux-instance/kustomization.yaml, kubernetes/apps/flux-system/flux-instance/receiver.yaml, kubernetes/apps/flux-system/flux-operator/helmrelease.yaml, kubernetes/apps/flux-system/flux-operator/ks.yaml, kubernetes/apps/flux-system/flux-operator/kustomization.yaml, kubernetes/apps/flux-system/kustomization.yaml, kubernetes/apps/kube-system/cilium/helmrelease.yaml, kubernetes/apps/kube-system/cilium/ks.yaml, kubernetes/apps/kube-system/cilium/kustomization.yaml, kubernetes/apps/kube-system/cilium/networks.yaml, kubernetes/apps/kube-system/cloudnative-pg/helmrelease.yaml, kubernetes/apps/kube-system/cloudnative-pg/ks.yaml, kubernetes/apps/kube-system/cloudnative-pg/kustomization.yaml, kubernetes/apps/kube-system/coredns/helmrelease.yaml, kubernetes/apps/kube-system/coredns/ks.yaml, kubernetes/apps/kube-system/coredns/kustomization.yaml, kubernetes/apps/kube-system/intel-gpu-plugin/gpu-device-plugin.yaml, kubernetes/apps/kube-system/intel-gpu-plugin/helmrelease.yaml, kubernetes/apps/kube-system/intel-gpu-plugin/ks.yaml, kubernetes/apps/kube-system/intel-gpu-plugin/kustomization.yaml, kubernetes/apps/kube-system/intel-gpu-plugin/monitoring.yaml, kubernetes/apps/kube-system/kustomization.yaml, kubernetes/apps/kube-system/mariadb-operator/helmrelease.yaml, kubernetes/apps/kube-system/mariadb-operator/ks.yaml, kubernetes/apps/kube-system/mariadb-operator/kustomization.yaml, kubernetes/apps/kube-system/metrics-server/helmrelease.yaml, kubernetes/apps/kube-system/metrics-server/ks.yaml, kubernetes/apps/kube-system/metrics-server/kustomization.yaml, kubernetes/apps/kube-system/node-feature-discovery/helmrelease.yaml, kubernetes/apps/kube-system/node-feature-discovery/ks.yaml, kubernetes/apps/kube-system/node-feature-discovery/kustomization.yaml, kubernetes/apps/kube-system/node-feature-discovery/nodefeaturerule.yaml, kubernetes/apps/kube-system/reloader/helmrelease.yaml, kubernetes/apps/kube-system/reloader/ks.yaml, kubernetes/apps/kube-system/reloader/kustomization.yaml, kubernetes/apps/kube-system/spegel/helmrelease.yaml, kubernetes/apps/kube-system/spegel/ks.yaml, kubernetes/apps/kube-system/spegel/kustomization.yaml, kubernetes/apps/media/kustomization.yaml, kubernetes/apps/media/qbittorrent/helmrelease.yaml, kubernetes/apps/media/qbittorrent/httproute.yaml, kubernetes/apps/media/qbittorrent/ks.yaml, kubernetes/apps/media/qbittorrent/kustomization.yaml, kubernetes/apps/media/qbittorrent/pvc.yaml, kubernetes/apps/media/qbittorrent/securitypolicy.yaml, kubernetes/apps/media/sabnzbd/helmrelease.yaml, kubernetes/apps/media/sabnzbd/httproute.yaml, kubernetes/apps/media/sabnzbd/ks.yaml, kubernetes/apps/media/sabnzbd/kustomization.yaml, kubernetes/apps/media/sabnzbd/pvc.yaml, kubernetes/apps/network/cloudflare-dns/crd.yaml, kubernetes/apps/network/cloudflare-dns/httproute.yaml, kubernetes/apps/network/cloudflare-dns/ks.yaml, kubernetes/apps/network/cloudflare-dns/kustomization.yaml, kubernetes/apps/network/cloudflare-dns/shared-values.yaml, kubernetes/apps/network/cloudflare-tunnel/dnsendpoint.yaml, kubernetes/apps/network/cloudflare-tunnel/helmrelease.yaml, kubernetes/apps/network/cloudflare-tunnel/ks.yaml, kubernetes/apps/network/cloudflare-tunnel/kustomization.yaml, kubernetes/apps/network/envoy-gateway/certificate.yaml, kubernetes/apps/network/envoy-gateway/envoyproxy-config.yaml, kubernetes/apps/network/envoy-gateway/external-gateway-service.yaml, kubernetes/apps/network/envoy-gateway/external.yaml, kubernetes/apps/network/envoy-gateway/gatewayclass.yaml, kubernetes/apps/network/envoy-gateway/helmrelease.yaml, kubernetes/apps/network/envoy-gateway/internal.yaml, kubernetes/apps/network/envoy-gateway/ks.yaml, kubernetes/apps/network/envoy-gateway/kustomization.yaml, kubernetes/apps/network/kustomization.yaml, kubernetes/apps/observability/grafana/helmrelease.yaml, kubernetes/apps/observability/grafana/httproute.yaml, kubernetes/apps/observability/grafana/ks.yaml, kubernetes/apps/observability/grafana/kustomization.yaml, kubernetes/apps/observability/kustomization.yaml, kubernetes/apps/observability/victoria-logs-single/helmrelease.yaml, kubernetes/apps/observability/victoria-logs-single/httproute.yaml, kubernetes/apps/observability/victoria-logs-single/ks.yaml, kubernetes/apps/observability/victoria-logs-single/kustomization.yaml, kubernetes/apps/observability/victoria-metrics-k8s-stack/helmrelease.yaml, kubernetes/apps/observability/victoria-metrics-k8s-stack/httproute.yaml, kubernetes/apps/observability/victoria-metrics-k8s-stack/ks.yaml, kubernetes/apps/observability/victoria-metrics-k8s-stack/kustomization.yaml, kubernetes/apps/rook-ceph/cluster/cephobjectstoreuser-console.yaml, kubernetes/apps/rook-ceph/cluster/helmrelease.yaml, kubernetes/apps/rook-ceph/cluster/httproute.yaml, kubernetes/apps/rook-ceph/cluster/ks.yaml, kubernetes/apps/rook-ceph/cluster/kustomization.yaml, kubernetes/apps/rook-ceph/kustomization.yaml, kubernetes/apps/rook-ceph/operator/helmrelease.yaml, kubernetes/apps/rook-ceph/operator/ks.yaml, kubernetes/apps/rook-ceph/operator/kustomization.yaml, kubernetes/apps/storage/kustomization.yaml, kubernetes/apps/storage/nfs/ks.yaml, kubernetes/apps/storage/nfs/kustomization.yaml, kubernetes/apps/storage/nfs/persistentvolumes.yaml, kubernetes/components/common/kustomization.yaml, kubernetes/components/common/namespace.yaml, kubernetes/components/common/repos/app-template/kustomization.yaml, kubernetes/components/common/repos/app-template/ocirepository.yaml, kubernetes/components/common/repos/kustomization.yaml, kubernetes/components/common/sops/kustomization.yaml, kubernetes/components/drift-detection/kustomization.yaml, kubernetes/flux/cluster/ks.yaml, kubernetes/flux/meta/kustomization.yaml, kubernetes/flux/meta/repos/external-dns.yaml, kubernetes/flux/meta/repos/intel.yaml, kubernetes/flux/meta/repos/kustomization.yaml, kubernetes/flux/meta/repos/node-feature-discovery.yaml, talos/patches/controller/admission-controller-patch.yaml, talos/patches/controller/cluster.yaml, talos/patches/global/machine-files.yaml, talos/patches/global/machine-intel-gpu.yaml, talos/patches/global/machine-kubelet.yaml, talos/patches/global/machine-network.yaml, talos/patches/global/machine-sysctls.yaml, talos/patches/global/machine-time.yaml, talos/talconfig.yaml, talos/talenv.yaml (repository=local)
DEBUG: repositories discovered. (repository=local, packageFile=bootstrap/helmfile.yaml)
       "registryAliases": {"cilium": {"name": "cilium", "url": "https://helm.cilium.io"}}
DEBUG: Found version v6.0.0 (repository=local)
DEBUG: Found github dependency (repository=https://github.com/pre-commit/pre-commit-hooks)
DEBUG: Found version v0.17.2 (repository=local)
DEBUG: Found github dependency (repository=https://github.com/google/yamlfmt)
DEBUG: Found version v1.37.1 (repository=local)
DEBUG: Found github dependency (repository=https://github.com/adrienverge/yamllint)
DEBUG: Found version v8.28.0 (repository=local)
DEBUG: Found github dependency (repository=https://github.com/gitleaks/gitleaks)
DEBUG: No dependencies found in file for custom regex manager (repository=local, packageFile=.github/workflows/flux-local.yaml)
DEBUG: No dependencies found in file for custom regex manager (repository=local, packageFile=.github/workflows/flux-local.yaml)
DEBUG: No dependencies found in file for custom regex manager (repository=local, packageFile=.github/workflows/flux-local.yaml)
DEBUG: No dependencies found in file for custom regex manager (repository=local, packageFile=.github/workflows/force-renovate.yaml)
DEBUG: No dependencies found in file for custom regex manager (repository=local, packageFile=.github/workflows/force-renovate.yaml)
DEBUG: No dependencies found in file for custom regex manager (repository=local, packageFile=.github/workflows/force-renovate.yaml)
DEBUG: No dependencies found in file for custom regex manager (repository=local, packageFile=.github/workflows/renovate-dashboard.yaml)
DEBUG: No dependencies found in file for custom regex manager (repository=local, packageFile=.github/workflows/renovate-dashboard.yaml)
DEBUG: No dependencies found in file for custom regex manager (repository=local, packageFile=.github/workflows/renovate-dashboard.yaml)
DEBUG: No dependencies found in file for custom regex manager (repository=local, packageFile=.github/workflows/renovate.yaml)
DEBUG: No dependencies found in file for custom regex manager (repository=local, packageFile=.github/workflows/renovate.yaml)
DEBUG: No dependencies found in file for custom regex manager (repository=local, packageFile=.github/workflows/renovate.yaml)
DEBUG: No dependencies found in file for custom regex manager (repository=local, packageFile=.markdownlint-cli2.yaml)
DEBUG: No dependencies found in file for custom regex manager (repository=local, packageFile=.markdownlint-cli2.yaml)
DEBUG: No dependencies found in file for custom regex manager (repository=local, packageFile=.markdownlint-cli2.yaml)
DEBUG: No dependencies found in file for custom regex manager (repository=local, packageFile=.pre-commit-config.yaml)
DEBUG: No dependencies found in file for custom regex manager (repository=local, packageFile=.pre-commit-config.yaml)
DEBUG: No dependencies found in file for custom regex manager (repository=local, packageFile=.pre-commit-config.yaml)
DEBUG: No dependencies found in file for custom regex manager (repository=local, packageFile=.taskfiles/bootstrap/Taskfile.yaml)
DEBUG: No dependencies found in file for custom regex manager (repository=local, packageFile=.taskfiles/bootstrap/Taskfile.yaml)
DEBUG: No dependencies found in file for custom regex manager (repository=local, packageFile=.taskfiles/bootstrap/Taskfile.yaml)
DEBUG: No dependencies found in file for custom regex manager (repository=local, packageFile=.taskfiles/talos/Taskfile.yaml)
DEBUG: No dependencies found in file for custom regex manager (repository=local, packageFile=.taskfiles/talos/Taskfile.yaml)
DEBUG: No dependencies found in file for custom regex manager (repository=local, packageFile=.taskfiles/talos/Taskfile.yaml)
DEBUG: No dependencies found in file for custom regex manager (repository=local, packageFile=.yamllint.yaml)
DEBUG: No dependencies found in file for custom regex manager (repository=local, packageFile=.yamllint.yaml)
DEBUG: No dependencies found in file for custom regex manager (repository=local, packageFile=.yamllint.yaml)
DEBUG: No dependencies found in file for custom regex manager (repository=local, packageFile=Taskfile.yaml)
DEBUG: No dependencies found in file for custom regex manager (repository=local, packageFile=Taskfile.yaml)
DEBUG: No dependencies found in file for custom regex manager (repository=local, packageFile=Taskfile.yaml)
DEBUG: No dependencies found in file for custom regex manager (repository=local, packageFile=bootstrap/helmfile.yaml)
DEBUG: No dependencies found in file for custom regex manager (repository=local, packageFile=bootstrap/helmfile.yaml)
DEBUG: No dependencies found in file for custom regex manager (repository=local, packageFile=bootstrap/helmfile.yaml)
DEBUG: No dependencies found in file for custom regex manager (repository=local, packageFile=kubernetes/apps/cert-manager/cert-manager/clusterissuer.yaml)
DEBUG: No dependencies found in file for custom regex manager (repository=local, packageFile=kubernetes/apps/cert-manager/cert-manager/clusterissuer.yaml)
DEBUG: No dependencies found in file for custom regex manager (repository=local, packageFile=kubernetes/apps/cert-manager/cert-manager/clusterissuer.yaml)
DEBUG: No dependencies found in file for custom regex manager (repository=local, packageFile=kubernetes/apps/cert-manager/cert-manager/helmrelease.yaml)
DEBUG: No dependencies found in file for custom regex manager (repository=local, packageFile=kubernetes/apps/cert-manager/cert-manager/helmrelease.yaml)
DEBUG: No dependencies found in file for custom regex manager (repository=local, packageFile=kubernetes/apps/cert-manager/cert-manager/helmrelease.yaml)
DEBUG: No dependencies found in file for custom regex manager (repository=local, packageFile=kubernetes/apps/cert-manager/cert-manager/ks.yaml)
DEBUG: No dependencies found in file for custom regex manager (repository=local, packageFile=kubernetes/apps/cert-manager/cert-manager/ks.yaml)
DEBUG: No dependencies found in file for custom regex manager (repository=local, packageFile=kubernetes/apps/cert-manager/cert-manager/ks.yaml)
DEBUG: No dependencies found in file for custom regex manager (repository=local, packageFile=kubernetes/apps/cert-manager/cert-manager/kustomization.yaml)
DEBUG: No dependencies found in file for custom regex manager (repository=local, packageFile=kubernetes/apps/cert-manager/cert-manager/kustomization.yaml)
DEBUG: No dependencies found in file for custom regex manager (repository=local, packageFile=kubernetes/apps/cert-manager/cert-manager/kustomization.yaml)
DEBUG: No dependencies found in file for custom regex manager (repository=local, packageFile=kubernetes/apps/cert-manager/kustomization.yaml)
DEBUG: No dependencies found in file for custom regex manager (repository=local, packageFile=kubernetes/apps/cert-manager/kustomization.yaml)
DEBUG: No dependencies found in file for custom regex manager (repository=local, packageFile=kubernetes/apps/cert-manager/kustomization.yaml)
DEBUG: No dependencies found in file for custom regex manager (repository=local, packageFile=kubernetes/apps/default/authentik/blueprints/custom-users.yaml)
DEBUG: No dependencies found in file for custom regex manager (repository=local, packageFile=kubernetes/apps/default/authentik/blueprints/custom-users.yaml)
DEBUG: No dependencies found in file for custom regex manager (repository=local, packageFile=kubernetes/apps/default/authentik/blueprints/custom-users.yaml)
DEBUG: No dependencies found in file for custom regex manager (repository=local, packageFile=kubernetes/apps/default/authentik/blueprints/outpost-configuration.yaml)
DEBUG: No dependencies found in file for custom regex manager (repository=local, packageFile=kubernetes/apps/default/authentik/blueprints/outpost-configuration.yaml)
DEBUG: No dependencies found in file for custom regex manager (repository=local, packageFile=kubernetes/apps/default/authentik/blueprints/outpost-configuration.yaml)
DEBUG: No dependencies found in file for custom regex manager (repository=local, packageFile=kubernetes/apps/default/authentik/blueprints/qbittorrent-application.yaml)
DEBUG: No dependencies found in file for custom regex manager (repository=local, packageFile=kubernetes/apps/default/authentik/blueprints/qbittorrent-application.yaml)
DEBUG: No dependencies found in file for custom regex manager (repository=local, packageFile=kubernetes/apps/default/authentik/blueprints/qbittorrent-application.yaml)
DEBUG: No dependencies found in file for custom regex manager (repository=local, packageFile=kubernetes/apps/default/authentik/blueprints/qbittorrent-provider.yaml)
DEBUG: No dependencies found in file for custom regex manager (repository=local, packageFile=kubernetes/apps/default/authentik/blueprints/qbittorrent-provider.yaml)
DEBUG: No dependencies found in file for custom regex manager (repository=local, packageFile=kubernetes/apps/default/authentik/blueprints/qbittorrent-provider.yaml)
DEBUG: No dependencies found in file for custom regex manager (repository=local, packageFile=kubernetes/apps/default/authentik/helmrelease.yaml)
DEBUG: No dependencies found in file for custom regex manager (repository=local, packageFile=kubernetes/apps/default/authentik/helmrelease.yaml)
DEBUG: No dependencies found in file for custom regex manager (repository=local, packageFile=kubernetes/apps/default/authentik/helmrelease.yaml)
DEBUG: No dependencies found in file for custom regex manager (repository=local, packageFile=kubernetes/apps/default/authentik/httproute.yaml)
DEBUG: No dependencies found in file for custom regex manager (repository=local, packageFile=kubernetes/apps/default/authentik/httproute.yaml)
DEBUG: No dependencies found in file for custom regex manager (repository=local, packageFile=kubernetes/apps/default/authentik/httproute.yaml)
DEBUG: No dependencies found in file for custom regex manager (repository=local, packageFile=kubernetes/apps/default/authentik/ks.yaml)
DEBUG: No dependencies found in file for custom regex manager (repository=local, packageFile=kubernetes/apps/default/authentik/ks.yaml)
DEBUG: No dependencies found in file for custom regex manager (repository=local, packageFile=kubernetes/apps/default/authentik/ks.yaml)
DEBUG: No dependencies found in file for custom regex manager (repository=local, packageFile=kubernetes/apps/default/authentik/kustomization.yaml)
DEBUG: No dependencies found in file for custom regex manager (repository=local, packageFile=kubernetes/apps/default/authentik/kustomization.yaml)
DEBUG: No dependencies found in file for custom regex manager (repository=local, packageFile=kubernetes/apps/default/authentik/kustomization.yaml)
DEBUG: No dependencies found in file for custom regex manager (repository=local, packageFile=kubernetes/apps/default/bookstack/helmrelease.yaml)
DEBUG: No dependencies found in file for custom regex manager (repository=local, packageFile=kubernetes/apps/default/bookstack/helmrelease.yaml)
DEBUG: No dependencies found in file for custom regex manager (repository=local, packageFile=kubernetes/apps/default/bookstack/helmrelease.yaml)
DEBUG: No dependencies found in file for custom regex manager (repository=local, packageFile=kubernetes/apps/default/bookstack/httproute.yaml)
DEBUG: No dependencies found in file for custom regex manager (repository=local, packageFile=kubernetes/apps/default/bookstack/httproute.yaml)
DEBUG: No dependencies found in file for custom regex manager (repository=local, packageFile=kubernetes/apps/default/bookstack/httproute.yaml)
DEBUG: No dependencies found in file for custom regex manager (repository=local, packageFile=kubernetes/apps/default/bookstack/ks.yaml)
DEBUG: No dependencies found in file for custom regex manager (repository=local, packageFile=kubernetes/apps/default/bookstack/ks.yaml)
DEBUG: No dependencies found in file for custom regex manager (repository=local, packageFile=kubernetes/apps/default/bookstack/ks.yaml)
DEBUG: No dependencies found in file for custom regex manager (repository=local, packageFile=kubernetes/apps/default/bookstack/kustomization.yaml)
DEBUG: No dependencies found in file for custom regex manager (repository=local, packageFile=kubernetes/apps/default/bookstack/kustomization.yaml)
DEBUG: No dependencies found in file for custom regex manager (repository=local, packageFile=kubernetes/apps/default/bookstack/kustomization.yaml)
DEBUG: No dependencies found in file for custom regex manager (repository=local, packageFile=kubernetes/apps/default/bookstack/mariadb.yaml)
DEBUG: No dependencies found in file for custom regex manager (repository=local, packageFile=kubernetes/apps/default/bookstack/mariadb.yaml)
DEBUG: No dependencies found in file for custom regex manager (repository=local, packageFile=kubernetes/apps/default/bookstack/mariadb.yaml)
DEBUG: Kubernetes image (repository=local)
       "depName": "docker-registry1.mariadb.com/library/mariadb",
       "currentValue": "11.8.2",
       "currentDigest": undefined
DEBUG: No dependencies found in file for custom regex manager (repository=local, packageFile=kubernetes/apps/default/bookstack/pvc.yaml)
DEBUG: No dependencies found in file for custom regex manager (repository=local, packageFile=kubernetes/apps/default/bookstack/pvc.yaml)
DEBUG: No dependencies found in file for custom regex manager (repository=local, packageFile=kubernetes/apps/default/bookstack/pvc.yaml)
DEBUG: No dependencies found in file for custom regex manager (repository=local, packageFile=kubernetes/apps/default/filerun/helmrelease.yaml)
DEBUG: No dependencies found in file for custom regex manager (repository=local, packageFile=kubernetes/apps/default/filerun/helmrelease.yaml)
DEBUG: No dependencies found in file for custom regex manager (repository=local, packageFile=kubernetes/apps/default/filerun/helmrelease.yaml)
DEBUG: No dependencies found in file for custom regex manager (repository=local, packageFile=kubernetes/apps/default/filerun/httproute.yaml)
DEBUG: No dependencies found in file for custom regex manager (repository=local, packageFile=kubernetes/apps/default/filerun/httproute.yaml)
DEBUG: No dependencies found in file for custom regex manager (repository=local, packageFile=kubernetes/apps/default/filerun/httproute.yaml)
DEBUG: No dependencies found in file for custom regex manager (repository=local, packageFile=kubernetes/apps/default/filerun/ks.yaml)
DEBUG: No dependencies found in file for custom regex manager (repository=local, packageFile=kubernetes/apps/default/filerun/ks.yaml)
DEBUG: No dependencies found in file for custom regex manager (repository=local, packageFile=kubernetes/apps/default/filerun/ks.yaml)
DEBUG: No dependencies found in file for custom regex manager (repository=local, packageFile=kubernetes/apps/default/filerun/kustomization.yaml)
DEBUG: No dependencies found in file for custom regex manager (repository=local, packageFile=kubernetes/apps/default/filerun/kustomization.yaml)
DEBUG: No dependencies found in file for custom regex manager (repository=local, packageFile=kubernetes/apps/default/filerun/kustomization.yaml)
DEBUG: No dependencies found in file for custom regex manager (repository=local, packageFile=kubernetes/apps/default/filerun/mariadb.yaml)
DEBUG: No dependencies found in file for custom regex manager (repository=local, packageFile=kubernetes/apps/default/filerun/mariadb.yaml)
DEBUG: Kubernetes image (repository=local)
       "depName": "docker-registry1.mariadb.com/library/mariadb",
       "currentValue": "11.8.2",
       "currentDigest": undefined
DEBUG: No dependencies found in file for custom regex manager (repository=local, packageFile=kubernetes/apps/default/filerun/mariadb.yaml)
DEBUG: No dependencies found in file for custom regex manager (repository=local, packageFile=kubernetes/apps/default/filerun/pv.yaml)
DEBUG: No dependencies found in file for custom regex manager (repository=local, packageFile=kubernetes/apps/default/filerun/pv.yaml)
DEBUG: No dependencies found in file for custom regex manager (repository=local, packageFile=kubernetes/apps/default/filerun/pv.yaml)
DEBUG: No dependencies found in file for custom regex manager (repository=local, packageFile=kubernetes/apps/default/filerun/pvc.yaml)
DEBUG: No dependencies found in file for custom regex manager (repository=local, packageFile=kubernetes/apps/default/filerun/pvc.yaml)
DEBUG: No dependencies found in file for custom regex manager (repository=local, packageFile=kubernetes/apps/default/filerun/pvc.yaml)
DEBUG: No dependencies found in file for custom regex manager (repository=local, packageFile=kubernetes/apps/default/homepage/config/bookmarks.yaml)
DEBUG: No dependencies found in file for custom regex manager (repository=local, packageFile=kubernetes/apps/default/homepage/config/bookmarks.yaml)
DEBUG: No dependencies found in file for custom regex manager (repository=local, packageFile=kubernetes/apps/default/homepage/config/bookmarks.yaml)
DEBUG: No dependencies found in file for custom regex manager (repository=local, packageFile=kubernetes/apps/default/homepage/config/docker.yaml)
DEBUG: No dependencies found in file for custom regex manager (repository=local, packageFile=kubernetes/apps/default/homepage/config/docker.yaml)
DEBUG: No dependencies found in file for custom regex manager (repository=local, packageFile=kubernetes/apps/default/homepage/config/docker.yaml)
DEBUG: No dependencies found in file for custom regex manager (repository=local, packageFile=kubernetes/apps/default/homepage/config/kubernetes.yaml)
DEBUG: No dependencies found in file for custom regex manager (repository=local, packageFile=kubernetes/apps/default/homepage/config/kubernetes.yaml)
DEBUG: No dependencies found in file for custom regex manager (repository=local, packageFile=kubernetes/apps/default/homepage/config/kubernetes.yaml)
DEBUG: No dependencies found in file for custom regex manager (repository=local, packageFile=kubernetes/apps/default/homepage/config/services.yaml)
DEBUG: No dependencies found in file for custom regex manager (repository=local, packageFile=kubernetes/apps/default/homepage/config/services.yaml)
DEBUG: No dependencies found in file for custom regex manager (repository=local, packageFile=kubernetes/apps/default/homepage/config/services.yaml)
DEBUG: No dependencies found in file for custom regex manager (repository=local, packageFile=kubernetes/apps/default/homepage/config/settings.yaml)
DEBUG: No dependencies found in file for custom regex manager (repository=local, packageFile=kubernetes/apps/default/homepage/config/settings.yaml)
DEBUG: No dependencies found in file for custom regex manager (repository=local, packageFile=kubernetes/apps/default/homepage/config/settings.yaml)
DEBUG: No dependencies found in file for custom regex manager (repository=local, packageFile=kubernetes/apps/default/homepage/config/widgets.yaml)
DEBUG: No dependencies found in file for custom regex manager (repository=local, packageFile=kubernetes/apps/default/homepage/config/widgets.yaml)
DEBUG: No dependencies found in file for custom regex manager (repository=local, packageFile=kubernetes/apps/default/homepage/helmrelease.yaml)
DEBUG: No dependencies found in file for custom regex manager (repository=local, packageFile=kubernetes/apps/default/homepage/config/widgets.yaml)
DEBUG: No dependencies found in file for custom regex manager (repository=local, packageFile=kubernetes/apps/default/homepage/helmrelease.yaml)
DEBUG: No dependencies found in file for custom regex manager (repository=local, packageFile=kubernetes/apps/default/homepage/ks.yaml)
DEBUG: No dependencies found in file for custom regex manager (repository=local, packageFile=kubernetes/apps/default/homepage/helmrelease.yaml)
DEBUG: No dependencies found in file for custom regex manager (repository=local, packageFile=kubernetes/apps/default/homepage/ks.yaml)
DEBUG: No dependencies found in file for custom regex manager (repository=local, packageFile=kubernetes/apps/default/homepage/kustomization.yaml)
DEBUG: No dependencies found in file for custom regex manager (repository=local, packageFile=kubernetes/apps/default/homepage/ks.yaml)
DEBUG: No dependencies found in file for custom regex manager (repository=local, packageFile=kubernetes/apps/default/homepage/kustomization.yaml)
DEBUG: No dependencies found in file for custom regex manager (repository=local, packageFile=kubernetes/apps/default/immich/configmap.yaml)
DEBUG: No dependencies found in file for custom regex manager (repository=local, packageFile=kubernetes/apps/default/homepage/kustomization.yaml)
DEBUG: No dependencies found in file for custom regex manager (repository=local, packageFile=kubernetes/apps/default/immich/configmap.yaml)
DEBUG: No dependencies found in file for custom regex manager (repository=local, packageFile=kubernetes/apps/default/immich/helmrelease.yaml)
DEBUG: No dependencies found in file for custom regex manager (repository=local, packageFile=kubernetes/apps/default/immich/configmap.yaml)
DEBUG: No dependencies found in file for custom regex manager (repository=local, packageFile=kubernetes/apps/default/immich/helmrelease.yaml)
DEBUG: No dependencies found in file for custom regex manager (repository=local, packageFile=kubernetes/apps/default/immich/httproute.yaml)
DEBUG: No dependencies found in file for custom regex manager (repository=local, packageFile=kubernetes/apps/default/immich/helmrelease.yaml)
DEBUG: No dependencies found in file for custom regex manager (repository=local, packageFile=kubernetes/apps/default/immich/httproute.yaml)
DEBUG: No dependencies found in file for custom regex manager (repository=local, packageFile=kubernetes/apps/default/immich/ks.yaml)
DEBUG: No dependencies found in file for custom regex manager (repository=local, packageFile=kubernetes/apps/default/immich/httproute.yaml)
DEBUG: No dependencies found in file for custom regex manager (repository=local, packageFile=kubernetes/apps/default/immich/ks.yaml)
DEBUG: No dependencies found in file for custom regex manager (repository=local, packageFile=kubernetes/apps/default/immich/kustomization.yaml)
DEBUG: No dependencies found in file for custom regex manager (repository=local, packageFile=kubernetes/apps/default/immich/ks.yaml)
DEBUG: No dependencies found in file for custom regex manager (repository=local, packageFile=kubernetes/apps/default/immich/kustomization.yaml)
DEBUG: No dependencies found in file for custom regex manager (repository=local, packageFile=kubernetes/apps/default/immich/postgres-cluster.yaml)
DEBUG: No dependencies found in file for custom regex manager (repository=local, packageFile=kubernetes/apps/default/immich/kustomization.yaml)
DEBUG: No dependencies found in file for custom regex manager (repository=local, packageFile=kubernetes/apps/default/immich/postgres-cluster.yaml)
DEBUG: No dependencies found in file for custom regex manager (repository=local, packageFile=kubernetes/apps/default/immich/pv.yaml)
DEBUG: No dependencies found in file for custom regex manager (repository=local, packageFile=kubernetes/apps/default/immich/postgres-cluster.yaml)
DEBUG: No dependencies found in file for custom regex manager (repository=local, packageFile=kubernetes/apps/default/immich/pv.yaml)
DEBUG: No dependencies found in file for custom regex manager (repository=local, packageFile=kubernetes/apps/default/immich/pvc.yaml)
DEBUG: No dependencies found in file for custom regex manager (repository=local, packageFile=kubernetes/apps/default/immich/pv.yaml)
DEBUG: No dependencies found in file for custom regex manager (repository=local, packageFile=kubernetes/apps/default/immich/pvc.yaml)
DEBUG: No dependencies found in file for custom regex manager (repository=local, packageFile=kubernetes/apps/default/kustomization.yaml)
DEBUG: No dependencies found in file for custom regex manager (repository=local, packageFile=kubernetes/apps/default/immich/pvc.yaml)
DEBUG: No dependencies found in file for custom regex manager (repository=local, packageFile=kubernetes/apps/default/kustomization.yaml)
DEBUG: No dependencies found in file for custom regex manager (repository=local, packageFile=kubernetes/apps/default/kustomization.yaml)
DEBUG: No dependencies found in file for custom regex manager (repository=local, packageFile=kubernetes/apps/default/mcp-memory-service/helmrelease.yaml)
DEBUG: No dependencies found in file for custom regex manager (repository=local, packageFile=kubernetes/apps/default/mcp-memory-service/helmrelease.yaml)
DEBUG: No dependencies found in file for custom regex manager (repository=local, packageFile=kubernetes/apps/default/mcp-memory-service/ks.yaml)
DEBUG: No dependencies found in file for custom regex manager (repository=local, packageFile=kubernetes/apps/default/mcp-memory-service/helmrelease.yaml)
DEBUG: No dependencies found in file for custom regex manager (repository=local, packageFile=kubernetes/apps/default/mcp-memory-service/ks.yaml)
DEBUG: No dependencies found in file for custom regex manager (repository=local, packageFile=kubernetes/apps/default/mcp-memory-service/ks.yaml)
DEBUG: No dependencies found in file for custom regex manager (repository=local, packageFile=kubernetes/apps/default/mcp-memory-service/kustomization.yaml)
DEBUG: No dependencies found in file for custom regex manager (repository=local, packageFile=kubernetes/apps/default/mcp-memory-service/pvc.yaml)
DEBUG: No dependencies found in file for custom regex manager (repository=local, packageFile=kubernetes/apps/default/mcp-memory-service/kustomization.yaml)
DEBUG: No dependencies found in file for custom regex manager (repository=local, packageFile=kubernetes/apps/default/mcp-memory-service/kustomization.yaml)
DEBUG: No dependencies found in file for custom regex manager (repository=local, packageFile=kubernetes/apps/default/mcp-memory-service/pvc.yaml)
DEBUG: No dependencies found in file for custom regex manager (repository=local, packageFile=kubernetes/apps/default/mcp-memory-service/pvc.yaml)
DEBUG: No dependencies found in file for custom regex manager (repository=local, packageFile=kubernetes/apps/default/silverbullet/helmrelease.yaml)
DEBUG: No dependencies found in file for custom regex manager (repository=local, packageFile=kubernetes/apps/default/silverbullet/helmrelease.yaml)
DEBUG: No dependencies found in file for custom regex manager (repository=local, packageFile=kubernetes/apps/default/silverbullet/helmrelease.yaml)
DEBUG: No dependencies found in file for custom regex manager (repository=local, packageFile=kubernetes/apps/default/silverbullet/httproute.yaml)
DEBUG: No dependencies found in file for custom regex manager (repository=local, packageFile=kubernetes/apps/default/silverbullet/httproute.yaml)
DEBUG: No dependencies found in file for custom regex manager (repository=local, packageFile=kubernetes/apps/default/silverbullet/httproute.yaml)
DEBUG: No dependencies found in file for custom regex manager (repository=local, packageFile=kubernetes/apps/default/silverbullet/ks.yaml)
DEBUG: No dependencies found in file for custom regex manager (repository=local, packageFile=kubernetes/apps/default/silverbullet/ks.yaml)
DEBUG: No dependencies found in file for custom regex manager (repository=local, packageFile=kubernetes/apps/default/silverbullet/ks.yaml)
DEBUG: No dependencies found in file for custom regex manager (repository=local, packageFile=kubernetes/apps/default/silverbullet/kustomization.yaml)
DEBUG: No dependencies found in file for custom regex manager (repository=local, packageFile=kubernetes/apps/default/silverbullet/kustomization.yaml)
DEBUG: No dependencies found in file for custom regex manager (repository=local, packageFile=kubernetes/apps/default/silverbullet/kustomization.yaml)
DEBUG: No dependencies found in file for custom regex manager (repository=local, packageFile=kubernetes/apps/default/silverbullet/pvc.yaml)
DEBUG: No dependencies found in file for custom regex manager (repository=local, packageFile=kubernetes/apps/default/silverbullet/pvc.yaml)
DEBUG: No dependencies found in file for custom regex manager (repository=local, packageFile=kubernetes/apps/default/silverbullet/pvc.yaml)
DEBUG: No dependencies found in file for custom regex manager (repository=local, packageFile=kubernetes/apps/dns-private/adguard-home-sync/data/adguardhome-sync.yaml)
DEBUG: No dependencies found in file for custom regex manager (repository=local, packageFile=kubernetes/apps/dns-private/adguard-home-sync/data/adguardhome-sync.yaml)
DEBUG: No dependencies found in file for custom regex manager (repository=local, packageFile=kubernetes/apps/dns-private/adguard-home-sync/helmrelease.yaml)
DEBUG: No dependencies found in file for custom regex manager (repository=local, packageFile=kubernetes/apps/dns-private/adguard-home-sync/data/adguardhome-sync.yaml)
DEBUG: No dependencies found in file for custom regex manager (repository=local, packageFile=kubernetes/apps/dns-private/adguard-home-sync/helmrelease.yaml)
DEBUG: No dependencies found in file for custom regex manager (repository=local, packageFile=kubernetes/apps/dns-private/adguard-home-sync/helmrelease.yaml)
DEBUG: No dependencies found in file for custom regex manager (repository=local, packageFile=kubernetes/apps/dns-private/adguard-home-sync/ks.yaml)
DEBUG: No dependencies found in file for custom regex manager (repository=local, packageFile=kubernetes/apps/dns-private/adguard-home-sync/ks.yaml)
DEBUG: No dependencies found in file for custom regex manager (repository=local, packageFile=kubernetes/apps/dns-private/adguard-home-sync/ks.yaml)
DEBUG: No dependencies found in file for custom regex manager (repository=local, packageFile=kubernetes/apps/dns-private/adguard-home-sync/kustomization.yaml)
DEBUG: No dependencies found in file for custom regex manager (repository=local, packageFile=kubernetes/apps/dns-private/adguard-home-sync/kustomization.yaml)
DEBUG: No dependencies found in file for custom regex manager (repository=local, packageFile=kubernetes/apps/dns-private/adguard-home-sync/kustomization.yaml)
DEBUG: No dependencies found in file for custom regex manager (repository=local, packageFile=kubernetes/apps/dns-private/adguard-home/data/AdGuardHome.yaml)
DEBUG: No dependencies found in file for custom regex manager (repository=local, packageFile=kubernetes/apps/dns-private/adguard-home/data/AdGuardHome.yaml)
DEBUG: No dependencies found in file for custom regex manager (repository=local, packageFile=kubernetes/apps/dns-private/adguard-home/data/AdGuardHome.yaml)
DEBUG: No dependencies found in file for custom regex manager (repository=local, packageFile=kubernetes/apps/dns-private/adguard-home/helmrelease.yaml)
DEBUG: No dependencies found in file for custom regex manager (repository=local, packageFile=kubernetes/apps/dns-private/adguard-home/helmrelease.yaml)
DEBUG: No dependencies found in file for custom regex manager (repository=local, packageFile=kubernetes/apps/dns-private/adguard-home/data/config-merge.sh)
DEBUG: No dependencies found in file for custom regex manager (repository=local, packageFile=kubernetes/apps/dns-private/adguard-home/httproute-replica.yaml)
DEBUG: No dependencies found in file for custom regex manager (repository=local, packageFile=kubernetes/apps/dns-private/adguard-home/httproute-replica.yaml)
DEBUG: No dependencies found in file for custom regex manager (repository=local, packageFile=kubernetes/apps/dns-private/adguard-home/helmrelease.yaml)
DEBUG: No dependencies found in file for custom regex manager (repository=local, packageFile=kubernetes/apps/dns-private/adguard-home/httproute.yaml)
DEBUG: No dependencies found in file for custom regex manager (repository=local, packageFile=kubernetes/apps/dns-private/adguard-home/httproute.yaml)
DEBUG: No dependencies found in file for custom regex manager (repository=local, packageFile=kubernetes/apps/dns-private/adguard-home/httproute-replica.yaml)
DEBUG: No dependencies found in file for custom regex manager (repository=local, packageFile=kubernetes/apps/dns-private/adguard-home/ks.yaml)
DEBUG: No dependencies found in file for custom regex manager (repository=local, packageFile=kubernetes/apps/dns-private/adguard-home/ks.yaml)
DEBUG: No dependencies found in file for custom regex manager (repository=local, packageFile=kubernetes/apps/dns-private/adguard-home/httproute.yaml)
DEBUG: No dependencies found in file for custom regex manager (repository=local, packageFile=kubernetes/apps/dns-private/adguard-home/kustomization.yaml)
DEBUG: No dependencies found in file for custom regex manager (repository=local, packageFile=kubernetes/apps/dns-private/adguard-home/kustomization.yaml)
DEBUG: No dependencies found in file for custom regex manager (repository=local, packageFile=kubernetes/apps/dns-private/adguard-home/ks.yaml)
DEBUG: No dependencies found in file for custom regex manager (repository=local, packageFile=kubernetes/apps/dns-private/dns-gateway/ks.yaml)
DEBUG: No dependencies found in file for custom regex manager (repository=local, packageFile=kubernetes/apps/dns-private/dns-gateway/ks.yaml)
DEBUG: No dependencies found in file for custom regex manager (repository=local, packageFile=kubernetes/apps/dns-private/adguard-home/kustomization.yaml)
DEBUG: No dependencies found in file for custom regex manager (repository=local, packageFile=kubernetes/apps/dns-private/dns-gateway/kustomization.yaml)
DEBUG: No dependencies found in file for custom regex manager (repository=local, packageFile=kubernetes/apps/dns-private/dns-gateway/kustomization.yaml)
DEBUG: No dependencies found in file for custom regex manager (repository=local, packageFile=kubernetes/apps/dns-private/dns-gateway/ks.yaml)
DEBUG: No dependencies found in file for custom regex manager (repository=local, packageFile=kubernetes/apps/dns-private/dns-gateway/service.yaml)
DEBUG: No dependencies found in file for custom regex manager (repository=local, packageFile=kubernetes/apps/dns-private/dns-gateway/service.yaml)
DEBUG: No dependencies found in file for custom regex manager (repository=local, packageFile=kubernetes/apps/dns-private/dns-gateway/kustomization.yaml)
DEBUG: No dependencies found in file for custom regex manager (repository=local, packageFile=kubernetes/apps/dns-private/external-dns/helmrelease.yaml)
DEBUG: No dependencies found in file for custom regex manager (repository=local, packageFile=kubernetes/apps/dns-private/external-dns/helmrelease.yaml)
DEBUG: No dependencies found in file for custom regex manager (repository=local, packageFile=kubernetes/apps/dns-private/external-dns/ks.yaml)
DEBUG: No dependencies found in file for custom regex manager (repository=local, packageFile=kubernetes/apps/dns-private/dns-gateway/service.yaml)
DEBUG: No dependencies found in file for custom regex manager (repository=local, packageFile=kubernetes/apps/dns-private/external-dns/ks.yaml)
DEBUG: No dependencies found in file for custom regex manager (repository=local, packageFile=kubernetes/apps/dns-private/external-dns/kustomization.yaml)
DEBUG: No dependencies found in file for custom regex manager (repository=local, packageFile=kubernetes/apps/dns-private/external-dns/helmrelease.yaml)
DEBUG: No dependencies found in file for custom regex manager (repository=local, packageFile=kubernetes/apps/dns-private/external-dns/kustomization.yaml)
DEBUG: No dependencies found in file for custom regex manager (repository=local, packageFile=kubernetes/apps/dns-private/kustomization.yaml)
DEBUG: No dependencies found in file for custom regex manager (repository=local, packageFile=kubernetes/apps/dns-private/external-dns/ks.yaml)
DEBUG: No dependencies found in file for custom regex manager (repository=local, packageFile=kubernetes/apps/dns-private/kustomization.yaml)
DEBUG: No dependencies found in file for custom regex manager (repository=local, packageFile=kubernetes/apps/dns-private/secret/ks.yaml)
DEBUG: No dependencies found in file for custom regex manager (repository=local, packageFile=kubernetes/apps/dns-private/external-dns/kustomization.yaml)
DEBUG: No dependencies found in file for custom regex manager (repository=local, packageFile=kubernetes/apps/dns-private/secret/ks.yaml)
DEBUG: No dependencies found in file for custom regex manager (repository=local, packageFile=kubernetes/apps/dns-private/secret/kustomization.yaml)
DEBUG: No dependencies found in file for custom regex manager (repository=local, packageFile=kubernetes/apps/dns-private/kustomization.yaml)
DEBUG: No dependencies found in file for custom regex manager (repository=local, packageFile=kubernetes/apps/dns-private/secret/kustomization.yaml)
DEBUG: No dependencies found in file for custom regex manager (repository=local, packageFile=kubernetes/apps/flux-system/flux-instance/helmrelease.yaml)
DEBUG: No dependencies found in file for custom regex manager (repository=local, packageFile=kubernetes/apps/dns-private/secret/ks.yaml)
DEBUG: No dependencies found in file for custom regex manager (repository=local, packageFile=kubernetes/apps/flux-system/flux-instance/helmrelease.yaml)
DEBUG: No dependencies found in file for custom regex manager (repository=local, packageFile=kubernetes/apps/flux-system/flux-instance/httproute.yaml)
DEBUG: No dependencies found in file for custom regex manager (repository=local, packageFile=kubernetes/apps/dns-private/secret/kustomization.yaml)
DEBUG: No dependencies found in file for custom regex manager (repository=local, packageFile=kubernetes/apps/flux-system/flux-instance/httproute.yaml)
DEBUG: No dependencies found in file for custom regex manager (repository=local, packageFile=kubernetes/apps/flux-system/flux-instance/ks.yaml)
DEBUG: No dependencies found in file for custom regex manager (repository=local, packageFile=kubernetes/apps/flux-system/flux-instance/ks.yaml)
DEBUG: No dependencies found in file for custom regex manager (repository=local, packageFile=kubernetes/apps/flux-system/flux-instance/kustomization.yaml)
DEBUG: No dependencies found in file for custom regex manager (repository=local, packageFile=kubernetes/apps/flux-system/flux-instance/kustomization.yaml)
DEBUG: No dependencies found in file for custom regex manager (repository=local, packageFile=kubernetes/apps/flux-system/flux-instance/httproute.yaml)
DEBUG: No dependencies found in file for custom regex manager (repository=local, packageFile=kubernetes/apps/flux-system/flux-instance/receiver.yaml)
DEBUG: No dependencies found in file for custom regex manager (repository=local, packageFile=kubernetes/apps/flux-system/flux-instance/receiver.yaml)
DEBUG: No dependencies found in file for custom regex manager (repository=local, packageFile=kubernetes/apps/flux-system/flux-instance/ks.yaml)
DEBUG: No dependencies found in file for custom regex manager (repository=local, packageFile=kubernetes/apps/flux-system/flux-operator/helmrelease.yaml)
DEBUG: No dependencies found in file for custom regex manager (repository=local, packageFile=kubernetes/apps/flux-system/flux-operator/helmrelease.yaml)
DEBUG: No dependencies found in file for custom regex manager (repository=local, packageFile=kubernetes/apps/flux-system/flux-instance/kustomization.yaml)
DEBUG: No dependencies found in file for custom regex manager (repository=local, packageFile=kubernetes/apps/flux-system/flux-operator/ks.yaml)
DEBUG: No dependencies found in file for custom regex manager (repository=local, packageFile=kubernetes/apps/flux-system/flux-operator/ks.yaml)
DEBUG: No dependencies found in file for custom regex manager (repository=local, packageFile=kubernetes/apps/flux-system/flux-instance/receiver.yaml)
DEBUG: No dependencies found in file for custom regex manager (repository=local, packageFile=kubernetes/apps/flux-system/flux-operator/kustomization.yaml)
DEBUG: No dependencies found in file for custom regex manager (repository=local, packageFile=kubernetes/apps/flux-system/flux-operator/kustomization.yaml)
DEBUG: No dependencies found in file for custom regex manager (repository=local, packageFile=kubernetes/apps/flux-system/flux-operator/helmrelease.yaml)
DEBUG: No dependencies found in file for custom regex manager (repository=local, packageFile=kubernetes/apps/flux-system/kustomization.yaml)
DEBUG: No dependencies found in file for custom regex manager (repository=local, packageFile=kubernetes/apps/flux-system/kustomization.yaml)
DEBUG: No dependencies found in file for custom regex manager (repository=local, packageFile=kubernetes/apps/flux-system/flux-operator/ks.yaml)
DEBUG: No dependencies found in file for custom regex manager (repository=local, packageFile=kubernetes/apps/kube-system/cilium/helmrelease.yaml)
DEBUG: No dependencies found in file for custom regex manager (repository=local, packageFile=kubernetes/apps/kube-system/cilium/helmrelease.yaml)
DEBUG: No dependencies found in file for custom regex manager (repository=local, packageFile=kubernetes/apps/flux-system/flux-operator/kustomization.yaml)
DEBUG: No dependencies found in file for custom regex manager (repository=local, packageFile=kubernetes/apps/kube-system/cilium/ks.yaml)
DEBUG: No dependencies found in file for custom regex manager (repository=local, packageFile=kubernetes/apps/kube-system/cilium/ks.yaml)
DEBUG: No dependencies found in file for custom regex manager (repository=local, packageFile=kubernetes/apps/flux-system/kustomization.yaml)
DEBUG: No dependencies found in file for custom regex manager (repository=local, packageFile=kubernetes/apps/kube-system/cilium/kustomization.yaml)
DEBUG: No dependencies found in file for custom regex manager (repository=local, packageFile=kubernetes/apps/kube-system/cilium/kustomization.yaml)
DEBUG: No dependencies found in file for custom regex manager (repository=local, packageFile=kubernetes/apps/kube-system/cilium/helmrelease.yaml)
DEBUG: No dependencies found in file for custom regex manager (repository=local, packageFile=kubernetes/apps/kube-system/cilium/networks.yaml)
DEBUG: No dependencies found in file for custom regex manager (repository=local, packageFile=kubernetes/apps/kube-system/cilium/networks.yaml)
DEBUG: No dependencies found in file for custom regex manager (repository=local, packageFile=kubernetes/apps/kube-system/cilium/ks.yaml)
DEBUG: No dependencies found in file for custom regex manager (repository=local, packageFile=kubernetes/apps/kube-system/cloudnative-pg/helmrelease.yaml)
DEBUG: No dependencies found in file for custom regex manager (repository=local, packageFile=kubernetes/apps/kube-system/cloudnative-pg/helmrelease.yaml)
DEBUG: No dependencies found in file for custom regex manager (repository=local, packageFile=kubernetes/apps/kube-system/cilium/kustomization.yaml)
DEBUG: No dependencies found in file for custom regex manager (repository=local, packageFile=kubernetes/apps/kube-system/cloudnative-pg/ks.yaml)
DEBUG: No dependencies found in file for custom regex manager (repository=local, packageFile=kubernetes/apps/kube-system/cloudnative-pg/ks.yaml)
DEBUG: No dependencies found in file for custom regex manager (repository=local, packageFile=kubernetes/apps/kube-system/cilium/networks.yaml)
DEBUG: No dependencies found in file for custom regex manager (repository=local, packageFile=kubernetes/apps/kube-system/cloudnative-pg/kustomization.yaml)
DEBUG: No dependencies found in file for custom regex manager (repository=local, packageFile=kubernetes/apps/kube-system/cloudnative-pg/kustomization.yaml)
DEBUG: No dependencies found in file for custom regex manager (repository=local, packageFile=kubernetes/apps/kube-system/cloudnative-pg/helmrelease.yaml)
DEBUG: No dependencies found in file for custom regex manager (repository=local, packageFile=kubernetes/apps/kube-system/coredns/helmrelease.yaml)
DEBUG: No dependencies found in file for custom regex manager (repository=local, packageFile=kubernetes/apps/kube-system/coredns/helmrelease.yaml)
DEBUG: No dependencies found in file for custom regex manager (repository=local, packageFile=kubernetes/apps/kube-system/cloudnative-pg/ks.yaml)
DEBUG: No dependencies found in file for custom regex manager (repository=local, packageFile=kubernetes/apps/kube-system/coredns/ks.yaml)
DEBUG: No dependencies found in file for custom regex manager (repository=local, packageFile=kubernetes/apps/kube-system/coredns/ks.yaml)
DEBUG: No dependencies found in file for custom regex manager (repository=local, packageFile=kubernetes/apps/kube-system/cloudnative-pg/kustomization.yaml)
DEBUG: No dependencies found in file for custom regex manager (repository=local, packageFile=kubernetes/apps/kube-system/coredns/kustomization.yaml)
DEBUG: No dependencies found in file for custom regex manager (repository=local, packageFile=kubernetes/apps/kube-system/coredns/kustomization.yaml)
DEBUG: No dependencies found in file for custom regex manager (repository=local, packageFile=kubernetes/apps/kube-system/coredns/helmrelease.yaml)
DEBUG: No dependencies found in file for custom regex manager (repository=local, packageFile=kubernetes/apps/kube-system/intel-gpu-plugin/gpu-device-plugin.yaml)
DEBUG: No dependencies found in file for custom regex manager (repository=local, packageFile=kubernetes/apps/kube-system/intel-gpu-plugin/gpu-device-plugin.yaml)
DEBUG: Kubernetes image (repository=local)
       "depName": "intel/intel-gpu-plugin",
       "currentValue": "0.34.0",
       "currentDigest": undefined
DEBUG: No dependencies found in file for custom regex manager (repository=local, packageFile=kubernetes/apps/kube-system/coredns/ks.yaml)
DEBUG: No dependencies found in file for custom regex manager (repository=local, packageFile=kubernetes/apps/kube-system/intel-gpu-plugin/helmrelease.yaml)
DEBUG: No dependencies found in file for custom regex manager (repository=local, packageFile=kubernetes/apps/kube-system/intel-gpu-plugin/helmrelease.yaml)
DEBUG: No dependencies found in file for custom regex manager (repository=local, packageFile=kubernetes/apps/kube-system/coredns/kustomization.yaml)
DEBUG: No dependencies found in file for custom regex manager (repository=local, packageFile=kubernetes/apps/kube-system/intel-gpu-plugin/ks.yaml)
DEBUG: No dependencies found in file for custom regex manager (repository=local, packageFile=kubernetes/apps/kube-system/intel-gpu-plugin/ks.yaml)
DEBUG: No dependencies found in file for custom regex manager (repository=local, packageFile=kubernetes/apps/kube-system/intel-gpu-plugin/gpu-device-plugin.yaml)
DEBUG: No dependencies found in file for custom regex manager (repository=local, packageFile=kubernetes/apps/kube-system/intel-gpu-plugin/kustomization.yaml)
DEBUG: No dependencies found in file for custom regex manager (repository=local, packageFile=kubernetes/apps/kube-system/intel-gpu-plugin/kustomization.yaml)
DEBUG: No dependencies found in file for custom regex manager (repository=local, packageFile=kubernetes/apps/kube-system/intel-gpu-plugin/helmrelease.yaml)
DEBUG: No dependencies found in file for custom regex manager (repository=local, packageFile=kubernetes/apps/kube-system/intel-gpu-plugin/monitoring.yaml)
DEBUG: No dependencies found in file for custom regex manager (repository=local, packageFile=kubernetes/apps/kube-system/intel-gpu-plugin/monitoring.yaml)
DEBUG: No dependencies found in file for custom regex manager (repository=local, packageFile=kubernetes/apps/kube-system/intel-gpu-plugin/ks.yaml)
DEBUG: No dependencies found in file for custom regex manager (repository=local, packageFile=kubernetes/apps/kube-system/kustomization.yaml)
DEBUG: No dependencies found in file for custom regex manager (repository=local, packageFile=kubernetes/apps/kube-system/kustomization.yaml)
DEBUG: No dependencies found in file for custom regex manager (repository=local, packageFile=kubernetes/apps/kube-system/intel-gpu-plugin/kustomization.yaml)
DEBUG: No dependencies found in file for custom regex manager (repository=local, packageFile=kubernetes/apps/kube-system/mariadb-operator/helmrelease.yaml)
DEBUG: No dependencies found in file for custom regex manager (repository=local, packageFile=kubernetes/apps/kube-system/mariadb-operator/helmrelease.yaml)
DEBUG: No dependencies found in file for custom regex manager (repository=local, packageFile=kubernetes/apps/kube-system/intel-gpu-plugin/monitoring.yaml)
DEBUG: No dependencies found in file for custom regex manager (repository=local, packageFile=kubernetes/apps/kube-system/mariadb-operator/ks.yaml)
DEBUG: No dependencies found in file for custom regex manager (repository=local, packageFile=kubernetes/apps/kube-system/mariadb-operator/ks.yaml)
DEBUG: No dependencies found in file for custom regex manager (repository=local, packageFile=kubernetes/apps/kube-system/kustomization.yaml)
DEBUG: No dependencies found in file for custom regex manager (repository=local, packageFile=kubernetes/apps/kube-system/mariadb-operator/kustomization.yaml)
DEBUG: No dependencies found in file for custom regex manager (repository=local, packageFile=kubernetes/apps/kube-system/mariadb-operator/kustomization.yaml)
DEBUG: No dependencies found in file for custom regex manager (repository=local, packageFile=kubernetes/apps/kube-system/mariadb-operator/helmrelease.yaml)
DEBUG: No dependencies found in file for custom regex manager (repository=local, packageFile=kubernetes/apps/kube-system/metrics-server/helmrelease.yaml)
DEBUG: No dependencies found in file for custom regex manager (repository=local, packageFile=kubernetes/apps/kube-system/metrics-server/helmrelease.yaml)
DEBUG: No dependencies found in file for custom regex manager (repository=local, packageFile=kubernetes/apps/kube-system/mariadb-operator/ks.yaml)
DEBUG: No dependencies found in file for custom regex manager (repository=local, packageFile=kubernetes/apps/kube-system/metrics-server/ks.yaml)
DEBUG: No dependencies found in file for custom regex manager (repository=local, packageFile=kubernetes/apps/kube-system/metrics-server/ks.yaml)
DEBUG: No dependencies found in file for custom regex manager (repository=local, packageFile=kubernetes/apps/kube-system/mariadb-operator/kustomization.yaml)
DEBUG: No dependencies found in file for custom regex manager (repository=local, packageFile=kubernetes/apps/kube-system/metrics-server/kustomization.yaml)
DEBUG: No dependencies found in file for custom regex manager (repository=local, packageFile=kubernetes/apps/kube-system/metrics-server/kustomization.yaml)
DEBUG: No dependencies found in file for custom regex manager (repository=local, packageFile=kubernetes/apps/kube-system/metrics-server/helmrelease.yaml)
DEBUG: No dependencies found in file for custom regex manager (repository=local, packageFile=kubernetes/apps/kube-system/node-feature-discovery/helmrelease.yaml)
DEBUG: No dependencies found in file for custom regex manager (repository=local, packageFile=kubernetes/apps/kube-system/node-feature-discovery/helmrelease.yaml)
DEBUG: No dependencies found in file for custom regex manager (repository=local, packageFile=kubernetes/apps/kube-system/metrics-server/ks.yaml)
DEBUG: No dependencies found in file for custom regex manager (repository=local, packageFile=kubernetes/apps/kube-system/node-feature-discovery/ks.yaml)
DEBUG: No dependencies found in file for custom regex manager (repository=local, packageFile=kubernetes/apps/kube-system/node-feature-discovery/ks.yaml)
DEBUG: No dependencies found in file for custom regex manager (repository=local, packageFile=kubernetes/apps/kube-system/metrics-server/kustomization.yaml)
DEBUG: No dependencies found in file for custom regex manager (repository=local, packageFile=kubernetes/apps/kube-system/node-feature-discovery/kustomization.yaml)
DEBUG: No dependencies found in file for custom regex manager (repository=local, packageFile=kubernetes/apps/kube-system/node-feature-discovery/kustomization.yaml)
DEBUG: No dependencies found in file for custom regex manager (repository=local, packageFile=kubernetes/apps/kube-system/node-feature-discovery/helmrelease.yaml)
DEBUG: No dependencies found in file for custom regex manager (repository=local, packageFile=kubernetes/apps/kube-system/node-feature-discovery/nodefeaturerule.yaml)
DEBUG: No dependencies found in file for custom regex manager (repository=local, packageFile=kubernetes/apps/kube-system/node-feature-discovery/nodefeaturerule.yaml)
DEBUG: No dependencies found in file for custom regex manager (repository=local, packageFile=kubernetes/apps/kube-system/node-feature-discovery/ks.yaml)
DEBUG: No dependencies found in file for custom regex manager (repository=local, packageFile=kubernetes/apps/kube-system/reloader/helmrelease.yaml)
DEBUG: No dependencies found in file for custom regex manager (repository=local, packageFile=kubernetes/apps/kube-system/reloader/helmrelease.yaml)
DEBUG: No dependencies found in file for custom regex manager (repository=local, packageFile=kubernetes/apps/kube-system/node-feature-discovery/kustomization.yaml)
DEBUG: No dependencies found in file for custom regex manager (repository=local, packageFile=kubernetes/apps/kube-system/reloader/ks.yaml)
DEBUG: No dependencies found in file for custom regex manager (repository=local, packageFile=kubernetes/apps/kube-system/reloader/ks.yaml)
DEBUG: No dependencies found in file for custom regex manager (repository=local, packageFile=kubernetes/apps/kube-system/node-feature-discovery/nodefeaturerule.yaml)
DEBUG: No dependencies found in file for custom regex manager (repository=local, packageFile=kubernetes/apps/kube-system/reloader/helmrelease.yaml)
DEBUG: No dependencies found in file for custom regex manager (repository=local, packageFile=kubernetes/apps/kube-system/reloader/kustomization.yaml)
DEBUG: No dependencies found in file for custom regex manager (repository=local, packageFile=kubernetes/apps/kube-system/reloader/kustomization.yaml)
DEBUG: No dependencies found in file for custom regex manager (repository=local, packageFile=kubernetes/apps/kube-system/reloader/ks.yaml)
DEBUG: No dependencies found in file for custom regex manager (repository=local, packageFile=kubernetes/apps/kube-system/spegel/helmrelease.yaml)
DEBUG: No dependencies found in file for custom regex manager (repository=local, packageFile=kubernetes/apps/kube-system/spegel/helmrelease.yaml)
DEBUG: No dependencies found in file for custom regex manager (repository=local, packageFile=kubernetes/apps/kube-system/spegel/ks.yaml)
DEBUG: No dependencies found in file for custom regex manager (repository=local, packageFile=kubernetes/apps/kube-system/reloader/kustomization.yaml)
DEBUG: No dependencies found in file for custom regex manager (repository=local, packageFile=kubernetes/apps/kube-system/spegel/ks.yaml)
DEBUG: No dependencies found in file for custom regex manager (repository=local, packageFile=kubernetes/apps/kube-system/spegel/kustomization.yaml)
DEBUG: No dependencies found in file for custom regex manager (repository=local, packageFile=kubernetes/apps/kube-system/spegel/helmrelease.yaml)
DEBUG: No dependencies found in file for custom regex manager (repository=local, packageFile=kubernetes/apps/kube-system/spegel/kustomization.yaml)
DEBUG: No dependencies found in file for custom regex manager (repository=local, packageFile=kubernetes/apps/media/kustomization.yaml)
DEBUG: No dependencies found in file for custom regex manager (repository=local, packageFile=kubernetes/apps/kube-system/spegel/ks.yaml)
DEBUG: No dependencies found in file for custom regex manager (repository=local, packageFile=kubernetes/apps/media/kustomization.yaml)
DEBUG: No dependencies found in file for custom regex manager (repository=local, packageFile=kubernetes/apps/media/qbittorrent/helmrelease.yaml)
DEBUG: No dependencies found in file for custom regex manager (repository=local, packageFile=kubernetes/apps/kube-system/spegel/kustomization.yaml)
DEBUG: No dependencies found in file for custom regex manager (repository=local, packageFile=kubernetes/apps/media/qbittorrent/helmrelease.yaml)
DEBUG: No dependencies found in file for custom regex manager (repository=local, packageFile=kubernetes/apps/media/qbittorrent/httproute.yaml)
DEBUG: No dependencies found in file for custom regex manager (repository=local, packageFile=kubernetes/apps/media/kustomization.yaml)
DEBUG: No dependencies found in file for custom regex manager (repository=local, packageFile=kubernetes/apps/media/qbittorrent/httproute.yaml)
DEBUG: No dependencies found in file for custom regex manager (repository=local, packageFile=kubernetes/apps/media/qbittorrent/ks.yaml)
DEBUG: No dependencies found in file for custom regex manager (repository=local, packageFile=kubernetes/apps/media/qbittorrent/ks.yaml)
DEBUG: No dependencies found in file for custom regex manager (repository=local, packageFile=kubernetes/apps/media/qbittorrent/helmrelease.yaml)
DEBUG: No dependencies found in file for custom regex manager (repository=local, packageFile=kubernetes/apps/media/qbittorrent/kustomization.yaml)
DEBUG: No dependencies found in file for custom regex manager (repository=local, packageFile=kubernetes/apps/media/qbittorrent/kustomization.yaml)
DEBUG: No dependencies found in file for custom regex manager (repository=local, packageFile=kubernetes/apps/media/qbittorrent/httproute.yaml)
DEBUG: No dependencies found in file for custom regex manager (repository=local, packageFile=kubernetes/apps/media/qbittorrent/pvc.yaml)
DEBUG: No dependencies found in file for custom regex manager (repository=local, packageFile=kubernetes/apps/media/qbittorrent/pvc.yaml)
DEBUG: No dependencies found in file for custom regex manager (repository=local, packageFile=kubernetes/apps/media/qbittorrent/ks.yaml)
DEBUG: No dependencies found in file for custom regex manager (repository=local, packageFile=kubernetes/apps/media/qbittorrent/securitypolicy.yaml)
DEBUG: No dependencies found in file for custom regex manager (repository=local, packageFile=kubernetes/apps/media/qbittorrent/securitypolicy.yaml)
DEBUG: No dependencies found in file for custom regex manager (repository=local, packageFile=kubernetes/apps/media/qbittorrent/kustomization.yaml)
DEBUG: No dependencies found in file for custom regex manager (repository=local, packageFile=kubernetes/apps/media/sabnzbd/helmrelease.yaml)
DEBUG: No dependencies found in file for custom regex manager (repository=local, packageFile=kubernetes/apps/media/sabnzbd/helmrelease.yaml)
DEBUG: No dependencies found in file for custom regex manager (repository=local, packageFile=kubernetes/apps/media/qbittorrent/pvc.yaml)
DEBUG: No dependencies found in file for custom regex manager (repository=local, packageFile=kubernetes/apps/media/sabnzbd/httproute.yaml)
DEBUG: No dependencies found in file for custom regex manager (repository=local, packageFile=kubernetes/apps/media/sabnzbd/httproute.yaml)
DEBUG: No dependencies found in file for custom regex manager (repository=local, packageFile=kubernetes/apps/media/qbittorrent/securitypolicy.yaml)
DEBUG: No dependencies found in file for custom regex manager (repository=local, packageFile=kubernetes/apps/media/sabnzbd/ks.yaml)
DEBUG: No dependencies found in file for custom regex manager (repository=local, packageFile=kubernetes/apps/media/sabnzbd/ks.yaml)
DEBUG: No dependencies found in file for custom regex manager (repository=local, packageFile=kubernetes/apps/media/sabnzbd/helmrelease.yaml)
DEBUG: No dependencies found in file for custom regex manager (repository=local, packageFile=kubernetes/apps/media/sabnzbd/kustomization.yaml)
DEBUG: No dependencies found in file for custom regex manager (repository=local, packageFile=kubernetes/apps/media/sabnzbd/kustomization.yaml)
DEBUG: No dependencies found in file for custom regex manager (repository=local, packageFile=kubernetes/apps/media/sabnzbd/httproute.yaml)
DEBUG: No dependencies found in file for custom regex manager (repository=local, packageFile=kubernetes/apps/media/sabnzbd/pvc.yaml)
DEBUG: No dependencies found in file for custom regex manager (repository=local, packageFile=kubernetes/apps/media/sabnzbd/pvc.yaml)
DEBUG: No dependencies found in file for custom regex manager (repository=local, packageFile=kubernetes/apps/media/sabnzbd/ks.yaml)
DEBUG: No dependencies found in file for custom regex manager (repository=local, packageFile=kubernetes/apps/network/cloudflare-dns/crd.yaml)
DEBUG: No dependencies found in file for custom regex manager (repository=local, packageFile=kubernetes/apps/network/cloudflare-dns/crd.yaml)
DEBUG: No dependencies found in file for custom regex manager (repository=local, packageFile=kubernetes/apps/media/sabnzbd/kustomization.yaml)
DEBUG: No dependencies found in file for custom regex manager (repository=local, packageFile=kubernetes/apps/network/cloudflare-dns/httproute.yaml)
DEBUG: No dependencies found in file for custom regex manager (repository=local, packageFile=kubernetes/apps/network/cloudflare-dns/httproute.yaml)
DEBUG: No dependencies found in file for custom regex manager (repository=local, packageFile=kubernetes/apps/media/sabnzbd/pvc.yaml)
DEBUG: No dependencies found in file for custom regex manager (repository=local, packageFile=kubernetes/apps/network/cloudflare-dns/ks.yaml)
DEBUG: No dependencies found in file for custom regex manager (repository=local, packageFile=kubernetes/apps/network/cloudflare-dns/ks.yaml)
DEBUG: No dependencies found in file for custom regex manager (repository=local, packageFile=kubernetes/apps/network/cloudflare-dns/crd.yaml)
DEBUG: No dependencies found in file for custom regex manager (repository=local, packageFile=kubernetes/apps/network/cloudflare-dns/kustomization.yaml)
DEBUG: No dependencies found in file for custom regex manager (repository=local, packageFile=kubernetes/apps/network/cloudflare-dns/kustomization.yaml)
DEBUG: No dependencies found in file for custom regex manager (repository=local, packageFile=kubernetes/apps/network/cloudflare-dns/httproute.yaml)
DEBUG: No dependencies found in file for custom regex manager (repository=local, packageFile=kubernetes/apps/network/cloudflare-dns/shared-values.yaml)
DEBUG: No dependencies found in file for custom regex manager (repository=local, packageFile=kubernetes/apps/network/cloudflare-dns/shared-values.yaml)
DEBUG: No dependencies found in file for custom regex manager (repository=local, packageFile=kubernetes/apps/network/cloudflare-dns/ks.yaml)
DEBUG: No dependencies found in file for custom regex manager (repository=local, packageFile=kubernetes/apps/network/cloudflare-tunnel/dnsendpoint.yaml)
DEBUG: No dependencies found in file for custom regex manager (repository=local, packageFile=kubernetes/apps/network/cloudflare-tunnel/dnsendpoint.yaml)
DEBUG: No dependencies found in file for custom regex manager (repository=local, packageFile=kubernetes/apps/network/cloudflare-dns/kustomization.yaml)
DEBUG: No dependencies found in file for custom regex manager (repository=local, packageFile=kubernetes/apps/network/cloudflare-tunnel/helmrelease.yaml)
DEBUG: No dependencies found in file for custom regex manager (repository=local, packageFile=kubernetes/apps/network/cloudflare-tunnel/helmrelease.yaml)
DEBUG: No dependencies found in file for custom regex manager (repository=local, packageFile=kubernetes/apps/network/cloudflare-dns/shared-values.yaml)
DEBUG: No dependencies found in file for custom regex manager (repository=local, packageFile=kubernetes/apps/network/cloudflare-tunnel/ks.yaml)
DEBUG: No dependencies found in file for custom regex manager (repository=local, packageFile=kubernetes/apps/network/cloudflare-tunnel/ks.yaml)
DEBUG: No dependencies found in file for custom regex manager (repository=local, packageFile=kubernetes/apps/network/cloudflare-tunnel/dnsendpoint.yaml)
DEBUG: No dependencies found in file for custom regex manager (repository=local, packageFile=kubernetes/apps/network/cloudflare-tunnel/kustomization.yaml)
DEBUG: No dependencies found in file for custom regex manager (repository=local, packageFile=kubernetes/apps/network/cloudflare-tunnel/kustomization.yaml)
DEBUG: No dependencies found in file for custom regex manager (repository=local, packageFile=kubernetes/apps/network/cloudflare-tunnel/helmrelease.yaml)
DEBUG: No dependencies found in file for custom regex manager (repository=local, packageFile=kubernetes/apps/network/envoy-gateway/certificate.yaml)
DEBUG: No dependencies found in file for custom regex manager (repository=local, packageFile=kubernetes/apps/network/envoy-gateway/certificate.yaml)
DEBUG: No dependencies found in file for custom regex manager (repository=local, packageFile=kubernetes/apps/network/cloudflare-tunnel/ks.yaml)
DEBUG: No dependencies found in file for custom regex manager (repository=local, packageFile=kubernetes/apps/network/envoy-gateway/envoyproxy-config.yaml)
DEBUG: No dependencies found in file for custom regex manager (repository=local, packageFile=kubernetes/apps/network/envoy-gateway/envoyproxy-config.yaml)
DEBUG: No dependencies found in file for custom regex manager (repository=local, packageFile=kubernetes/apps/network/cloudflare-tunnel/kustomization.yaml)
DEBUG: No dependencies found in file for custom regex manager (repository=local, packageFile=kubernetes/apps/network/envoy-gateway/external-gateway-service.yaml)
DEBUG: No dependencies found in file for custom regex manager (repository=local, packageFile=kubernetes/apps/network/envoy-gateway/external-gateway-service.yaml)
DEBUG: No dependencies found in file for custom regex manager (repository=local, packageFile=kubernetes/apps/network/envoy-gateway/certificate.yaml)
DEBUG: No dependencies found in file for custom regex manager (repository=local, packageFile=kubernetes/apps/network/envoy-gateway/external.yaml)
DEBUG: No dependencies found in file for custom regex manager (repository=local, packageFile=kubernetes/apps/network/envoy-gateway/external.yaml)
DEBUG: No dependencies found in file for custom regex manager (repository=local, packageFile=kubernetes/apps/network/envoy-gateway/envoyproxy-config.yaml)
DEBUG: No dependencies found in file for custom regex manager (repository=local, packageFile=kubernetes/apps/network/envoy-gateway/gatewayclass.yaml)
DEBUG: No dependencies found in file for custom regex manager (repository=local, packageFile=kubernetes/apps/network/envoy-gateway/gatewayclass.yaml)
DEBUG: No dependencies found in file for custom regex manager (repository=local, packageFile=kubernetes/apps/network/envoy-gateway/external-gateway-service.yaml)
DEBUG: No dependencies found in file for custom regex manager (repository=local, packageFile=kubernetes/apps/network/envoy-gateway/helmrelease.yaml)
DEBUG: No dependencies found in file for custom regex manager (repository=local, packageFile=kubernetes/apps/network/envoy-gateway/helmrelease.yaml)
DEBUG: No dependencies found in file for custom regex manager (repository=local, packageFile=kubernetes/apps/network/envoy-gateway/external.yaml)
DEBUG: No dependencies found in file for custom regex manager (repository=local, packageFile=kubernetes/apps/network/envoy-gateway/internal.yaml)
DEBUG: No dependencies found in file for custom regex manager (repository=local, packageFile=kubernetes/apps/network/envoy-gateway/internal.yaml)
DEBUG: No dependencies found in file for custom regex manager (repository=local, packageFile=kubernetes/apps/network/envoy-gateway/gatewayclass.yaml)
DEBUG: No dependencies found in file for custom regex manager (repository=local, packageFile=kubernetes/apps/network/envoy-gateway/ks.yaml)
DEBUG: No dependencies found in file for custom regex manager (repository=local, packageFile=kubernetes/apps/network/envoy-gateway/ks.yaml)
DEBUG: No dependencies found in file for custom regex manager (repository=local, packageFile=kubernetes/apps/network/envoy-gateway/helmrelease.yaml)
DEBUG: No dependencies found in file for custom regex manager (repository=local, packageFile=kubernetes/apps/network/envoy-gateway/kustomization.yaml)
DEBUG: No dependencies found in file for custom regex manager (repository=local, packageFile=kubernetes/apps/network/envoy-gateway/kustomization.yaml)
DEBUG: No dependencies found in file for custom regex manager (repository=local, packageFile=kubernetes/apps/network/envoy-gateway/internal.yaml)
DEBUG: No dependencies found in file for custom regex manager (repository=local, packageFile=kubernetes/apps/network/kustomization.yaml)
DEBUG: No dependencies found in file for custom regex manager (repository=local, packageFile=kubernetes/apps/network/kustomization.yaml)
DEBUG: No dependencies found in file for custom regex manager (repository=local, packageFile=kubernetes/apps/network/envoy-gateway/ks.yaml)
DEBUG: No dependencies found in file for custom regex manager (repository=local, packageFile=kubernetes/apps/observability/grafana/helmrelease.yaml)
DEBUG: No dependencies found in file for custom regex manager (repository=local, packageFile=kubernetes/apps/observability/grafana/helmrelease.yaml)
DEBUG: No dependencies found in file for custom regex manager (repository=local, packageFile=kubernetes/apps/network/envoy-gateway/kustomization.yaml)
DEBUG: No dependencies found in file for custom regex manager (repository=local, packageFile=kubernetes/apps/observability/grafana/httproute.yaml)
DEBUG: No dependencies found in file for custom regex manager (repository=local, packageFile=kubernetes/apps/observability/grafana/httproute.yaml)
DEBUG: No dependencies found in file for custom regex manager (repository=local, packageFile=kubernetes/apps/network/kustomization.yaml)
DEBUG: No dependencies found in file for custom regex manager (repository=local, packageFile=kubernetes/apps/observability/grafana/ks.yaml)
DEBUG: No dependencies found in file for custom regex manager (repository=local, packageFile=kubernetes/apps/observability/grafana/ks.yaml)
DEBUG: No dependencies found in file for custom regex manager (repository=local, packageFile=kubernetes/apps/observability/grafana/helmrelease.yaml)
DEBUG: No dependencies found in file for custom regex manager (repository=local, packageFile=kubernetes/apps/observability/grafana/kustomization.yaml)
DEBUG: No dependencies found in file for custom regex manager (repository=local, packageFile=kubernetes/apps/observability/grafana/kustomization.yaml)
DEBUG: No dependencies found in file for custom regex manager (repository=local, packageFile=kubernetes/apps/observability/grafana/httproute.yaml)
DEBUG: No dependencies found in file for custom regex manager (repository=local, packageFile=kubernetes/apps/observability/kustomization.yaml)
DEBUG: No dependencies found in file for custom regex manager (repository=local, packageFile=kubernetes/apps/observability/kustomization.yaml)
DEBUG: No dependencies found in file for custom regex manager (repository=local, packageFile=kubernetes/apps/observability/grafana/ks.yaml)
DEBUG: No dependencies found in file for custom regex manager (repository=local, packageFile=kubernetes/apps/observability/victoria-logs-single/helmrelease.yaml)
DEBUG: No dependencies found in file for custom regex manager (repository=local, packageFile=kubernetes/apps/observability/victoria-logs-single/helmrelease.yaml)
DEBUG: No dependencies found in file for custom regex manager (repository=local, packageFile=kubernetes/apps/observability/grafana/kustomization.yaml)
DEBUG: No dependencies found in file for custom regex manager (repository=local, packageFile=kubernetes/apps/observability/victoria-logs-single/httproute.yaml)
DEBUG: No dependencies found in file for custom regex manager (repository=local, packageFile=kubernetes/apps/observability/victoria-logs-single/httproute.yaml)
DEBUG: No dependencies found in file for custom regex manager (repository=local, packageFile=kubernetes/apps/observability/kustomization.yaml)
DEBUG: No dependencies found in file for custom regex manager (repository=local, packageFile=kubernetes/apps/observability/victoria-logs-single/ks.yaml)
DEBUG: No dependencies found in file for custom regex manager (repository=local, packageFile=kubernetes/apps/observability/victoria-logs-single/ks.yaml)
DEBUG: No dependencies found in file for custom regex manager (repository=local, packageFile=kubernetes/apps/observability/victoria-logs-single/helmrelease.yaml)
DEBUG: No dependencies found in file for custom regex manager (repository=local, packageFile=kubernetes/apps/observability/victoria-logs-single/kustomization.yaml)
DEBUG: No dependencies found in file for custom regex manager (repository=local, packageFile=kubernetes/apps/observability/victoria-logs-single/kustomization.yaml)
DEBUG: No dependencies found in file for custom regex manager (repository=local, packageFile=kubernetes/apps/observability/victoria-logs-single/httproute.yaml)
DEBUG: No dependencies found in file for custom regex manager (repository=local, packageFile=kubernetes/apps/observability/victoria-metrics-k8s-stack/helmrelease.yaml)
DEBUG: No dependencies found in file for custom regex manager (repository=local, packageFile=kubernetes/apps/observability/victoria-metrics-k8s-stack/helmrelease.yaml)
DEBUG: No dependencies found in file for custom regex manager (repository=local, packageFile=kubernetes/apps/observability/victoria-logs-single/ks.yaml)
DEBUG: No dependencies found in file for custom regex manager (repository=local, packageFile=kubernetes/apps/observability/victoria-metrics-k8s-stack/httproute.yaml)
DEBUG: No dependencies found in file for custom regex manager (repository=local, packageFile=kubernetes/apps/observability/victoria-metrics-k8s-stack/httproute.yaml)
DEBUG: No dependencies found in file for custom regex manager (repository=local, packageFile=kubernetes/apps/observability/victoria-logs-single/kustomization.yaml)
DEBUG: No dependencies found in file for custom regex manager (repository=local, packageFile=kubernetes/apps/observability/victoria-metrics-k8s-stack/ks.yaml)
DEBUG: No dependencies found in file for custom regex manager (repository=local, packageFile=kubernetes/apps/observability/victoria-metrics-k8s-stack/ks.yaml)
DEBUG: No dependencies found in file for custom regex manager (repository=local, packageFile=kubernetes/apps/observability/victoria-metrics-k8s-stack/helmrelease.yaml)
DEBUG: No dependencies found in file for custom regex manager (repository=local, packageFile=kubernetes/apps/observability/victoria-metrics-k8s-stack/kustomization.yaml)
DEBUG: No dependencies found in file for custom regex manager (repository=local, packageFile=kubernetes/apps/observability/victoria-metrics-k8s-stack/kustomization.yaml)
DEBUG: No dependencies found in file for custom regex manager (repository=local, packageFile=kubernetes/apps/observability/victoria-metrics-k8s-stack/httproute.yaml)
DEBUG: No dependencies found in file for custom regex manager (repository=local, packageFile=kubernetes/apps/rook-ceph/cluster/cephobjectstoreuser-console.yaml)
DEBUG: No dependencies found in file for custom regex manager (repository=local, packageFile=kubernetes/apps/rook-ceph/cluster/cephobjectstoreuser-console.yaml)
DEBUG: No dependencies found in file for custom regex manager (repository=local, packageFile=kubernetes/apps/observability/victoria-metrics-k8s-stack/ks.yaml)
DEBUG: No dependencies found in file for custom regex manager (repository=local, packageFile=kubernetes/apps/rook-ceph/cluster/helmrelease.yaml)
DEBUG: No dependencies found in file for custom regex manager (repository=local, packageFile=kubernetes/apps/rook-ceph/cluster/helmrelease.yaml)
DEBUG: No dependencies found in file for custom regex manager (repository=local, packageFile=kubernetes/apps/observability/victoria-metrics-k8s-stack/kustomization.yaml)
DEBUG: No dependencies found in file for custom regex manager (repository=local, packageFile=kubernetes/apps/rook-ceph/cluster/httproute.yaml)
DEBUG: No dependencies found in file for custom regex manager (repository=local, packageFile=kubernetes/apps/rook-ceph/cluster/httproute.yaml)
DEBUG: No dependencies found in file for custom regex manager (repository=local, packageFile=kubernetes/apps/rook-ceph/cluster/cephobjectstoreuser-console.yaml)
DEBUG: No dependencies found in file for custom regex manager (repository=local, packageFile=kubernetes/apps/rook-ceph/cluster/ks.yaml)
DEBUG: No dependencies found in file for custom regex manager (repository=local, packageFile=kubernetes/apps/rook-ceph/cluster/ks.yaml)
DEBUG: No dependencies found in file for custom regex manager (repository=local, packageFile=kubernetes/apps/rook-ceph/cluster/helmrelease.yaml)
DEBUG: No dependencies found in file for custom regex manager (repository=local, packageFile=kubernetes/apps/rook-ceph/cluster/kustomization.yaml)
DEBUG: No dependencies found in file for custom regex manager (repository=local, packageFile=kubernetes/apps/rook-ceph/cluster/kustomization.yaml)
DEBUG: No dependencies found in file for custom regex manager (repository=local, packageFile=kubernetes/apps/rook-ceph/cluster/httproute.yaml)
DEBUG: No dependencies found in file for custom regex manager (repository=local, packageFile=kubernetes/apps/rook-ceph/kustomization.yaml)
DEBUG: No dependencies found in file for custom regex manager (repository=local, packageFile=kubernetes/apps/rook-ceph/kustomization.yaml)
DEBUG: No dependencies found in file for custom regex manager (repository=local, packageFile=kubernetes/apps/rook-ceph/cluster/ks.yaml)
DEBUG: No dependencies found in file for custom regex manager (repository=local, packageFile=kubernetes/apps/rook-ceph/operator/helmrelease.yaml)
DEBUG: No dependencies found in file for custom regex manager (repository=local, packageFile=kubernetes/apps/rook-ceph/operator/helmrelease.yaml)
DEBUG: No dependencies found in file for custom regex manager (repository=local, packageFile=kubernetes/apps/rook-ceph/cluster/kustomization.yaml)
DEBUG: No dependencies found in file for custom regex manager (repository=local, packageFile=kubernetes/apps/rook-ceph/operator/ks.yaml)
DEBUG: No dependencies found in file for custom regex manager (repository=local, packageFile=kubernetes/apps/rook-ceph/operator/ks.yaml)
DEBUG: No dependencies found in file for custom regex manager (repository=local, packageFile=kubernetes/apps/rook-ceph/kustomization.yaml)
DEBUG: No dependencies found in file for custom regex manager (repository=local, packageFile=kubernetes/apps/rook-ceph/operator/kustomization.yaml)
DEBUG: No dependencies found in file for custom regex manager (repository=local, packageFile=kubernetes/apps/rook-ceph/operator/kustomization.yaml)
DEBUG: No dependencies found in file for custom regex manager (repository=local, packageFile=kubernetes/apps/rook-ceph/operator/helmrelease.yaml)
DEBUG: No dependencies found in file for custom regex manager (repository=local, packageFile=kubernetes/apps/storage/kustomization.yaml)
DEBUG: No dependencies found in file for custom regex manager (repository=local, packageFile=kubernetes/apps/storage/kustomization.yaml)
DEBUG: No dependencies found in file for custom regex manager (repository=local, packageFile=kubernetes/apps/rook-ceph/operator/ks.yaml)
DEBUG: No dependencies found in file for custom regex manager (repository=local, packageFile=kubernetes/apps/storage/nfs/ks.yaml)
DEBUG: No dependencies found in file for custom regex manager (repository=local, packageFile=kubernetes/apps/storage/nfs/ks.yaml)
DEBUG: No dependencies found in file for custom regex manager (repository=local, packageFile=kubernetes/apps/rook-ceph/operator/kustomization.yaml)
DEBUG: No dependencies found in file for custom regex manager (repository=local, packageFile=kubernetes/apps/storage/nfs/kustomization.yaml)
DEBUG: No dependencies found in file for custom regex manager (repository=local, packageFile=kubernetes/apps/storage/nfs/kustomization.yaml)
DEBUG: No dependencies found in file for custom regex manager (repository=local, packageFile=kubernetes/apps/storage/kustomization.yaml)
DEBUG: No dependencies found in file for custom regex manager (repository=local, packageFile=kubernetes/apps/storage/nfs/persistentvolumes.yaml)
DEBUG: No dependencies found in file for custom regex manager (repository=local, packageFile=kubernetes/apps/storage/nfs/ks.yaml)
DEBUG: No dependencies found in file for custom regex manager (repository=local, packageFile=kubernetes/apps/storage/nfs/persistentvolumes.yaml)
DEBUG: No dependencies found in file for custom regex manager (repository=local, packageFile=kubernetes/components/common/kustomization.yaml)
DEBUG: No dependencies found in file for custom regex manager (repository=local, packageFile=kubernetes/apps/storage/nfs/kustomization.yaml)
DEBUG: No dependencies found in file for custom regex manager (repository=local, packageFile=kubernetes/components/common/kustomization.yaml)
DEBUG: No dependencies found in file for custom regex manager (repository=local, packageFile=kubernetes/components/common/namespace.yaml)
DEBUG: No dependencies found in file for custom regex manager (repository=local, packageFile=kubernetes/apps/storage/nfs/persistentvolumes.yaml)
DEBUG: No dependencies found in file for custom regex manager (repository=local, packageFile=kubernetes/components/common/namespace.yaml)
DEBUG: No dependencies found in file for custom regex manager (repository=local, packageFile=kubernetes/components/common/repos/app-template/kustomization.yaml)
DEBUG: No dependencies found in file for custom regex manager (repository=local, packageFile=kubernetes/components/common/kustomization.yaml)
DEBUG: No dependencies found in file for custom regex manager (repository=local, packageFile=kubernetes/components/common/repos/app-template/kustomization.yaml)
DEBUG: No dependencies found in file for custom regex manager (repository=local, packageFile=kubernetes/components/common/repos/app-template/ocirepository.yaml)
DEBUG: No dependencies found in file for custom regex manager (repository=local, packageFile=kubernetes/components/common/namespace.yaml)
DEBUG: No dependencies found in file for custom regex manager (repository=local, packageFile=kubernetes/components/common/repos/app-template/kustomization.yaml)
DEBUG: No dependencies found in file for custom regex manager (repository=local, packageFile=kubernetes/components/common/repos/app-template/ocirepository.yaml)
DEBUG: No dependencies found in file for custom regex manager (repository=local, packageFile=kubernetes/components/common/repos/kustomization.yaml)
DEBUG: No dependencies found in file for custom regex manager (repository=local, packageFile=kubernetes/components/common/repos/kustomization.yaml)
DEBUG: No dependencies found in file for custom regex manager (repository=local, packageFile=kubernetes/components/common/repos/app-template/ocirepository.yaml)
DEBUG: No dependencies found in file for custom regex manager (repository=local, packageFile=kubernetes/components/common/sops/kustomization.yaml)
DEBUG: No dependencies found in file for custom regex manager (repository=local, packageFile=kubernetes/components/common/sops/kustomization.yaml)
DEBUG: No dependencies found in file for custom regex manager (repository=local, packageFile=kubernetes/components/common/repos/kustomization.yaml)
DEBUG: No dependencies found in file for custom regex manager (repository=local, packageFile=kubernetes/components/drift-detection/kustomization.yaml)
DEBUG: No dependencies found in file for custom regex manager (repository=local, packageFile=kubernetes/components/drift-detection/kustomization.yaml)
DEBUG: No dependencies found in file for custom regex manager (repository=local, packageFile=kubernetes/components/common/sops/kustomization.yaml)
DEBUG: No dependencies found in file for custom regex manager (repository=local, packageFile=kubernetes/flux/cluster/ks.yaml)
DEBUG: No dependencies found in file for custom regex manager (repository=local, packageFile=kubernetes/flux/cluster/ks.yaml)
DEBUG: No dependencies found in file for custom regex manager (repository=local, packageFile=kubernetes/components/drift-detection/kustomization.yaml)
DEBUG: No dependencies found in file for custom regex manager (repository=local, packageFile=kubernetes/flux/meta/kustomization.yaml)
DEBUG: No dependencies found in file for custom regex manager (repository=local, packageFile=kubernetes/flux/meta/kustomization.yaml)
DEBUG: No dependencies found in file for custom regex manager (repository=local, packageFile=kubernetes/flux/cluster/ks.yaml)
DEBUG: No dependencies found in file for custom regex manager (repository=local, packageFile=kubernetes/flux/meta/repos/external-dns.yaml)
DEBUG: No dependencies found in file for custom regex manager (repository=local, packageFile=kubernetes/flux/meta/repos/external-dns.yaml)
DEBUG: No dependencies found in file for custom regex manager (repository=local, packageFile=kubernetes/flux/meta/kustomization.yaml)
DEBUG: No dependencies found in file for custom regex manager (repository=local, packageFile=kubernetes/flux/meta/repos/intel.yaml)
DEBUG: No dependencies found in file for custom regex manager (repository=local, packageFile=kubernetes/flux/meta/repos/intel.yaml)
DEBUG: No dependencies found in file for custom regex manager (repository=local, packageFile=kubernetes/flux/meta/repos/external-dns.yaml)
DEBUG: No dependencies found in file for custom regex manager (repository=local, packageFile=kubernetes/flux/meta/repos/kustomization.yaml)
DEBUG: No dependencies found in file for custom regex manager (repository=local, packageFile=kubernetes/flux/meta/repos/kustomization.yaml)
DEBUG: No dependencies found in file for custom regex manager (repository=local, packageFile=kubernetes/flux/meta/repos/intel.yaml)
DEBUG: No dependencies found in file for custom regex manager (repository=local, packageFile=kubernetes/flux/meta/repos/node-feature-discovery.yaml)
DEBUG: No dependencies found in file for custom regex manager (repository=local, packageFile=kubernetes/flux/meta/repos/node-feature-discovery.yaml)
DEBUG: No dependencies found in file for custom regex manager (repository=local, packageFile=kubernetes/flux/meta/repos/kustomization.yaml)
DEBUG: No dependencies found in file for custom regex manager (repository=local, packageFile=talos/patches/controller/admission-controller-patch.yaml)
DEBUG: No dependencies found in file for custom regex manager (repository=local, packageFile=talos/patches/controller/admission-controller-patch.yaml)
DEBUG: No dependencies found in file for custom regex manager (repository=local, packageFile=kubernetes/flux/meta/repos/node-feature-discovery.yaml)
DEBUG: No dependencies found in file for custom regex manager (repository=local, packageFile=talos/patches/controller/cluster.yaml)
DEBUG: No dependencies found in file for custom regex manager (repository=local, packageFile=talos/patches/controller/cluster.yaml)
DEBUG: No dependencies found in file for custom regex manager (repository=local, packageFile=scripts/app-scout.sh)
DEBUG: No dependencies found in file for custom regex manager (repository=local, packageFile=talos/patches/global/machine-files.yaml)
DEBUG: No dependencies found in file for custom regex manager (repository=local, packageFile=talos/patches/global/machine-files.yaml)
DEBUG: No dependencies found in file for custom regex manager (repository=local, packageFile=talos/patches/global/machine-intel-gpu.yaml)
DEBUG: No dependencies found in file for custom regex manager (repository=local, packageFile=talos/patches/global/machine-intel-gpu.yaml)
DEBUG: No dependencies found in file for custom regex manager (repository=local, packageFile=scripts/flux-local-test.sh)
DEBUG: No dependencies found in file for custom regex manager (repository=local, packageFile=talos/patches/global/machine-kubelet.yaml)
DEBUG: No dependencies found in file for custom regex manager (repository=local, packageFile=talos/patches/global/machine-kubelet.yaml)
DEBUG: No dependencies found in file for custom regex manager (repository=local, packageFile=scripts/lib/common.sh)
DEBUG: No dependencies found in file for custom regex manager (repository=local, packageFile=talos/patches/global/machine-network.yaml)
DEBUG: No dependencies found in file for custom regex manager (repository=local, packageFile=talos/patches/global/machine-network.yaml)
DEBUG: No dependencies found in file for custom regex manager (repository=local, packageFile=scripts/pre-commit/check-dependencies.sh)
DEBUG: No dependencies found in file for custom regex manager (repository=local, packageFile=talos/patches/global/machine-sysctls.yaml)
DEBUG: No dependencies found in file for custom regex manager (repository=local, packageFile=talos/patches/global/machine-sysctls.yaml)
DEBUG: No dependencies found in file for custom regex manager (repository=local, packageFile=scripts/pre-commit/validate-sops-config.sh)
DEBUG: No dependencies found in file for custom regex manager (repository=local, packageFile=talos/patches/global/machine-time.yaml)
DEBUG: No dependencies found in file for custom regex manager (repository=local, packageFile=talos/patches/global/machine-time.yaml)
DEBUG: No dependencies found in file for custom regex manager (repository=local, packageFile=scripts/pre-commit/validate-sops-k8s.sh)
DEBUG: No dependencies found in file for custom regex manager (repository=local, packageFile=talos/talconfig.yaml)
DEBUG: No dependencies found in file for custom regex manager (repository=local, packageFile=talos/talconfig.yaml)
DEBUG: No dependencies found in file for custom regex manager (repository=local, packageFile=scripts/test-renovate.sh)
DEBUG: No dependencies found in file for custom regex manager (repository=local, packageFile=talos/talenv.yaml)
DEBUG: No dependencies found in file for custom regex manager (repository=local, packageFile=talos/talenv.yaml)
DEBUG: No dependencies found in file for custom regex manager (repository=local, packageFile=scripts/update-gitignore/update.sh)
DEBUG: No dependencies found in file for custom regex manager (repository=local, packageFile=talos/patches/controller/admission-controller-patch.yaml)
DEBUG: No dependencies found in file for custom regex manager (repository=local, packageFile=talos/patches/controller/cluster.yaml)
DEBUG: No dependencies found in file for custom regex manager (repository=local, packageFile=talos/patches/global/machine-files.yaml)
DEBUG: No dependencies found in file for custom regex manager (repository=local, packageFile=talos/patches/global/machine-intel-gpu.yaml)
DEBUG: No dependencies found in file for custom regex manager (repository=local, packageFile=talos/patches/global/machine-kubelet.yaml)
DEBUG: No dependencies found in file for custom regex manager (repository=local, packageFile=talos/patches/global/machine-network.yaml)
DEBUG: No dependencies found in file for custom regex manager (repository=local, packageFile=talos/patches/global/machine-sysctls.yaml)
DEBUG: No dependencies found in file for custom regex manager (repository=local, packageFile=talos/patches/global/machine-time.yaml)
DEBUG: No dependencies found in file for custom regex manager (repository=local, packageFile=talos/talconfig.yaml)
DEBUG: manager extract durations (ms) (repository=local)
       "managers": {
         "helmfile": 11,
         "mise": 14,
         "pip_requirements": 14,
         "pre-commit": 19,
         "renovate-config-presets": 20,
         "github-actions": 35,
         "kustomize": 105,
         "regex": 253,
         "kubernetes": 246,
         "flux": 251
       }
DEBUG: Found flux package files (repository=local)
DEBUG: Found github-actions package files (repository=local)
DEBUG: Found helmfile package files (repository=local)
DEBUG: Found kubernetes package files (repository=local)
DEBUG: Found mise package files (repository=local)
DEBUG: Found pip_requirements package files (repository=local)
DEBUG: Found pre-commit package files (repository=local)
DEBUG: Found renovate-config-presets package files (repository=local)
DEBUG: Found regex package files (repository=local)
DEBUG: Found 173 package file(s) (repository=local)
 INFO: Dependency extraction complete (repository=local)
       "stats": {
         "managers": {
           "flux": {"fileCount": 34, "depCount": 45},
           "github-actions": {"fileCount": 4, "depCount": 31},
           "helmfile": {"fileCount": 1, "depCount": 6},
           "kubernetes": {"fileCount": 127, "depCount": 145},
           "mise": {"fileCount": 1, "depCount": 7},
           "pip_requirements": {"fileCount": 1, "depCount": 1},
           "pre-commit": {"fileCount": 1, "depCount": 5},
           "renovate-config-presets": {"fileCount": 1, "depCount": 5},
           "regex": {"fileCount": 3, "depCount": 6}
         },
         "total": {"fileCount": 173, "depCount": 251}
       }
DEBUG: Dependency logicalspark/docker-tikaserver has unsupported/unversioned value latest (versioning=docker) (repository=local)
DEBUG: Skipping logicalspark/docker-tikaserver because no currentDigest or pinDigests (repository=local)
DEBUG: getLabels(https://ghcr.io, siderolabs/installer, latest) (repository=local)
DEBUG: getManifestResponse(https://ghcr.io, siderolabs/installer, latest, getText) (repository=local)
DEBUG: Using queue: host=ghcr.io, concurrency=16 (repository=local)
DEBUG: http cache: saving https://ghcr.io/token?scope=repository%3Asiderolabs%2Finstaller%3Apull&service=ghcr.io (etag=undefined, lastModified=undefined) (repository=local)
DEBUG: http cache: saving https://ghcr.io/v2/siderolabs/installer/manifests/latest (etag="sha256:637ee41fd76d09d05c9db9873ddfedba97e3b8f111f657230ab01f0a4ce8d2cc", lastModified=undefined) (repository=local)
DEBUG: Invalid manifest list with no manifests - returning (repository=local)
       "manifest": {
         "schemaVersion": 2,
         "mediaType": "application/vnd.oci.image.index.v1+json",
         "manifests": []
       }
DEBUG: No manifest found (repository=local)
       "registryHost": "https://ghcr.io",
       "dockerRepository": "siderolabs/installer",
       "tag": "latest"
DEBUG: Found no satisfying versions with 'docker' versioning (repository=local)
 WARN: Excess registryUrls found for datasource lookup - using first configured only (repository=local)
       "datasource": "helm",
       "packageName": "victoria-logs-single",
       "registryUrls": [
         "https://victoriametrics.github.io/helm-charts",
         "https://victoriametrics.github.io/helm-charts"
       ]
 WARN: Excess registryUrls found for datasource lookup - using first configured only (repository=local)
       "datasource": "helm",
       "packageName": "victoria-metrics-k8s-stack",
       "registryUrls": [
         "https://victoriametrics.github.io/helm-charts",
         "https://victoriametrics.github.io/helm-charts"
       ]
DEBUG: PackageFiles.add() - Package file saved for base branch (repository=local)
DEBUG: Package releases lookups complete (repository=local)
DEBUG: No currentVersionTimestamp for ghcr.io/immich-app/immich-server (repository=local)
DEBUG: No releaseTimestamp for actions/checkout update to undefined (repository=local)
DEBUG: Repository libYears (repository=local)
       "libYears": {
         "managers": {
           "flux": 1.6069448217592592,
           "github-actions": 0.43132683282597667,
           "helmfile": 0.09066844257356672,
           "kubernetes": 0,
           "mise": 0,
           "pip_requirements": 0,
           "pre-commit": 0,
           "renovate-config-presets": 0,
           "regex": 0.1864353754439371
         },
         "total": 2.3153754726027396
       },
       "dependencyStatus": {"outdated": 34, "total": 79}
DEBUG: branchifyUpgrades (repository=local)
DEBUG: 53 flattened updates found: solidnerd/bookstack, elasticsearch, elasticsearch, ghcr.io/immich-app/immich-server, ghcr.io/immich-app/immich-machine-learning, doobidoo/mcp-memory-service, ghcr.io/silverbulletmd/silverbullet, ghcr.io/bakito/adguardhome-sync, mikefarah/yq, adguard/adguardhome, external-dns, cilium, ghcr.io/coredns/charts/coredns, mariadb-operator-crds, mariadb-operator, ghcr.io/stakater/charts/reloader, ghcr.io/spegel-org/helm-charts/spegel, ghcr.io/home-operations/qbittorrent, external-dns, external-dns, docker.io/cloudflare/cloudflared, docker.io/envoyproxy/gateway-helm, grafana, grafana, victoria-logs-single, victoria-metrics-k8s-stack, rook-ceph-cluster, rook-ceph, ghcr.io/bjw-s-labs/helm/app-template, actions/checkout, tj-actions/changed-files, tj-actions/changed-files, actions/checkout, actions/checkout, actions/checkout, mshick/add-pr-comment, actions/checkout, renovatebot/github-action, peter-evans/repository-dispatch, peter-evans/repository-dispatch, peter-evans/repository-dispatch, actions/checkout, actions/checkout, renovatebot/github-action, cilium, ghcr.io/coredns/charts/coredns, ghcr.io/spegel-org/helm-charts/spegel, docker-registry1.mariadb.com/library/mariadb, docker-registry1.mariadb.com/library/mariadb, docker-registry1.mariadb.com/library/mariadb, docker-registry1.mariadb.com/library/mariadb, kubernetes-sigs/external-dns, ghcr.io/siderolabs/kubelet (repository=local)
DEBUG: Returning 31 branch(es) (repository=local)
DEBUG: config.repoIsOnboarded=true (repository=local)
DEBUG: Found sourceUrl with multiple branches that should probably be combined into a group (repository=local)
       "sourceUrl": "https://github.com/mariadb-operator/mariadb-operator",
       "newVersion": "25.8.4",
       "branches": {
         "renovate/mariadb-operator-crds-25.x": "mariadb-operator-crds",
         "renovate/mariadb-operator-25.x": "mariadb-operator"
       }
DEBUG: packageFiles with updates (repository=local)
       "config": {
         "flux": [
           {
             "packageFile": "kubernetes/apps/cert-manager/cert-manager/helmrelease.yaml",
             "deps": [
               {
                 "depName": "quay.io/jetstack/charts/cert-manager",
                 "packageName": "quay.io/jetstack/charts/cert-manager",
                 "currentValue": "v1.18.2",
                 "datasource": "docker",
                 "autoReplaceStringTemplate": "{{#if newValue}}{{newValue}}{{/if}}{{#if newDigest}}@{{newDigest}}{{/if}}",
                 "replaceString": "v1.18.2",
                 "updates": [],
                 "versioning": "docker",
                 "warnings": [],
                 "sourceUrl": "https://github.com/cert-manager/cert-manager",
                 "registryUrl": "https://quay.io",
                 "homepage": "https://cert-manager.io",
                 "lookupName": "jetstack/charts/cert-manager",
                 "currentVersion": "v1.18.2",
                 "fixedVersion": "v1.18.2"
               }
             ]
           },
           {
             "packageFile": "kubernetes/apps/default/authentik/helmrelease.yaml",
             "deps": [
               {
                 "depName": "authentik",
                 "currentValue": "2025.8.3",
                 "datasource": "helm",
                 "registryUrls": ["https://charts.goauthentik.io"],
                 "updates": [],
                 "packageName": "authentik",
                 "versioning": "helm",
                 "warnings": [],
                 "sourceUrl": "https://github.com/goauthentik/helm",
                 "registryUrl": "https://charts.goauthentik.io",
                 "homepage": "https://goauthentik.io",
                 "mostRecentTimestamp": "2025-09-16T16:08:51.854Z",
                 "currentVersion": "2025.8.3",
                 "currentVersionTimestamp": "2025-09-16T16:08:51.854Z",
                 "currentVersionAgeInDays": 4,
                 "fixedVersion": "2025.8.3"
               }
             ]
           },
           {
             "packageFile": "kubernetes/apps/default/bookstack/helmrelease.yaml",
             "deps": [
               {
                 "depName": "solidnerd/bookstack",
                 "packageName": "solidnerd/bookstack",
                 "currentValue": "25.7.1",
                 "datasource": "docker",
                 "replaceString": "25.7.1",
                 "versioning": "docker",
                 "autoReplaceStringTemplate": "{{newValue}}{{#if newDigest}}@{{newDigest}}{{/if}}",
                 "updates": [
                   {
                     "bucket": "non-major",
                     "newVersion": "25.7.2",
                     "newValue": "25.7.2",
                     "releaseTimestamp": "2025-09-01T07:55:04.438Z",
                     "newVersionAgeInDays": 19,
                     "newMajor": 25,
                     "newMinor": 7,
                     "newPatch": 2,
                     "updateType": "patch",
                     "isBreaking": false,
                     "libYears": 0.04515005000634196,
                     "branchName": "renovate/solidnerd-bookstack-25.x"
                   }
                 ],
                 "warnings": [],
                 "sourceUrl": "https://github.com/solidnerd/docker-bookstack",
                 "registryUrl": "https://index.docker.io",
                 "currentVersion": "25.7.1",
                 "currentVersionTimestamp": "2025-08-15T20:24:12.461Z",
                 "currentVersionAgeInDays": 36,
                 "isSingleVersion": true,
                 "fixedVersion": "25.7.1"
               }
             ]
           },
           {
             "packageFile": "kubernetes/apps/default/filerun/helmrelease.yaml",
             "deps": [
               {
                 "depName": "filerun/filerun",
                 "packageName": "filerun/filerun",
                 "currentValue": "8.1",
                 "datasource": "docker",
                 "replaceString": "8.1",
                 "versioning": "docker",
                 "autoReplaceStringTemplate": "{{newValue}}{{#if newDigest}}@{{newDigest}}{{/if}}",
                 "updates": [],
                 "warnings": [],
                 "registryUrl": "https://index.docker.io",
                 "mostRecentTimestamp": "2023-06-14T10:05:09.185Z",
                 "currentVersion": "8.1",
                 "currentVersionTimestamp": "2023-05-12T18:03:39.801Z",
                 "currentVersionAgeInDays": 862,
                 "fixedVersion": "8.1"
               },
               {
                 "depName": "elasticsearch",
                 "packageName": "elasticsearch",
                 "currentValue": "8.18.2",
                 "datasource": "docker",
                 "replaceString": "8.18.2",
                 "versioning": "docker",
                 "autoReplaceStringTemplate": "{{newValue}}{{#if newDigest}}@{{newDigest}}{{/if}}",
                 "updates": [
                   {
                     "bucket": "non-major",
                     "newVersion": "8.19.4",
                     "newValue": "8.19.4",
                     "releaseTimestamp": "2025-09-18T21:25:17.501Z",
                     "newVersionAgeInDays": 2,
                     "newMajor": 8,
                     "newMinor": 19,
                     "newPatch": 4,
                     "updateType": "minor",
                     "isBreaking": false,
                     "libYears": 0.3068493488077118,
                     "branchName": "renovate/elasticsearch-8.x"
                   },
                   {
                     "bucket": "major",
                     "newVersion": "9.1.4",
                     "newValue": "9.1.4",
                     "releaseTimestamp": "2025-09-19T21:25:25.435Z",
                     "newVersionAgeInDays": 1,
                     "newMajor": 9,
                     "newMinor": 1,
                     "newPatch": 4,
                     "updateType": "major",
                     "isBreaking": true,
                     "libYears": 0.30958932642059867,
                     "branchName": "renovate/elasticsearch-9.x"
                   }
                 ],
                 "warnings": [],
                 "registryUrl": "https://index.docker.io",
                 "lookupName": "library/elasticsearch",
                 "mostRecentTimestamp": "2025-09-19T21:25:25.435Z",
                 "currentVersion": "8.18.2",
                 "currentVersionTimestamp": "2025-05-29T21:25:16.437Z",
                 "currentVersionAgeInDays": 114,
                 "isSingleVersion": true,
                 "fixedVersion": "8.18.2"
               },
               {
                 "depName": "logicalspark/docker-tikaserver",
                 "packageName": "logicalspark/docker-tikaserver",
                 "currentValue": "latest",
                 "datasource": "docker",
                 "replaceString": "latest",
                 "versioning": "docker",
                 "autoReplaceStringTemplate": "{{newValue}}{{#if newDigest}}@{{newDigest}}{{/if}}",
                 "updates": [],
                 "warnings": [],
                 "skipReason": "invalid-value"
               }
             ]
           },
           {
             "packageFile": "kubernetes/apps/default/homepage/helmrelease.yaml",
             "deps": [
               {
                 "depName": "ghcr.io/gethomepage/homepage",
                 "packageName": "ghcr.io/gethomepage/homepage",
                 "currentValue": "v1.4.6",
                 "datasource": "docker",
                 "replaceString": "v1.4.6",
                 "versioning": "docker",
                 "autoReplaceStringTemplate": "{{newValue}}{{#if newDigest}}@{{newDigest}}{{/if}}",
                 "updates": [],
                 "warnings": [],
                 "sourceUrl": "https://github.com/gethomepage/homepage",
                 "registryUrl": "https://ghcr.io",
                 "lookupName": "gethomepage/homepage",
                 "currentVersion": "v1.4.6",
                 "fixedVersion": "v1.4.6"
               },
               {
                 "depName": "ghcr.io/gethomepage/homepage",
                 "packageName": "ghcr.io/gethomepage/homepage",
                 "currentValue": "v1.4.6",
                 "datasource": "docker",
                 "replaceString": "v1.4.6",
                 "versioning": "docker",
                 "autoReplaceStringTemplate": "{{newValue}}{{#if newDigest}}@{{newDigest}}{{/if}}",
                 "updates": [],
                 "warnings": [],
                 "sourceUrl": "https://github.com/gethomepage/homepage",
                 "registryUrl": "https://ghcr.io",
                 "lookupName": "gethomepage/homepage",
                 "currentVersion": "v1.4.6",
                 "fixedVersion": "v1.4.6"
               }
             ]
           },
           {
             "packageFile": "kubernetes/apps/default/immich/helmrelease.yaml",
             "deps": [
               {
                 "depName": "ghcr.io/immich-app/immich-server",
                 "packageName": "ghcr.io/immich-app/immich-server",
                 "currentValue": "v1.139.2",
                 "datasource": "docker",
                 "replaceString": "v1.139.2",
                 "versioning": "docker",
                 "autoReplaceStringTemplate": "{{newValue}}{{#if newDigest}}@{{newDigest}}{{/if}}",
                 "updates": [
                   {
                     "bucket": "non-major",
                     "newVersion": "v1.142.1",
                     "newValue": "v1.142.1",
                     "newMajor": 1,
                     "newMinor": 142,
                     "newPatch": 1,
                     "updateType": "minor",
                     "isBreaking": false,
                     "branchName": "renovate/immich"
                   }
                 ],
                 "warnings": [],
                 "sourceUrl": "https://github.com/immich-app/immich",
                 "registryUrl": "https://ghcr.io",
                 "lookupName": "immich-app/immich-server",
                 "currentVersion": "v1.139.2",
                 "isSingleVersion": true,
                 "fixedVersion": "v1.139.2"
               },
               {
                 "depName": "ghcr.io/immich-app/immich-machine-learning",
                 "packageName": "ghcr.io/immich-app/immich-machine-learning",
                 "currentValue": "v1.139.2-openvino",
                 "datasource": "docker",
                 "replaceString": "v1.139.2-openvino",
                 "versioning": "docker",
                 "autoReplaceStringTemplate": "{{newValue}}{{#if newDigest}}@{{newDigest}}{{/if}}",
                 "updates": [
                   {
                     "bucket": "non-major",
                     "newVersion": "v1.142.1",
                     "newValue": "v1.142.1-openvino",
                     "newMajor": 1,
                     "newMinor": 142,
                     "newPatch": 1,
                     "updateType": "minor",
                     "isBreaking": false,
                     "branchName": "renovate/immich"
                   }
                 ],
                 "warnings": [],
                 "sourceUrl": "https://github.com/immich-app/immich",
                 "registryUrl": "https://ghcr.io",
                 "lookupName": "immich-app/immich-machine-learning",
                 "currentVersion": "v1.139.2",
                 "isSingleVersion": true,
                 "fixedVersion": "v1.139.2-openvino"
               },
               {
                 "depName": "public.ecr.aws/docker/library/redis",
                 "packageName": "public.ecr.aws/docker/library/redis",
                 "currentValue": "8.2.1",
                 "datasource": "docker",
                 "replaceString": "8.2.1",
                 "versioning": "docker",
                 "autoReplaceStringTemplate": "{{newValue}}{{#if newDigest}}@{{newDigest}}{{/if}}",
                 "updates": [],
                 "warnings": [],
                 "sourceUrl": "https://github.com/redis/docker-library-redis",
                 "registryUrl": "https://public.ecr.aws",
                 "homepage": "https://hub.docker.com/_/redis",
                 "lookupName": "docker/library/redis",
                 "currentVersion": "8.2.1",
                 "fixedVersion": "8.2.1"
               }
             ]
           },
           {
             "packageFile": "kubernetes/apps/default/mcp-memory-service/helmrelease.yaml",
             "deps": [
               {
                 "depName": "doobidoo/mcp-memory-service",
                 "packageName": "doobidoo/mcp-memory-service",
                 "currentValue": "6.6.0",
                 "datasource": "docker",
                 "replaceString": "6.6.0",
                 "versioning": "docker",
                 "autoReplaceStringTemplate": "{{newValue}}{{#if newDigest}}@{{newDigest}}{{/if}}",
                 "updates": [
                   {
                     "bucket": "non-major",
                     "newVersion": "6.13.7",
                     "newValue": "6.13.7",
                     "releaseTimestamp": "2025-09-20T05:44:08.486Z",
                     "newVersionAgeInDays": 0,
                     "newMajor": 6,
                     "newMinor": 13,
                     "newPatch": 7,
                     "updateType": "minor",
                     "isBreaking": false,
                     "libYears": 0.07470963888888889,
                     "branchName": "renovate/doobidoo-mcp-memory-service-6.x"
                   }
                 ],
                 "warnings": [],
                 "sourceUrl": "https://github.com/doobidoo/mcp-memory-service",
                 "registryUrl": "https://index.docker.io",
                 "mostRecentTimestamp": "2025-09-20T05:54:34.163Z",
                 "currentVersion": "6.6.0",
                 "currentVersionTimestamp": "2025-08-23T23:16:45.314Z",
                 "currentVersionAgeInDays": 28,
                 "isSingleVersion": true,
                 "fixedVersion": "6.6.0"
               }
             ]
           },
           {
             "packageFile": "kubernetes/apps/default/silverbullet/helmrelease.yaml",
             "deps": [
               {
                 "depName": "ghcr.io/silverbulletmd/silverbullet",
                 "packageName": "ghcr.io/silverbulletmd/silverbullet",
                 "currentValue": "0.10.4",
                 "datasource": "docker",
                 "replaceString": "0.10.4",
                 "versioning": "docker",
                 "autoReplaceStringTemplate": "{{newValue}}{{#if newDigest}}@{{newDigest}}{{/if}}",
                 "updates": [
                   {
                     "bucket": "major",
                     "newVersion": "2.0.0",
                     "newValue": "2.0.0",
                     "newMajor": 2,
                     "newMinor": 0,
                     "newPatch": 0,
                     "updateType": "major",
                     "isBreaking": true,
                     "branchName": "renovate/ghcr.io-silverbulletmd-silverbullet-2.x"
                   }
                 ],
                 "warnings": [],
                 "sourceUrl": "https://github.com/silverbulletmd/silverbullet",
                 "registryUrl": "https://ghcr.io",
                 "lookupName": "silverbulletmd/silverbullet",
                 "currentVersion": "0.10.4",
                 "isSingleVersion": true,
                 "fixedVersion": "0.10.4"
               }
             ]
           },
           {
             "packageFile": "kubernetes/apps/dns-private/adguard-home-sync/helmrelease.yaml",
             "deps": [
               {
                 "depName": "ghcr.io/bakito/adguardhome-sync",
                 "packageName": "ghcr.io/bakito/adguardhome-sync",
                 "currentValue": "v0.7.8",
                 "datasource": "docker",
                 "replaceString": "v0.7.8",
                 "versioning": "docker",
                 "autoReplaceStringTemplate": "{{newValue}}{{#if newDigest}}@{{newDigest}}{{/if}}",
                 "updates": [
                   {
                     "bucket": "non-major",
                     "newVersion": "v0.8.1",
                     "newValue": "v0.8.1",
                     "newMajor": 0,
                     "newMinor": 8,
                     "newPatch": 1,
                     "updateType": "minor",
                     "isBreaking": false,
                     "branchName": "renovate/ghcr.io-bakito-adguardhome-sync-0.x"
                   }
                 ],
                 "warnings": [],
                 "registryUrl": "https://ghcr.io",
                 "lookupName": "bakito/adguardhome-sync",
                 "currentVersion": "v0.7.8",
                 "isSingleVersion": true,
                 "fixedVersion": "v0.7.8"
               }
             ]
           },
           {
             "packageFile": "kubernetes/apps/dns-private/adguard-home/helmrelease.yaml",
             "deps": [
               {
                 "depName": "mikefarah/yq",
                 "packageName": "mikefarah/yq",
                 "currentValue": "4.47.1",
                 "datasource": "docker",
                 "replaceString": "4.47.1",
                 "versioning": "docker",
                 "autoReplaceStringTemplate": "{{newValue}}{{#if newDigest}}@{{newDigest}}{{/if}}",
                 "updates": [
                   {
                     "bucket": "non-major",
                     "newVersion": "4.47.2",
                     "newValue": "4.47.2",
                     "releaseTimestamp": "2025-09-08T23:33:37.549Z",
                     "newVersionAgeInDays": 12,
                     "newMajor": 4,
                     "newMinor": 47,
                     "newPatch": 2,
                     "updateType": "patch",
                     "isBreaking": false,
                     "libYears": 0.13070768547057332,
                     "branchName": "renovate/mikefarah-yq-4.x"
                   }
                 ],
                 "warnings": [],
                 "sourceUrl": "https://github.com/mikefarah/yq",
                 "registryUrl": "https://index.docker.io",
                 "homepage": "https://mikefarah.gitbook.io/yq/",
                 "currentVersion": "4.47.1",
                 "currentVersionTimestamp": "2025-07-23T06:33:39.980Z",
                 "currentVersionAgeInDays": 59,
                 "isSingleVersion": true,
                 "fixedVersion": "4.47.1"
               },
               {
                 "depName": "adguard/adguardhome",
                 "packageName": "adguard/adguardhome",
                 "currentValue": "v0.107.65",
                 "datasource": "docker",
                 "replaceString": "v0.107.65",
                 "versioning": "docker",
                 "autoReplaceStringTemplate": "{{newValue}}{{#if newDigest}}@{{newDigest}}{{/if}}",
                 "updates": [
                   {
                     "bucket": "non-major",
                     "newVersion": "v0.107.66",
                     "newValue": "v0.107.66",
                     "releaseTimestamp": "2025-09-15T12:23:32.190Z",
                     "newVersionAgeInDays": 5,
                     "newMajor": 0,
                     "newMinor": 107,
                     "newPatch": 66,
                     "updateType": "patch",
                     "isBreaking": false,
                     "libYears": 0.07116418141171994,
                     "branchName": "renovate/adguard-adguardhome-0.x"
                   }
                 ],
                 "warnings": [],
                 "sourceUrl": "https://github.com/AdguardTeam/AdGuardHome",
                 "registryUrl": "https://index.docker.io",
                 "homepage": "https://adguard.com/en/adguard-home/overview.html",
                 "currentVersion": "v0.107.65",
                 "currentVersionTimestamp": "2025-08-20T12:59:38.565Z",
                 "currentVersionAgeInDays": 31,
                 "isSingleVersion": true,
                 "fixedVersion": "v0.107.65"
               }
             ]
           },
           {
             "packageFile": "kubernetes/apps/dns-private/external-dns/helmrelease.yaml",
             "deps": [
               {
                 "depName": "external-dns",
                 "currentValue": "1.18.0",
                 "datasource": "helm",
                 "registryUrls": ["https://kubernetes-sigs.github.io/external-dns"],
                 "updates": [
                   {
                     "bucket": "non-major",
                     "newVersion": "1.19.0",
                     "newValue": "1.19.0",
                     "newDigest": "8bd576acf7c9074cdf6ca21662a1e923b786d0576a3e6cf3f75d252860a0af6e",
                     "releaseTimestamp": "2025-09-08T12:38:06.346Z",
                     "newVersionAgeInDays": 12,
                     "newMajor": 1,
                     "newMinor": 19,
                     "newPatch": 0,
                     "updateType": "minor",
                     "isBreaking": false,
                     "libYears": 0.1511248877156266,
                     "branchName": "renovate/external-dns-1.x"
                   }
                 ],
                 "packageName": "external-dns",
                 "versioning": "helm",
                 "warnings": [],
                 "sourceUrl": "https://github.com/kubernetes-sigs/external-dns",
                 "registryUrl": "https://kubernetes-sigs.github.io/external-dns",
                 "mostRecentTimestamp": "2025-09-08T12:38:06.346Z",
                 "currentVersion": "1.18.0",
                 "currentVersionTimestamp": "2025-07-15T08:46:51.887Z",
                 "currentVersionAgeInDays": 67,
                 "isSingleVersion": true,
                 "fixedVersion": "1.18.0"
               },
               {
                 "depName": "ghcr.io/kashalls/external-dns-unifi-webhook",
                 "packageName": "ghcr.io/kashalls/external-dns-unifi-webhook",
                 "currentValue": "v0.6.2",
                 "datasource": "docker",
                 "replaceString": "v0.6.2",
                 "versioning": "docker",
                 "autoReplaceStringTemplate": "{{newValue}}{{#if newDigest}}@{{newDigest}}{{/if}}",
                 "updates": [],
                 "warnings": [],
                 "sourceUrl": "https://github.com/kashalls/external-dns-unifi-webhook",
                 "registryUrl": "https://ghcr.io",
                 "lookupName": "kashalls/external-dns-unifi-webhook",
                 "currentVersion": "v0.6.2",
                 "fixedVersion": "v0.6.2"
               }
             ]
           },
           {
             "packageFile": "kubernetes/apps/flux-system/flux-instance/helmrelease.yaml",
             "deps": [
               {
                 "depName": "ghcr.io/controlplaneio-fluxcd/charts/flux-instance",
                 "packageName": "ghcr.io/controlplaneio-fluxcd/charts/flux-instance",
                 "currentValue": "0.28.0",
                 "datasource": "docker",
                 "autoReplaceStringTemplate": "{{#if newValue}}{{newValue}}{{/if}}{{#if newDigest}}@{{newDigest}}{{/if}}",
                 "replaceString": "0.28.0",
                 "updates": [],
                 "versioning": "docker",
                 "warnings": [],
                 "sourceUrl": "https://github.com/controlplaneio-fluxcd/flux-operator",
                 "registryUrl": "https://ghcr.io",
                 "homepage": "https://github.com/controlplaneio-fluxcd",
                 "lookupName": "controlplaneio-fluxcd/charts/flux-instance",
                 "currentVersion": "0.28.0",
                 "fixedVersion": "0.28.0"
               }
             ]
           },
           {
             "packageFile": "kubernetes/apps/flux-system/flux-operator/helmrelease.yaml",
             "deps": [
               {
                 "depName": "ghcr.io/controlplaneio-fluxcd/charts/flux-operator",
                 "packageName": "ghcr.io/controlplaneio-fluxcd/charts/flux-operator",
                 "currentValue": "0.28.0",
                 "datasource": "docker",
                 "autoReplaceStringTemplate": "{{#if newValue}}{{newValue}}{{/if}}{{#if newDigest}}@{{newDigest}}{{/if}}",
                 "replaceString": "0.28.0",
                 "updates": [],
                 "versioning": "docker",
                 "warnings": [],
                 "sourceUrl": "https://github.com/controlplaneio-fluxcd/flux-operator",
                 "registryUrl": "https://ghcr.io",
                 "homepage": "https://github.com/controlplaneio-fluxcd",
                 "lookupName": "controlplaneio-fluxcd/charts/flux-operator",
                 "currentVersion": "0.28.0",
                 "fixedVersion": "0.28.0"
               }
             ]
           },
           {
             "packageFile": "kubernetes/apps/kube-system/cilium/helmrelease.yaml",
             "deps": [
               {
                 "depName": "cilium",
                 "currentValue": "1.18.1",
                 "datasource": "helm",
                 "registryUrls": ["https://helm.cilium.io"],
                 "updates": [
                   {
                     "bucket": "non-major",
                     "newVersion": "1.18.2",
                     "newValue": "1.18.2",
                     "newDigest": "39b62a72f0892dd16548bd08ee97d5db2e975f7c1f57155578a144186e22992f",
                     "releaseTimestamp": "2025-09-17T16:06:02.766Z",
                     "newVersionAgeInDays": 3,
                     "newMajor": 1,
                     "newMinor": 18,
                     "newPatch": 2,
                     "updateType": "patch",
                     "isBreaking": false,
                     "libYears": 0.09066844257356672,
                     "branchName": "renovate/cilium-1.x"
                   }
                 ],
                 "packageName": "cilium",
                 "versioning": "helm",
                 "warnings": [],
                 "sourceUrl": "https://github.com/cilium/cilium",
                 "registryUrl": "https://helm.cilium.io",
                 "homepage": "https://cilium.io/",
                 "currentVersion": "1.18.1",
                 "currentVersionTimestamp": "2025-08-15T13:50:42.761Z",
                 "currentVersionAgeInDays": 36,
                 "isSingleVersion": true,
                 "fixedVersion": "1.18.1"
               }
             ]
           },
           {
             "packageFile": "kubernetes/apps/kube-system/cloudnative-pg/helmrelease.yaml",
             "deps": [
               {
                 "depName": "cloudnative-pg",
                 "currentValue": "0.26.0",
                 "datasource": "helm",
                 "skipReason": "unknown-registry",
                 "updates": [],
                 "packageName": "cloudnative-pg"
               }
             ]
           },
           {
             "packageFile": "kubernetes/apps/kube-system/coredns/helmrelease.yaml",
             "deps": [
               {
                 "depName": "ghcr.io/coredns/charts/coredns",
                 "packageName": "ghcr.io/coredns/charts/coredns",
                 "currentValue": "1.43.2",
                 "datasource": "docker",
                 "autoReplaceStringTemplate": "{{#if newValue}}{{newValue}}{{/if}}{{#if newDigest}}@{{newDigest}}{{/if}}",
                 "replaceString": "1.43.2",
                 "updates": [
                   {
                     "bucket": "non-major",
                     "newVersion": "1.43.3",
                     "newValue": "1.43.3",
                     "newMajor": 1,
                     "newMinor": 43,
                     "newPatch": 3,
                     "updateType": "patch",
                     "isBreaking": false,
                     "branchName": "renovate/ghcr.io-coredns-charts-coredns-1.x"
                   }
                 ],
                 "versioning": "docker",
                 "warnings": [],
                 "sourceUrl": "https://github.com/coredns/coredns",
                 "registryUrl": "https://ghcr.io",
                 "homepage": "https://coredns.io",
                 "lookupName": "coredns/charts/coredns",
                 "currentVersion": "1.43.2",
                 "isSingleVersion": true,
                 "fixedVersion": "1.43.2"
               }
             ]
           },
           {
             "packageFile": "kubernetes/apps/kube-system/intel-gpu-plugin/helmrelease.yaml",
             "deps": [
               {
                 "depName": "intel-device-plugins-operator",
                 "currentValue": "0.34.0",
                 "datasource": "helm",
                 "skipReason": "unknown-registry",
                 "updates": [],
                 "packageName": "intel-device-plugins-operator"
               },
               {
                 "depName": "intel/intel-deviceplugin-operator",
                 "packageName": "intel/intel-deviceplugin-operator",
                 "currentValue": "0.34.0",
                 "datasource": "docker",
                 "replaceString": "0.34.0",
                 "versioning": "docker",
                 "autoReplaceStringTemplate": "{{newValue}}{{#if newDigest}}@{{newDigest}}{{/if}}",
                 "updates": [],
                 "warnings": [],
                 "sourceUrl": "https://github.com/intel/intel-device-plugins-for-kubernetes",
                 "registryUrl": "https://index.docker.io",
                 "currentVersion": "0.34.0",
                 "currentVersionTimestamp": "2025-09-11T14:15:29.185Z",
                 "currentVersionAgeInDays": 9,
                 "fixedVersion": "0.34.0"
               }
             ]
           },
           {
             "packageFile": "kubernetes/apps/kube-system/mariadb-operator/helmrelease.yaml",
             "deps": [
               {
                 "depName": "mariadb-operator-crds",
                 "currentValue": "25.8.3",
                 "datasource": "helm",
                 "registryUrls": ["https://helm.mariadb.com/mariadb-operator"],
                 "updates": [
                   {
                     "bucket": "non-major",
                     "newVersion": "25.8.4",
                     "newValue": "25.8.4",
                     "newDigest": "017ef7cb13e81cee45dfd9bd261acce0260d54ea171b77b8383a8b79ffaeea1a",
                     "releaseTimestamp": "2025-09-19T13:24:11.877Z",
                     "newVersionAgeInDays": 1,
                     "newMajor": 25,
                     "newMinor": 8,
                     "newPatch": 4,
                     "updateType": "patch",
                     "isBreaking": false,
                     "libYears": 0.11520213045408421,
                     "branchName": "renovate/mariadb-operator-crds-25.x"
                   }
                 ],
                 "packageName": "mariadb-operator-crds",
                 "versioning": "helm",
                 "warnings": [],
                 "sourceUrl": "https://github.com/mariadb-operator/mariadb-operator",
                 "registryUrl": "https://helm.mariadb.com/mariadb-operator",
                 "mostRecentTimestamp": "2025-09-19T13:24:11.877Z",
                 "currentVersion": "25.8.3",
                 "currentVersionTimestamp": "2025-08-08T12:13:57.491Z",
                 "currentVersionAgeInDays": 43,
                 "isSingleVersion": true,
                 "fixedVersion": "25.8.3"
               },
               {
                 "depName": "mariadb-operator",
                 "currentValue": "25.8.3",
                 "datasource": "helm",
                 "registryUrls": ["https://helm.mariadb.com/mariadb-operator"],
                 "updates": [
                   {
                     "bucket": "non-major",
                     "newVersion": "25.8.4",
                     "newValue": "25.8.4",
                     "newDigest": "aab019d3dfc876e2d14314bbeaf39e3ad5107ebe829e682f833a6fe7b97c0151",
                     "releaseTimestamp": "2025-09-19T13:24:11.615Z",
                     "newVersionAgeInDays": 1,
                     "newMajor": 25,
                     "newMinor": 8,
                     "newPatch": 4,
                     "updateType": "patch",
                     "isBreaking": false,
                     "libYears": 0.11520212696600711,
                     "branchName": "renovate/mariadb-operator-25.x"
                   }
                 ],
                 "packageName": "mariadb-operator",
                 "versioning": "helm",
                 "warnings": [],
                 "sourceUrl": "https://github.com/mariadb-operator/mariadb-operator",
                 "registryUrl": "https://helm.mariadb.com/mariadb-operator",
                 "mostRecentTimestamp": "2025-09-19T13:24:11.615Z",
                 "currentVersion": "25.8.3",
                 "currentVersionTimestamp": "2025-08-08T12:13:57.339Z",
                 "currentVersionAgeInDays": 43,
                 "isSingleVersion": true,
                 "fixedVersion": "25.8.3"
               }
             ]
           },
           {
             "packageFile": "kubernetes/apps/kube-system/metrics-server/helmrelease.yaml",
             "deps": [
               {
                 "depName": "metrics-server",
                 "currentValue": "3.13.0",
                 "datasource": "helm",
                 "registryUrls": ["https://kubernetes-sigs.github.io/metrics-server"],
                 "updates": [],
                 "packageName": "metrics-server",
                 "versioning": "helm",
                 "warnings": [],
                 "sourceUrl": "https://github.com/kubernetes-sigs/metrics-server",
                 "registryUrl": "https://kubernetes-sigs.github.io/metrics-server",
                 "mostRecentTimestamp": "2025-07-22T10:36:46.231Z",
                 "currentVersion": "3.13.0",
                 "currentVersionTimestamp": "2025-07-22T10:36:46.231Z",
                 "currentVersionAgeInDays": 60,
                 "fixedVersion": "3.13.0"
               }
             ]
           },
           {
             "packageFile": "kubernetes/apps/kube-system/node-feature-discovery/helmrelease.yaml",
             "deps": [
               {
                 "depName": "node-feature-discovery",
                 "currentValue": "0.17.3",
                 "datasource": "helm",
                 "registryUrls": [
                   "https://kubernetes-sigs.github.io/node-feature-discovery/charts"
                 ],
                 "updates": [],
                 "packageName": "node-feature-discovery",
                 "versioning": "helm",
                 "warnings": [],
                 "sourceUrl": "https://github.com/kubernetes-sigs/node-feature-discovery",
                 "registryUrl": "https://kubernetes-sigs.github.io/node-feature-discovery/charts",
                 "currentVersion": "0.17.3",
                 "currentVersionTimestamp": "2025-07-25T14:24:02.943Z",
                 "currentVersionAgeInDays": 57,
                 "fixedVersion": "0.17.3"
               }
             ]
           },
           {
             "packageFile": "kubernetes/apps/kube-system/reloader/helmrelease.yaml",
             "deps": [
               {
                 "depName": "ghcr.io/stakater/charts/reloader",
                 "packageName": "ghcr.io/stakater/charts/reloader",
                 "currentValue": "2.2.0",
                 "datasource": "docker",
                 "autoReplaceStringTemplate": "{{#if newValue}}{{newValue}}{{/if}}{{#if newDigest}}@{{newDigest}}{{/if}}",
                 "replaceString": "2.2.0",
                 "updates": [
                   {
                     "bucket": "non-major",
                     "newVersion": "2.2.3",
                     "newValue": "2.2.3",
                     "newMajor": 2,
                     "newMinor": 2,
                     "newPatch": 3,
                     "updateType": "patch",
                     "isBreaking": false,
                     "branchName": "renovate/ghcr.io-stakater-charts-reloader-2.x"
                   }
                 ],
                 "versioning": "docker",
                 "warnings": [],
                 "sourceUrl": "https://github.com/stakater/Reloader",
                 "registryUrl": "https://ghcr.io",
                 "lookupName": "stakater/charts/reloader",
                 "currentVersion": "2.2.0",
                 "isSingleVersion": true,
                 "fixedVersion": "2.2.0"
               }
             ]
           },
           {
             "packageFile": "kubernetes/apps/kube-system/spegel/helmrelease.yaml",
             "deps": [
               {
                 "depName": "ghcr.io/spegel-org/helm-charts/spegel",
                 "packageName": "ghcr.io/spegel-org/helm-charts/spegel",
                 "currentValue": "0.3.0",
                 "datasource": "docker",
                 "autoReplaceStringTemplate": "{{#if newValue}}{{newValue}}{{/if}}{{#if newDigest}}@{{newDigest}}{{/if}}",
                 "replaceString": "0.3.0",
                 "updates": [
                   {
                     "bucket": "non-major",
                     "newVersion": "0.4.0",
                     "newValue": "0.4.0",
                     "newMajor": 0,
                     "newMinor": 4,
                     "newPatch": 0,
                     "updateType": "minor",
                     "isBreaking": false,
                     "branchName": "renovate/ghcr.io-spegel-org-helm-charts-spegel-0.x"
                   }
                 ],
                 "versioning": "docker",
                 "warnings": [],
                 "registryUrl": "https://ghcr.io",
                 "lookupName": "spegel-org/helm-charts/spegel",
                 "currentVersion": "0.3.0",
                 "isSingleVersion": true,
                 "fixedVersion": "0.3.0"
               }
             ]
           },
           {
             "packageFile": "kubernetes/apps/media/qbittorrent/helmrelease.yaml",
             "deps": [
               {
                 "depName": "ghcr.io/qdm12/gluetun",
                 "packageName": "ghcr.io/qdm12/gluetun",
                 "currentValue": "v3.40.0",
                 "datasource": "docker",
                 "replaceString": "v3.40.0",
                 "versioning": "docker",
                 "autoReplaceStringTemplate": "{{newValue}}{{#if newDigest}}@{{newDigest}}{{/if}}",
                 "updates": [],
                 "warnings": [],
                 "sourceUrl": "https://github.com/qdm12/gluetun",
                 "registryUrl": "https://ghcr.io",
                 "lookupName": "qdm12/gluetun",
                 "currentVersion": "v3.40.0",
                 "fixedVersion": "v3.40.0"
               },
               {
                 "depName": "ghcr.io/home-operations/qbittorrent",
                 "packageName": "ghcr.io/home-operations/qbittorrent",
                 "currentValue": "5.0.5",
                 "datasource": "docker",
                 "replaceString": "5.0.5",
                 "versioning": "docker",
                 "autoReplaceStringTemplate": "{{newValue}}{{#if newDigest}}@{{newDigest}}{{/if}}",
                 "updates": [
                   {
                     "bucket": "non-major",
                     "newVersion": "5.1.2",
                     "newValue": "5.1.2",
                     "newMajor": 5,
                     "newMinor": 1,
                     "newPatch": 2,
                     "updateType": "minor",
                     "isBreaking": false,
                     "branchName": "renovate/ghcr.io-home-operations-qbittorrent-5.x"
                   }
                 ],
                 "warnings": [],
                 "sourceUrl": "https://github.com/qbittorrent/qBittorrent",
                 "registryUrl": "https://ghcr.io",
                 "homepage": "https://ghcr.io/home-operations/qbittorrent",
                 "lookupName": "home-operations/qbittorrent",
                 "currentVersion": "5.0.5",
                 "isSingleVersion": true,
                 "fixedVersion": "5.0.5"
               },
               {
                 "depName": "ghcr.io/bjw-s-labs/gluetun-qb-port-sync",
                 "packageName": "ghcr.io/bjw-s-labs/gluetun-qb-port-sync",
                 "currentValue": "0.0.4",
                 "currentDigest": "sha256:838ba41b3c736b23ae30f7e79a2610173f389a5ac6fb2b3e9c7bd482b9353c18",
                 "datasource": "docker",
                 "replaceString": "0.0.4@sha256:838ba41b3c736b23ae30f7e79a2610173f389a5ac6fb2b3e9c7bd482b9353c18",
                 "versioning": "docker",
                 "autoReplaceStringTemplate": "{{newValue}}{{#if newDigest}}@{{newDigest}}{{/if}}",
                 "updates": [],
                 "warnings": [],
                 "registryUrl": "https://ghcr.io",
                 "homepage": "https://ghcr.io/bjw-s-labs/gluetun-qb-port-sync",
                 "lookupName": "bjw-s-labs/gluetun-qb-port-sync",
                 "currentVersion": "0.0.4",
                 "fixedVersion": "0.0.4"
               }
             ]
           },
           {
             "packageFile": "kubernetes/apps/media/sabnzbd/helmrelease.yaml",
             "deps": [
               {
                 "depName": "ghcr.io/home-operations/sabnzbd",
                 "packageName": "ghcr.io/home-operations/sabnzbd",
                 "currentValue": "4.5.3",
                 "datasource": "docker",
                 "replaceString": "4.5.3",
                 "versioning": "docker",
                 "autoReplaceStringTemplate": "{{newValue}}{{#if newDigest}}@{{newDigest}}{{/if}}",
                 "updates": [],
                 "warnings": [],
                 "sourceUrl": "https://github.com/sabnzbd/sabnzbd",
                 "registryUrl": "https://ghcr.io",
                 "homepage": "https://ghcr.io/home-operations/sabnzbd",
                 "lookupName": "home-operations/sabnzbd",
                 "currentVersion": "4.5.3",
                 "fixedVersion": "4.5.3"
               }
             ]
           },
           {
             "packageFile": "kubernetes/apps/network/cloudflare-dns/crd.yaml",
             "deps": [
               {
                 "depName": "external-dns",
                 "currentValue": "1.18.0",
                 "datasource": "helm",
                 "registryUrls": ["https://kubernetes-sigs.github.io/external-dns"],
                 "updates": [
                   {
                     "bucket": "non-major",
                     "newVersion": "1.19.0",
                     "newValue": "1.19.0",
                     "newDigest": "8bd576acf7c9074cdf6ca21662a1e923b786d0576a3e6cf3f75d252860a0af6e",
                     "releaseTimestamp": "2025-09-08T12:38:06.346Z",
                     "newVersionAgeInDays": 12,
                     "newMajor": 1,
                     "newMinor": 19,
                     "newPatch": 0,
                     "updateType": "minor",
                     "isBreaking": false,
                     "libYears": 0.1511248877156266,
                     "branchName": "renovate/external-dns-1.x"
                   }
                 ],
                 "packageName": "external-dns",
                 "versioning": "helm",
                 "warnings": [],
                 "sourceUrl": "https://github.com/kubernetes-sigs/external-dns",
                 "registryUrl": "https://kubernetes-sigs.github.io/external-dns",
                 "mostRecentTimestamp": "2025-09-08T12:38:06.346Z",
                 "currentVersion": "1.18.0",
                 "currentVersionTimestamp": "2025-07-15T08:46:51.887Z",
                 "currentVersionAgeInDays": 67,
                 "isSingleVersion": true,
                 "fixedVersion": "1.18.0"
               }
             ]
           },
           {
             "packageFile": "kubernetes/apps/network/cloudflare-dns/httproute.yaml",
             "deps": [
               {
                 "depName": "external-dns",
                 "currentValue": "1.18.0",
                 "datasource": "helm",
                 "registryUrls": ["https://kubernetes-sigs.github.io/external-dns"],
                 "updates": [
                   {
                     "bucket": "non-major",
                     "newVersion": "1.19.0",
                     "newValue": "1.19.0",
                     "newDigest": "8bd576acf7c9074cdf6ca21662a1e923b786d0576a3e6cf3f75d252860a0af6e",
                     "releaseTimestamp": "2025-09-08T12:38:06.346Z",
                     "newVersionAgeInDays": 12,
                     "newMajor": 1,
                     "newMinor": 19,
                     "newPatch": 0,
                     "updateType": "minor",
                     "isBreaking": false,
                     "libYears": 0.1511248877156266,
                     "branchName": "renovate/external-dns-1.x"
                   }
                 ],
                 "packageName": "external-dns",
                 "versioning": "helm",
                 "warnings": [],
                 "sourceUrl": "https://github.com/kubernetes-sigs/external-dns",
                 "registryUrl": "https://kubernetes-sigs.github.io/external-dns",
                 "mostRecentTimestamp": "2025-09-08T12:38:06.346Z",
                 "currentVersion": "1.18.0",
                 "currentVersionTimestamp": "2025-07-15T08:46:51.887Z",
                 "currentVersionAgeInDays": 67,
                 "isSingleVersion": true,
                 "fixedVersion": "1.18.0"
               }
             ]
           },
           {
             "packageFile": "kubernetes/apps/network/cloudflare-tunnel/helmrelease.yaml",
             "deps": [
               {
                 "depName": "docker.io/cloudflare/cloudflared",
                 "packageName": "docker.io/cloudflare/cloudflared",
                 "currentValue": "2025.8.1",
                 "datasource": "docker",
                 "replaceString": "2025.8.1",
                 "versioning": "docker",
                 "autoReplaceStringTemplate": "{{newValue}}{{#if newDigest}}@{{newDigest}}{{/if}}",
                 "updates": [
                   {
                     "bucket": "non-major",
                     "newVersion": "2025.9.0",
                     "newValue": "2025.9.0",
                     "releaseTimestamp": "2025-09-18T10:30:39.352Z",
                     "newVersionAgeInDays": 2,
                     "newMajor": 2025,
                     "newMinor": 9,
                     "newPatch": 0,
                     "updateType": "minor",
                     "isBreaking": false,
                     "libYears": 0.0760835170281583,
                     "branchName": "renovate/docker.io-cloudflare-cloudflared-2025.x"
                   }
                 ],
                 "warnings": [],
                 "sourceUrl": "https://github.com/cloudflare/cloudflared",
                 "registryUrl": "https://index.docker.io",
                 "lookupName": "cloudflare/cloudflared",
                 "currentVersion": "2025.8.1",
                 "currentVersionTimestamp": "2025-08-21T16:01:09.559Z",
                 "currentVersionAgeInDays": 30,
                 "isSingleVersion": true,
                 "fixedVersion": "2025.8.1"
               }
             ]
           },
           {
             "packageFile": "kubernetes/apps/network/envoy-gateway/helmrelease.yaml",
             "deps": [
               {
                 "depName": "docker.io/envoyproxy/gateway-helm",
                 "packageName": "docker.io/envoyproxy/gateway-helm",
                 "currentValue": "1.5.0",
                 "datasource": "docker",
                 "autoReplaceStringTemplate": "{{#if newValue}}{{newValue}}{{/if}}{{#if newDigest}}@{{newDigest}}{{/if}}",
                 "replaceString": "1.5.0",
                 "updates": [
                   {
                     "bucket": "non-major",
                     "newVersion": "1.5.1",
                     "newValue": "1.5.1",
                     "releaseTimestamp": "2025-09-16T23:34:27.656Z",
                     "newVersionAgeInDays": 4,
                     "newMajor": 1,
                     "newMinor": 5,
                     "newPatch": 1,
                     "updateType": "patch",
                     "isBreaking": false,
                     "libYears": 0.1088715608828006,
                     "branchName": "renovate/docker.io-envoyproxy-gateway-helm-1.x"
                   }
                 ],
                 "versioning": "docker",
                 "warnings": [],
                 "sourceUrl": "https://github.com/envoyproxy/gateway",
                 "registryUrl": "https://index.docker.io",
                 "homepage": "https://gateway.envoyproxy.io/",
                 "lookupName": "envoyproxy/gateway-helm",
                 "currentVersion": "1.5.0",
                 "currentVersionTimestamp": "2025-08-08T05:51:34.112Z",
                 "currentVersionAgeInDays": 43,
                 "isSingleVersion": true,
                 "fixedVersion": "1.5.0"
               }
             ]
           },
           {
             "packageFile": "kubernetes/apps/observability/grafana/helmrelease.yaml",
             "deps": [
               {
                 "depName": "grafana",
                 "currentValue": "9.3.6",
                 "datasource": "helm",
                 "registryUrls": ["https://grafana.github.io/helm-charts"],
                 "updates": [
                   {
                     "bucket": "non-major",
                     "newVersion": "9.4.5",
                     "newValue": "9.4.5",
                     "newDigest": "42a7d27fbba06c9d5e6f9f9006f6f60cda212ff399e811731a0037105e58a2e0",
                     "releaseTimestamp": "2025-09-11T13:04:43.647Z",
                     "newVersionAgeInDays": 9,
                     "newMajor": 9,
                     "newMinor": 4,
                     "newPatch": 5,
                     "updateType": "minor",
                     "isBreaking": false,
                     "libYears": 0.04339611060375444,
                     "branchName": "renovate/monitoring-stack"
                   },
                   {
                     "bucket": "major",
                     "newVersion": "10.0.0",
                     "newValue": "10.0.0",
                     "newDigest": "1a7bed9afd87c2e669c131593b5b2cfec5379b502eacdc4534b42e18a6f417a6",
                     "releaseTimestamp": "2025-09-16T19:43:58.018Z",
                     "newVersionAgeInDays": 4,
                     "newMajor": 10,
                     "newMinor": 0,
                     "newPatch": 0,
                     "updateType": "major",
                     "isBreaking": true,
                     "libYears": 0.05785432886225266,
                     "branchName": "renovate/major-monitoring-stack"
                   }
                 ],
                 "packageName": "grafana",
                 "versioning": "helm",
                 "warnings": [],
                 "sourceUrl": "https://github.com/grafana/helm-charts",
                 "registryUrl": "https://grafana.github.io/helm-charts",
                 "homepage": "https://grafana.com",
                 "mostRecentTimestamp": "2025-09-16T19:43:58.018Z",
                 "currentVersion": "9.3.6",
                 "currentVersionTimestamp": "2025-08-26T16:55:43.903Z",
                 "currentVersionAgeInDays": 25,
                 "isSingleVersion": true,
                 "fixedVersion": "9.3.6"
               }
             ]
           },
           {
             "packageFile": "kubernetes/apps/observability/victoria-logs-single/helmrelease.yaml",
             "deps": [
               {
                 "depName": "victoria-logs-single",
                 "currentValue": "0.11.6",
                 "datasource": "helm",
                 "registryUrls": [
                   "https://victoriametrics.github.io/helm-charts",
                   "https://victoriametrics.github.io/helm-charts"
                 ],
                 "updates": [
                   {
                     "bucket": "non-major",
                     "newVersion": "0.11.8",
                     "newValue": "0.11.8",
                     "newDigest": "102dd9ac2ad5f1bfdff90c2e9460acfc33fdf2720b5b8ef9f31f0b57e600d54b",
                     "releaseTimestamp": "2025-09-10T19:11:52.766Z",
                     "newVersionAgeInDays": 10,
                     "newMajor": 0,
                     "newMinor": 11,
                     "newPatch": 8,
                     "updateType": "patch",
                     "isBreaking": true,
                     "libYears": 0.077118341768138,
                     "branchName": "renovate/victoria-logs-single-0.x"
                   }
                 ],
                 "packageName": "victoria-logs-single",
                 "versioning": "helm",
                 "warnings": [],
                 "sourceUrl": "https://github.com/VictoriaMetrics/helm-charts",
                 "registryUrl": "https://victoriametrics.github.io/helm-charts",
                 "mostRecentTimestamp": "2025-09-10T19:11:52.766Z",
                 "currentVersion": "0.11.6",
                 "currentVersionTimestamp": "2025-08-13T15:38:28.740Z",
                 "currentVersionAgeInDays": 38,
                 "isSingleVersion": true,
                 "fixedVersion": "0.11.6"
               }
             ]
           },
           {
             "packageFile": "kubernetes/apps/observability/victoria-metrics-k8s-stack/helmrelease.yaml",
             "deps": [
               {
                 "depName": "victoria-metrics-k8s-stack",
                 "currentValue": "0.59.3",
                 "datasource": "helm",
                 "registryUrls": [
                   "https://victoriametrics.github.io/helm-charts",
                   "https://victoriametrics.github.io/helm-charts"
                 ],
                 "updates": [
                   {
                     "bucket": "non-major",
                     "newVersion": "0.60.1",
                     "newValue": "0.60.1",
                     "newDigest": "1c2e53e6ef62e7639034c310dea7ae44e5e2bed81421a0cb48cd294eeaff0e57",
                     "releaseTimestamp": "2025-09-15T12:18:09.156Z",
                     "newVersionAgeInDays": 5,
                     "newMajor": 0,
                     "newMinor": 60,
                     "newPatch": 1,
                     "updateType": "minor",
                     "isBreaking": true,
                     "libYears": 0.06832137823439878,
                     "branchName": "renovate/victoria-metrics-k8s-stack-0.x"
                   }
                 ],
                 "packageName": "victoria-metrics-k8s-stack",
                 "versioning": "helm",
                 "warnings": [],
                 "sourceUrl": "https://github.com/VictoriaMetrics/helm-charts",
                 "registryUrl": "https://victoriametrics.github.io/helm-charts",
                 "mostRecentTimestamp": "2025-09-15T12:18:09.156Z",
                 "currentVersion": "0.59.3",
                 "currentVersionTimestamp": "2025-08-21T13:48:26.172Z",
                 "currentVersionAgeInDays": 30,
                 "isSingleVersion": true,
                 "fixedVersion": "0.59.3"
               }
             ]
           },
           {
             "packageFile": "kubernetes/apps/rook-ceph/cluster/helmrelease.yaml",
             "deps": [
               {
                 "depName": "rook-ceph-cluster",
                 "currentValue": "v1.18.0",
                 "datasource": "helm",
                 "registryUrls": ["https://charts.rook.io/release"],
                 "updates": [
                   {
                     "bucket": "non-major",
                     "newVersion": "v1.18.2",
                     "newValue": "v1.18.2",
                     "newDigest": "8cfd8441ab446ed2fb47ed7a171df5598c0ca8a022abd6f9292b43f33c6c693a",
                     "releaseTimestamp": "2025-09-10T21:07:49.792Z",
                     "newVersionAgeInDays": 10,
                     "newMajor": 1,
                     "newMinor": 18,
                     "newPatch": 2,
                     "updateType": "patch",
                     "isBreaking": false,
                     "libYears": 0.05758861253805175,
                     "branchName": "renovate/rook-ceph"
                   }
                 ],
                 "packageName": "rook-ceph-cluster",
                 "versioning": "helm",
                 "warnings": [],
                 "sourceUrl": "https://github.com/rook/rook",
                 "registryUrl": "https://charts.rook.io/release",
                 "mostRecentTimestamp": "2025-09-10T21:07:49.792Z",
                 "currentVersion": "v1.18.0",
                 "currentVersionTimestamp": "2025-08-20T20:39:15.307Z",
                 "currentVersionAgeInDays": 31,
                 "isSingleVersion": true,
                 "fixedVersion": "v1.18.0"
               }
             ]
           },
           {
             "packageFile": "kubernetes/apps/rook-ceph/operator/helmrelease.yaml",
             "deps": [
               {
                 "depName": "rook-ceph",
                 "currentValue": "v1.18.0",
                 "datasource": "helm",
                 "registryUrls": ["https://charts.rook.io/release"],
                 "updates": [
                   {
                     "bucket": "non-major",
                     "newVersion": "v1.18.2",
                     "newValue": "v1.18.2",
                     "newDigest": "fb3b0aaa4cd6e1b9c89d6287bc2c0bb8c6f4f2525fdd0fe0d34f7f255fff9833",
                     "releaseTimestamp": "2025-09-10T21:07:49.801Z",
                     "newVersionAgeInDays": 10,
                     "newMajor": 1,
                     "newMinor": 18,
                     "newPatch": 2,
                     "updateType": "patch",
                     "isBreaking": false,
                     "libYears": 0.05758861253805175,
                     "branchName": "renovate/rook-ceph"
                   }
                 ],
                 "packageName": "rook-ceph",
                 "versioning": "helm",
                 "warnings": [],
                 "sourceUrl": "https://github.com/rook/rook",
                 "registryUrl": "https://charts.rook.io/release",
                 "mostRecentTimestamp": "2025-09-10T21:07:49.801Z",
                 "currentVersion": "v1.18.0",
                 "currentVersionTimestamp": "2025-08-20T20:39:15.316Z",
                 "currentVersionAgeInDays": 31,
                 "isSingleVersion": true,
                 "fixedVersion": "v1.18.0"
               }
             ]
           },
           {
             "packageFile": "kubernetes/components/common/repos/app-template/ocirepository.yaml",
             "deps": [
               {
                 "depName": "ghcr.io/bjw-s-labs/helm/app-template",
                 "packageName": "ghcr.io/bjw-s-labs/helm/app-template",
                 "currentValue": "4.2.0",
                 "datasource": "docker",
                 "autoReplaceStringTemplate": "{{#if newValue}}{{newValue}}{{/if}}{{#if newDigest}}@{{newDigest}}{{/if}}",
                 "replaceString": "4.2.0",
                 "updates": [
                   {
                     "bucket": "non-major",
                     "newVersion": "4.3.0",
                     "newValue": "4.3.0",
                     "newMajor": 4,
                     "newMinor": 3,
                     "newPatch": 0,
                     "updateType": "minor",
                     "isBreaking": false,
                     "branchName": "renovate/ghcr.io-bjw-s-labs-helm-app-template-4.x"
                   }
                 ],
                 "versioning": "docker",
                 "warnings": [],
                 "sourceUrl": "https://github.com/bjw-s-labs/helm-charts",
                 "registryUrl": "https://ghcr.io",
                 "lookupName": "bjw-s-labs/helm/app-template",
                 "currentVersion": "4.2.0",
                 "isSingleVersion": true,
                 "fixedVersion": "4.2.0"
               }
             ]
           }
         ],
         "github-actions": [
           {
             "deps": [
               {
                 "depName": "actions/checkout",
                 "commitMessageTopic": "{{{depName}}} action",
                 "datasource": "github-tags",
                 "versioning": "regex:^v?(?<major>\\d+)(\\.(?<minor>\\d+)\\.(?<patch>\\d+))?$",
                 "depType": "action",
                 "replaceString": "actions/checkout@v5.0.0",
                 "autoReplaceStringTemplate": "{{depName}}@{{#if newDigest}}{{newDigest}}{{#if newValue}} # {{newValue}}{{/if}}{{/if}}{{#unless newDigest}}{{newValue}}{{/unless}}",
                 "currentValue": "v5.0.0",
                 "updates": [
                   {
                     "isPinDigest": true,
                     "updateType": "pinDigest",
                     "newValue": "v5.0.0",
                     "newDigest": "08c6903cd8c0fde910a37f88322edcfb5dd907a8",
                     "branchName": "renovate/pin-dependencies"
                   }
                 ],
                 "packageName": "actions/checkout",
                 "warnings": [],
                 "sourceUrl": "https://github.com/actions/checkout",
                 "registryUrl": "https://github.com",
                 "currentVersion": "v5.0.0",
                 "currentVersionTimestamp": "2025-08-11T12:35:28.000Z",
                 "currentVersionAgeInDays": 40,
                 "fixedVersion": "v5.0.0"
               },
               {
                 "depName": "tj-actions/changed-files",
                 "commitMessageTopic": "{{{depName}}} action",
                 "datasource": "github-tags",
                 "versioning": "regex:^v?(?<major>\\d+)(\\.(?<minor>\\d+)\\.(?<patch>\\d+))?$",
                 "depType": "action",
                 "replaceString": "tj-actions/changed-files@v46.0.5",
                 "autoReplaceStringTemplate": "{{depName}}@{{#if newDigest}}{{newDigest}}{{#if newValue}} # {{newValue}}{{/if}}{{/if}}{{#unless newDigest}}{{newValue}}{{/unless}}",
                 "currentValue": "v46.0.5",
                 "updates": [
                   {
                     "bucket": "major",
                     "newVersion": "v47.0.0",
                     "newValue": "v47.0.0",
                     "newDigest": "24d32ffd492484c1d75e0c0b894501ddb9d30d62",
                     "releaseTimestamp": "2025-09-13T13:41:48.000Z",
                     "newVersionAgeInDays": 7,
                     "newMajor": 47,
                     "newMinor": 0,
                     "newPatch": 0,
                     "updateType": "major",
                     "isBreaking": true,
                     "libYears": 0.43132683282597667,
                     "branchName": "renovate/tj-actions-changed-files-47.x"
                   },
                   {
                     "isPinDigest": true,
                     "updateType": "pinDigest",
                     "newValue": "v46.0.5",
                     "newDigest": "ed68ef82c095e0d48ec87eccea555d944a631a4c",
                     "branchName": "renovate/pin-dependencies"
                   }
                 ],
                 "packageName": "tj-actions/changed-files",
                 "warnings": [],
                 "sourceUrl": "https://github.com/tj-actions/changed-files",
                 "registryUrl": "https://github.com",
                 "currentVersion": "v46.0.5",
                 "currentVersionTimestamp": "2025-04-09T03:16:25.000Z",
                 "currentVersionAgeInDays": 164,
                 "isSingleVersion": true,
                 "fixedVersion": "v46.0.5"
               },
               {
                 "depName": "actions/checkout",
                 "commitMessageTopic": "{{{depName}}} action",
                 "datasource": "github-tags",
                 "versioning": "regex:^v?(?<major>\\d+)(\\.(?<minor>\\d+)\\.(?<patch>\\d+))?$",
                 "depType": "action",
                 "replaceString": "actions/checkout@v5.0.0",
                 "autoReplaceStringTemplate": "{{depName}}@{{#if newDigest}}{{newDigest}}{{#if newValue}} # {{newValue}}{{/if}}{{/if}}{{#unless newDigest}}{{newValue}}{{/unless}}",
                 "currentValue": "v5.0.0",
                 "updates": [
                   {
                     "isPinDigest": true,
                     "updateType": "pinDigest",
                     "newValue": "v5.0.0",
                     "newDigest": "08c6903cd8c0fde910a37f88322edcfb5dd907a8",
                     "branchName": "renovate/pin-dependencies"
                   }
                 ],
                 "packageName": "actions/checkout",
                 "warnings": [],
                 "sourceUrl": "https://github.com/actions/checkout",
                 "registryUrl": "https://github.com",
                 "currentVersion": "v5.0.0",
                 "currentVersionTimestamp": "2025-08-11T12:35:28.000Z",
                 "currentVersionAgeInDays": 40,
                 "fixedVersion": "v5.0.0"
               },
               {
                 "depName": "ghcr.io/allenporter/flux-local",
                 "packageName": "ghcr.io/allenporter/flux-local",
                 "currentValue": "v7.10.0",
                 "replaceString": "ghcr.io/allenporter/flux-local:v7.10.0",
                 "autoReplaceStringTemplate": "{{depName}}{{#if newValue}}:{{newValue}}{{/if}}{{#if newDigest}}@{{newDigest}}{{/if}}",
                 "datasource": "docker",
                 "depType": "docker",
                 "updates": [],
                 "versioning": "docker",
                 "warnings": [],
                 "sourceUrl": "https://github.com/allenporter/flux-local",
                 "registryUrl": "https://ghcr.io",
                 "lookupName": "allenporter/flux-local",
                 "currentVersion": "v7.10.0",
                 "fixedVersion": "v7.10.0"
               },
               {
                 "depName": "actions/checkout",
                 "commitMessageTopic": "{{{depName}}} action",
                 "datasource": "github-tags",
                 "versioning": "regex:^v?(?<major>\\d+)(\\.(?<minor>\\d+)\\.(?<patch>\\d+))?$",
                 "depType": "action",
                 "replaceString": "actions/checkout@v5.0.0",
                 "autoReplaceStringTemplate": "{{depName}}@{{#if newDigest}}{{newDigest}}{{#if newValue}} # {{newValue}}{{/if}}{{/if}}{{#unless newDigest}}{{newValue}}{{/unless}}",
                 "currentValue": "v5.0.0",
                 "updates": [
                   {
                     "isPinDigest": true,
                     "updateType": "pinDigest",
                     "newValue": "v5.0.0",
                     "newDigest": "08c6903cd8c0fde910a37f88322edcfb5dd907a8",
                     "branchName": "renovate/pin-dependencies"
                   }
                 ],
                 "packageName": "actions/checkout",
                 "warnings": [],
                 "sourceUrl": "https://github.com/actions/checkout",
                 "registryUrl": "https://github.com",
                 "currentVersion": "v5.0.0",
                 "currentVersionTimestamp": "2025-08-11T12:35:28.000Z",
                 "currentVersionAgeInDays": 40,
                 "fixedVersion": "v5.0.0"
               },
               {
                 "depName": "actions/checkout",
                 "commitMessageTopic": "{{{depName}}} action",
                 "datasource": "github-tags",
                 "versioning": "regex:^v?(?<major>\\d+)(\\.(?<minor>\\d+)\\.(?<patch>\\d+))?$",
                 "depType": "action",
                 "replaceString": "actions/checkout@v5.0.0",
                 "autoReplaceStringTemplate": "{{depName}}@{{#if newDigest}}{{newDigest}}{{#if newValue}} # {{newValue}}{{/if}}{{/if}}{{#unless newDigest}}{{newValue}}{{/unless}}",
                 "currentValue": "v5.0.0",
                 "updates": [
                   {
                     "isPinDigest": true,
                     "updateType": "pinDigest",
                     "newValue": "v5.0.0",
                     "newDigest": "08c6903cd8c0fde910a37f88322edcfb5dd907a8",
                     "branchName": "renovate/pin-dependencies"
                   }
                 ],
                 "packageName": "actions/checkout",
                 "warnings": [],
                 "sourceUrl": "https://github.com/actions/checkout",
                 "registryUrl": "https://github.com",
                 "currentVersion": "v5.0.0",
                 "currentVersionTimestamp": "2025-08-11T12:35:28.000Z",
                 "currentVersionAgeInDays": 40,
                 "fixedVersion": "v5.0.0"
               },
               {
                 "depName": "ghcr.io/allenporter/flux-local",
                 "packageName": "ghcr.io/allenporter/flux-local",
                 "currentValue": "v7.10.0",
                 "replaceString": "ghcr.io/allenporter/flux-local:v7.10.0",
                 "autoReplaceStringTemplate": "{{depName}}{{#if newValue}}:{{newValue}}{{/if}}{{#if newDigest}}@{{newDigest}}{{/if}}",
                 "datasource": "docker",
                 "depType": "docker",
                 "updates": [],
                 "versioning": "docker",
                 "warnings": [],
                 "sourceUrl": "https://github.com/allenporter/flux-local",
                 "registryUrl": "https://ghcr.io",
                 "lookupName": "allenporter/flux-local",
                 "currentVersion": "v7.10.0",
                 "fixedVersion": "v7.10.0"
               },
               {
                 "depName": "mshick/add-pr-comment",
                 "commitMessageTopic": "{{{depName}}} action",
                 "datasource": "github-tags",
                 "versioning": "regex:^v?(?<major>\\d+)(\\.(?<minor>\\d+)\\.(?<patch>\\d+))?$",
                 "depType": "action",
                 "replaceString": "mshick/add-pr-comment@v2.8.2",
                 "autoReplaceStringTemplate": "{{depName}}@{{#if newDigest}}{{newDigest}}{{#if newValue}} # {{newValue}}{{/if}}{{/if}}{{#unless newDigest}}{{newValue}}{{/unless}}",
                 "currentValue": "v2.8.2",
                 "updates": [
                   {
                     "isPinDigest": true,
                     "updateType": "pinDigest",
                     "newValue": "v2.8.2",
                     "newDigest": "b8f338c590a895d50bcbfa6c5859251edc8952fc",
                     "branchName": "renovate/pin-dependencies"
                   }
                 ],
                 "packageName": "mshick/add-pr-comment",
                 "warnings": [],
                 "sourceUrl": "https://github.com/mshick/add-pr-comment",
                 "registryUrl": "https://github.com",
                 "currentVersion": "v2.8.2",
                 "currentVersionTimestamp": "2024-02-01T18:43:56.000Z",
                 "currentVersionAgeInDays": 597,
                 "fixedVersion": "v2.8.2"
               },
               {
                 "depName": "ubuntu",
                 "currentValue": "latest",
                 "replaceString": "ubuntu-latest",
                 "depType": "github-runner",
                 "datasource": "github-runners",
                 "autoReplaceStringTemplate": "{{depName}}-{{newValue}}",
                 "skipReason": "invalid-version",
                 "updates": [],
                 "packageName": "ubuntu"
               },
               {
                 "depName": "ubuntu",
                 "currentValue": "latest",
                 "replaceString": "ubuntu-latest",
                 "depType": "github-runner",
                 "datasource": "github-runners",
                 "autoReplaceStringTemplate": "{{depName}}-{{newValue}}",
                 "skipReason": "invalid-version",
                 "updates": [],
                 "packageName": "ubuntu"
               },
               {
                 "depName": "ubuntu",
                 "currentValue": "latest",
                 "replaceString": "ubuntu-latest",
                 "depType": "github-runner",
                 "datasource": "github-runners",
                 "autoReplaceStringTemplate": "{{depName}}-{{newValue}}",
                 "skipReason": "invalid-version",
                 "updates": [],
                 "packageName": "ubuntu"
               },
               {
                 "depName": "ubuntu",
                 "currentValue": "latest",
                 "replaceString": "ubuntu-latest",
                 "depType": "github-runner",
                 "datasource": "github-runners",
                 "autoReplaceStringTemplate": "{{depName}}-{{newValue}}",
                 "skipReason": "invalid-version",
                 "updates": [],
                 "packageName": "ubuntu"
               }
             ],
             "packageFile": ".github/workflows/flux-local.yaml"
           },
           {
             "deps": [
               {
                 "depName": "actions/checkout",
                 "commitMessageTopic": "{{{depName}}} action",
                 "datasource": "github-tags",
                 "versioning": "regex:^v?(?<major>\\d+)(\\.(?<minor>\\d+)\\.(?<patch>\\d+))?$",
                 "depType": "action",
                 "replaceString": "actions/checkout@v5",
                 "autoReplaceStringTemplate": "{{depName}}@{{#if newDigest}}{{newDigest}}{{#if newValue}} # {{newValue}}{{/if}}{{/if}}{{#unless newDigest}}{{newValue}}{{/unless}}",
                 "currentValue": "v5",
                 "updates": [
                   {
                     "isPinDigest": true,
                     "updateType": "pinDigest",
                     "newValue": "v5",
                     "newDigest": "08c6903cd8c0fde910a37f88322edcfb5dd907a8",
                     "branchName": "renovate/pin-dependencies"
                   }
                 ],
                 "packageName": "actions/checkout",
                 "warnings": [],
                 "sourceUrl": "https://github.com/actions/checkout",
                 "registryUrl": "https://github.com",
                 "currentVersion": "v5.0.0",
                 "currentVersionTimestamp": "2025-08-11T12:35:28.000Z",
                 "currentVersionAgeInDays": 40,
                 "fixedVersion": "v5"
               },
               {
                 "depName": "actions/create-github-app-token",
                 "commitMessageTopic": "{{{depName}}} action",
                 "datasource": "github-tags",
                 "versioning": "regex:^v?(?<major>\\d+)(\\.(?<minor>\\d+)\\.(?<patch>\\d+))?$",
                 "depType": "action",
                 "replaceString": "actions/create-github-app-token@67018539274d69449ef7c02e8e71183d1719ab42 # v2.1.4",
                 "autoReplaceStringTemplate": "{{depName}}@{{#if newDigest}}{{newDigest}}{{#if newValue}} # {{newValue}}{{/if}}{{/if}}{{#unless newDigest}}{{newValue}}{{/unless}}",
                 "currentValue": "v2.1.4",
                 "currentDigest": "67018539274d69449ef7c02e8e71183d1719ab42",
                 "updates": [],
                 "packageName": "actions/create-github-app-token",
                 "warnings": [],
                 "sourceUrl": "https://github.com/actions/create-github-app-token",
                 "registryUrl": "https://github.com",
                 "currentVersion": "v2.1.4",
                 "currentVersionTimestamp": "2025-09-13T00:16:56.000Z",
                 "currentVersionAgeInDays": 8,
                 "fixedVersion": "v2.1.4"
               },
               {
                 "depName": "renovatebot/github-action",
                 "commitMessageTopic": "{{{depName}}} action",
                 "datasource": "github-tags",
                 "versioning": "regex:^v?(?<major>\\d+)(\\.(?<minor>\\d+)\\.(?<patch>\\d+))?$",
                 "depType": "action",
                 "replaceString": "renovatebot/github-action@v43.0.12",
                 "autoReplaceStringTemplate": "{{depName}}@{{#if newDigest}}{{newDigest}}{{#if newValue}} # {{newValue}}{{/if}}{{/if}}{{#unless newDigest}}{{newValue}}{{/unless}}",
                 "currentValue": "v43.0.12",
                 "updates": [
                   {
                     "isPinDigest": true,
                     "updateType": "pinDigest",
                     "newValue": "v43.0.12",
                     "newDigest": "f8af9272cd94a4637c29f60dea8731afd3134473",
                     "branchName": "renovate/pin-dependencies"
                   }
                 ],
                 "packageName": "renovatebot/github-action",
                 "warnings": [],
                 "sourceUrl": "https://github.com/renovatebot/github-action",
                 "registryUrl": "https://github.com",
                 "mostRecentTimestamp": "2025-09-15T02:24:18.000Z",
                 "currentVersion": "v43.0.12",
                 "currentVersionTimestamp": "2025-09-15T02:24:18.000Z",
                 "currentVersionAgeInDays": 6,
                 "fixedVersion": "v43.0.12"
               },
               {
                 "depName": "ubuntu",
                 "currentValue": "latest",
                 "replaceString": "ubuntu-latest",
                 "depType": "github-runner",
                 "datasource": "github-runners",
                 "autoReplaceStringTemplate": "{{depName}}-{{newValue}}",
                 "skipReason": "invalid-version",
                 "updates": [],
                 "packageName": "ubuntu"
               }
             ],
             "packageFile": ".github/workflows/force-renovate.yaml"
           },
           {
             "deps": [
               {
                 "depName": "actions/create-github-app-token",
                 "commitMessageTopic": "{{{depName}}} action",
                 "datasource": "github-tags",
                 "versioning": "regex:^v?(?<major>\\d+)(\\.(?<minor>\\d+)\\.(?<patch>\\d+))?$",
                 "depType": "action",
                 "replaceString": "actions/create-github-app-token@67018539274d69449ef7c02e8e71183d1719ab42 # v2.1.4",
                 "autoReplaceStringTemplate": "{{depName}}@{{#if newDigest}}{{newDigest}}{{#if newValue}} # {{newValue}}{{/if}}{{/if}}{{#unless newDigest}}{{newValue}}{{/unless}}",
                 "currentValue": "v2.1.4",
                 "currentDigest": "67018539274d69449ef7c02e8e71183d1719ab42",
                 "updates": [],
                 "packageName": "actions/create-github-app-token",
                 "warnings": [],
                 "sourceUrl": "https://github.com/actions/create-github-app-token",
                 "registryUrl": "https://github.com",
                 "currentVersion": "v2.1.4",
                 "currentVersionTimestamp": "2025-09-13T00:16:56.000Z",
                 "currentVersionAgeInDays": 8,
                 "fixedVersion": "v2.1.4"
               },
               {
                 "depName": "peter-evans/repository-dispatch",
                 "commitMessageTopic": "{{{depName}}} action",
                 "datasource": "github-tags",
                 "versioning": "regex:^v?(?<major>\\d+)(\\.(?<minor>\\d+)\\.(?<patch>\\d+))?$",
                 "depType": "action",
                 "replaceString": "peter-evans/repository-dispatch@v3",
                 "autoReplaceStringTemplate": "{{depName}}@{{#if newDigest}}{{newDigest}}{{#if newValue}} # {{newValue}}{{/if}}{{/if}}{{#unless newDigest}}{{newValue}}{{/unless}}",
                 "currentValue": "v3",
                 "updates": [
                   {
                     "isPinDigest": true,
                     "updateType": "pinDigest",
                     "newValue": "v3",
                     "newDigest": "ff45666b9427631e3450c54a1bcbee4d9ff4d7c0",
                     "branchName": "renovate/pin-dependencies"
                   }
                 ],
                 "packageName": "peter-evans/repository-dispatch",
                 "warnings": [],
                 "sourceUrl": "https://github.com/peter-evans/repository-dispatch",
                 "registryUrl": "https://github.com",
                 "mostRecentTimestamp": "2024-01-25T11:57:43.000Z",
                 "currentVersion": "v3.0.0",
                 "currentVersionTimestamp": "2024-01-25T11:57:43.000Z",
                 "currentVersionAgeInDays": 604,
                 "fixedVersion": "v3"
               },
               {
                 "depName": "actions/create-github-app-token",
                 "commitMessageTopic": "{{{depName}}} action",
                 "datasource": "github-tags",
                 "versioning": "regex:^v?(?<major>\\d+)(\\.(?<minor>\\d+)\\.(?<patch>\\d+))?$",
                 "depType": "action",
                 "replaceString": "actions/create-github-app-token@67018539274d69449ef7c02e8e71183d1719ab42 # v2.1.4",
                 "autoReplaceStringTemplate": "{{depName}}@{{#if newDigest}}{{newDigest}}{{#if newValue}} # {{newValue}}{{/if}}{{/if}}{{#unless newDigest}}{{newValue}}{{/unless}}",
                 "currentValue": "v2.1.4",
                 "currentDigest": "67018539274d69449ef7c02e8e71183d1719ab42",
                 "updates": [],
                 "packageName": "actions/create-github-app-token",
                 "warnings": [],
                 "sourceUrl": "https://github.com/actions/create-github-app-token",
                 "registryUrl": "https://github.com",
                 "currentVersion": "v2.1.4",
                 "currentVersionTimestamp": "2025-09-13T00:16:56.000Z",
                 "currentVersionAgeInDays": 8,
                 "fixedVersion": "v2.1.4"
               },
               {
                 "depName": "peter-evans/repository-dispatch",
                 "commitMessageTopic": "{{{depName}}} action",
                 "datasource": "github-tags",
                 "versioning": "regex:^v?(?<major>\\d+)(\\.(?<minor>\\d+)\\.(?<patch>\\d+))?$",
                 "depType": "action",
                 "replaceString": "peter-evans/repository-dispatch@v3",
                 "autoReplaceStringTemplate": "{{depName}}@{{#if newDigest}}{{newDigest}}{{#if newValue}} # {{newValue}}{{/if}}{{/if}}{{#unless newDigest}}{{newValue}}{{/unless}}",
                 "currentValue": "v3",
                 "updates": [
                   {
                     "isPinDigest": true,
                     "updateType": "pinDigest",
                     "newValue": "v3",
                     "newDigest": "ff45666b9427631e3450c54a1bcbee4d9ff4d7c0",
                     "branchName": "renovate/pin-dependencies"
                   }
                 ],
                 "packageName": "peter-evans/repository-dispatch",
                 "warnings": [],
                 "sourceUrl": "https://github.com/peter-evans/repository-dispatch",
                 "registryUrl": "https://github.com",
                 "mostRecentTimestamp": "2024-01-25T11:57:43.000Z",
                 "currentVersion": "v3.0.0",
                 "currentVersionTimestamp": "2024-01-25T11:57:43.000Z",
                 "currentVersionAgeInDays": 604,
                 "fixedVersion": "v3"
               },
               {
                 "depName": "actions/create-github-app-token",
                 "commitMessageTopic": "{{{depName}}} action",
                 "datasource": "github-tags",
                 "versioning": "regex:^v?(?<major>\\d+)(\\.(?<minor>\\d+)\\.(?<patch>\\d+))?$",
                 "depType": "action",
                 "replaceString": "actions/create-github-app-token@67018539274d69449ef7c02e8e71183d1719ab42 # v2.1.4",
                 "autoReplaceStringTemplate": "{{depName}}@{{#if newDigest}}{{newDigest}}{{#if newValue}} # {{newValue}}{{/if}}{{/if}}{{#unless newDigest}}{{newValue}}{{/unless}}",
                 "currentValue": "v2.1.4",
                 "currentDigest": "67018539274d69449ef7c02e8e71183d1719ab42",
                 "updates": [],
                 "packageName": "actions/create-github-app-token",
                 "warnings": [],
                 "sourceUrl": "https://github.com/actions/create-github-app-token",
                 "registryUrl": "https://github.com",
                 "currentVersion": "v2.1.4",
                 "currentVersionTimestamp": "2025-09-13T00:16:56.000Z",
                 "currentVersionAgeInDays": 8,
                 "fixedVersion": "v2.1.4"
               },
               {
                 "depName": "peter-evans/repository-dispatch",
                 "commitMessageTopic": "{{{depName}}} action",
                 "datasource": "github-tags",
                 "versioning": "regex:^v?(?<major>\\d+)(\\.(?<minor>\\d+)\\.(?<patch>\\d+))?$",
                 "depType": "action",
                 "replaceString": "peter-evans/repository-dispatch@v3",
                 "autoReplaceStringTemplate": "{{depName}}@{{#if newDigest}}{{newDigest}}{{#if newValue}} # {{newValue}}{{/if}}{{/if}}{{#unless newDigest}}{{newValue}}{{/unless}}",
                 "currentValue": "v3",
                 "updates": [
                   {
                     "isPinDigest": true,
                     "updateType": "pinDigest",
                     "newValue": "v3",
                     "newDigest": "ff45666b9427631e3450c54a1bcbee4d9ff4d7c0",
                     "branchName": "renovate/pin-dependencies"
                   }
                 ],
                 "packageName": "peter-evans/repository-dispatch",
                 "warnings": [],
                 "sourceUrl": "https://github.com/peter-evans/repository-dispatch",
                 "registryUrl": "https://github.com",
                 "mostRecentTimestamp": "2024-01-25T11:57:43.000Z",
                 "currentVersion": "v3.0.0",
                 "currentVersionTimestamp": "2024-01-25T11:57:43.000Z",
                 "currentVersionAgeInDays": 604,
                 "fixedVersion": "v3"
               },
               {
                 "depName": "ubuntu",
                 "currentValue": "latest",
                 "replaceString": "ubuntu-latest",
                 "depType": "github-runner",
                 "datasource": "github-runners",
                 "autoReplaceStringTemplate": "{{depName}}-{{newValue}}",
                 "skipReason": "invalid-version",
                 "updates": [],
                 "packageName": "ubuntu"
               },
               {
                 "depName": "ubuntu",
                 "currentValue": "latest",
                 "replaceString": "ubuntu-latest",
                 "depType": "github-runner",
                 "datasource": "github-runners",
                 "autoReplaceStringTemplate": "{{depName}}-{{newValue}}",
                 "skipReason": "invalid-version",
                 "updates": [],
                 "packageName": "ubuntu"
               },
               {
                 "depName": "ubuntu",
                 "currentValue": "latest",
                 "replaceString": "ubuntu-latest",
                 "depType": "github-runner",
                 "datasource": "github-runners",
                 "autoReplaceStringTemplate": "{{depName}}-{{newValue}}",
                 "skipReason": "invalid-version",
                 "updates": [],
                 "packageName": "ubuntu"
               }
             ],
             "packageFile": ".github/workflows/renovate-dashboard.yaml"
           },
           {
             "deps": [
               {
                 "depName": "actions/checkout",
                 "commitMessageTopic": "{{{depName}}} action",
                 "datasource": "github-tags",
                 "versioning": "regex:^v?(?<major>\\d+)(\\.(?<minor>\\d+)\\.(?<patch>\\d+))?$",
                 "depType": "action",
                 "replaceString": "actions/checkout@v5",
                 "autoReplaceStringTemplate": "{{depName}}@{{#if newDigest}}{{newDigest}}{{#if newValue}} # {{newValue}}{{/if}}{{/if}}{{#unless newDigest}}{{newValue}}{{/unless}}",
                 "currentValue": "v5",
                 "updates": [
                   {
                     "isPinDigest": true,
                     "updateType": "pinDigest",
                     "newValue": "v5",
                     "newDigest": "08c6903cd8c0fde910a37f88322edcfb5dd907a8",
                     "branchName": "renovate/pin-dependencies"
                   }
                 ],
                 "packageName": "actions/checkout",
                 "warnings": [],
                 "sourceUrl": "https://github.com/actions/checkout",
                 "registryUrl": "https://github.com",
                 "currentVersion": "v5.0.0",
                 "currentVersionTimestamp": "2025-08-11T12:35:28.000Z",
                 "currentVersionAgeInDays": 40,
                 "fixedVersion": "v5"
               },
               {
                 "depName": "actions/checkout",
                 "commitMessageTopic": "{{{depName}}} action",
                 "datasource": "github-tags",
                 "versioning": "regex:^v?(?<major>\\d+)(\\.(?<minor>\\d+)\\.(?<patch>\\d+))?$",
                 "depType": "action",
                 "replaceString": "actions/checkout@v5",
                 "autoReplaceStringTemplate": "{{depName}}@{{#if newDigest}}{{newDigest}}{{#if newValue}} # {{newValue}}{{/if}}{{/if}}{{#unless newDigest}}{{newValue}}{{/unless}}",
                 "currentValue": "v5",
                 "updates": [
                   {
                     "isPinDigest": true,
                     "updateType": "pinDigest",
                     "newValue": "v5",
                     "newDigest": "08c6903cd8c0fde910a37f88322edcfb5dd907a8",
                     "branchName": "renovate/pin-dependencies"
                   }
                 ],
                 "packageName": "actions/checkout",
                 "warnings": [],
                 "sourceUrl": "https://github.com/actions/checkout",
                 "registryUrl": "https://github.com",
                 "currentVersion": "v5.0.0",
                 "currentVersionTimestamp": "2025-08-11T12:35:28.000Z",
                 "currentVersionAgeInDays": 40,
                 "fixedVersion": "v5"
               },
               {
                 "depName": "actions/create-github-app-token",
                 "commitMessageTopic": "{{{depName}}} action",
                 "datasource": "github-tags",
                 "versioning": "regex:^v?(?<major>\\d+)(\\.(?<minor>\\d+)\\.(?<patch>\\d+))?$",
                 "depType": "action",
                 "replaceString": "actions/create-github-app-token@67018539274d69449ef7c02e8e71183d1719ab42 # v2.1.4",
                 "autoReplaceStringTemplate": "{{depName}}@{{#if newDigest}}{{newDigest}}{{#if newValue}} # {{newValue}}{{/if}}{{/if}}{{#unless newDigest}}{{newValue}}{{/unless}}",
                 "currentValue": "v2.1.4",
                 "currentDigest": "67018539274d69449ef7c02e8e71183d1719ab42",
                 "updates": [],
                 "packageName": "actions/create-github-app-token",
                 "warnings": [],
                 "sourceUrl": "https://github.com/actions/create-github-app-token",
                 "registryUrl": "https://github.com",
                 "currentVersion": "v2.1.4",
                 "currentVersionTimestamp": "2025-09-13T00:16:56.000Z",
                 "currentVersionAgeInDays": 8,
                 "fixedVersion": "v2.1.4"
               },
               {
                 "depName": "renovatebot/github-action",
                 "commitMessageTopic": "{{{depName}}} action",
                 "datasource": "github-tags",
                 "versioning": "regex:^v?(?<major>\\d+)(\\.(?<minor>\\d+)\\.(?<patch>\\d+))?$",
                 "depType": "action",
                 "replaceString": "renovatebot/github-action@v43.0.12",
                 "autoReplaceStringTemplate": "{{depName}}@{{#if newDigest}}{{newDigest}}{{#if newValue}} # {{newValue}}{{/if}}{{/if}}{{#unless newDigest}}{{newValue}}{{/unless}}",
                 "currentValue": "v43.0.12",
                 "updates": [
                   {
                     "isPinDigest": true,
                     "updateType": "pinDigest",
                     "newValue": "v43.0.12",
                     "newDigest": "f8af9272cd94a4637c29f60dea8731afd3134473",
                     "branchName": "renovate/pin-dependencies"
                   }
                 ],
                 "packageName": "renovatebot/github-action",
                 "warnings": [],
                 "sourceUrl": "https://github.com/renovatebot/github-action",
                 "registryUrl": "https://github.com",
                 "mostRecentTimestamp": "2025-09-15T02:24:18.000Z",
                 "currentVersion": "v43.0.12",
                 "currentVersionTimestamp": "2025-09-15T02:24:18.000Z",
                 "currentVersionAgeInDays": 6,
                 "fixedVersion": "v43.0.12"
               },
               {
                 "depName": "ubuntu",
                 "currentValue": "latest",
                 "replaceString": "ubuntu-latest",
                 "depType": "github-runner",
                 "datasource": "github-runners",
                 "autoReplaceStringTemplate": "{{depName}}-{{newValue}}",
                 "skipReason": "invalid-version",
                 "updates": [],
                 "packageName": "ubuntu"
               },
               {
                 "depName": "ubuntu",
                 "currentValue": "latest",
                 "replaceString": "ubuntu-latest",
                 "depType": "github-runner",
                 "datasource": "github-runners",
                 "autoReplaceStringTemplate": "{{depName}}-{{newValue}}",
                 "skipReason": "invalid-version",
                 "updates": [],
                 "packageName": "ubuntu"
               }
             ],
             "packageFile": ".github/workflows/renovate.yaml"
           }
         ],
         "helmfile": [
           {
             "deps": [
               {
                 "depName": "cilium",
                 "currentValue": "1.18.1",
                 "registryUrls": ["https://helm.cilium.io"],
                 "updates": [
                   {
                     "bucket": "non-major",
                     "newVersion": "1.18.2",
                     "newValue": "1.18.2",
                     "newDigest": "39b62a72f0892dd16548bd08ee97d5db2e975f7c1f57155578a144186e22992f",
                     "releaseTimestamp": "2025-09-17T16:06:02.766Z",
                     "newVersionAgeInDays": 3,
                     "newMajor": 1,
                     "newMinor": 18,
                     "newPatch": 2,
                     "updateType": "patch",
                     "isBreaking": false,
                     "libYears": 0.09066844257356672,
                     "branchName": "renovate/cilium-1.x"
                   }
                 ],
                 "packageName": "cilium",
                 "versioning": "helm",
                 "warnings": [],
                 "sourceUrl": "https://github.com/cilium/cilium",
                 "registryUrl": "https://helm.cilium.io",
                 "homepage": "https://cilium.io/",
                 "currentVersion": "1.18.1",
                 "currentVersionTimestamp": "2025-08-15T13:50:42.761Z",
                 "currentVersionAgeInDays": 36,
                 "isSingleVersion": true,
                 "fixedVersion": "1.18.1"
               },
               {
                 "depName": "ghcr.io/coredns/charts/coredns",
                 "currentValue": "1.43.2",
                 "datasource": "docker",
                 "packageName": "ghcr.io/coredns/charts/coredns",
                 "updates": [
                   {
                     "bucket": "non-major",
                     "newVersion": "1.43.3",
                     "newValue": "1.43.3",
                     "newMajor": 1,
                     "newMinor": 43,
                     "newPatch": 3,
                     "updateType": "patch",
                     "isBreaking": false,
                     "branchName": "renovate/ghcr.io-coredns-charts-coredns-1.x"
                   }
                 ],
                 "versioning": "docker",
                 "warnings": [],
                 "sourceUrl": "https://github.com/coredns/coredns",
                 "registryUrl": "https://ghcr.io",
                 "homepage": "https://coredns.io",
                 "lookupName": "coredns/charts/coredns",
                 "currentVersion": "1.43.2",
                 "isSingleVersion": true,
                 "fixedVersion": "1.43.2"
               },
               {
                 "depName": "ghcr.io/spegel-org/helm-charts/spegel",
                 "currentValue": "0.3.0",
                 "datasource": "docker",
                 "packageName": "ghcr.io/spegel-org/helm-charts/spegel",
                 "updates": [
                   {
                     "bucket": "non-major",
                     "newVersion": "0.4.0",
                     "newValue": "0.4.0",
                     "newMajor": 0,
                     "newMinor": 4,
                     "newPatch": 0,
                     "updateType": "minor",
                     "isBreaking": false,
                     "branchName": "renovate/ghcr.io-spegel-org-helm-charts-spegel-0.x"
                   }
                 ],
                 "versioning": "docker",
                 "warnings": [],
                 "registryUrl": "https://ghcr.io",
                 "lookupName": "spegel-org/helm-charts/spegel",
                 "currentVersion": "0.3.0",
                 "isSingleVersion": true,
                 "fixedVersion": "0.3.0"
               },
               {
                 "depName": "quay.io/jetstack/charts/cert-manager",
                 "currentValue": "v1.18.2",
                 "datasource": "docker",
                 "packageName": "quay.io/jetstack/charts/cert-manager",
                 "updates": [],
                 "versioning": "docker",
                 "warnings": [],
                 "sourceUrl": "https://github.com/cert-manager/cert-manager",
                 "registryUrl": "https://quay.io",
                 "homepage": "https://cert-manager.io",
                 "lookupName": "jetstack/charts/cert-manager",
                 "currentVersion": "v1.18.2",
                 "fixedVersion": "v1.18.2"
               },
               {
                 "depName": "ghcr.io/controlplaneio-fluxcd/charts/flux-operator",
                 "currentValue": "0.28.0",
                 "datasource": "docker",
                 "packageName": "ghcr.io/controlplaneio-fluxcd/charts/flux-operator",
                 "updates": [],
                 "versioning": "docker",
                 "warnings": [],
                 "sourceUrl": "https://github.com/controlplaneio-fluxcd/flux-operator",
                 "registryUrl": "https://ghcr.io",
                 "homepage": "https://github.com/controlplaneio-fluxcd",
                 "lookupName": "controlplaneio-fluxcd/charts/flux-operator",
                 "currentVersion": "0.28.0",
                 "fixedVersion": "0.28.0"
               },
               {
                 "depName": "ghcr.io/controlplaneio-fluxcd/charts/flux-instance",
                 "currentValue": "0.28.0",
                 "datasource": "docker",
                 "packageName": "ghcr.io/controlplaneio-fluxcd/charts/flux-instance",
                 "updates": [],
                 "versioning": "docker",
                 "warnings": [],
                 "sourceUrl": "https://github.com/controlplaneio-fluxcd/flux-operator",
                 "registryUrl": "https://ghcr.io",
                 "homepage": "https://github.com/controlplaneio-fluxcd",
                 "lookupName": "controlplaneio-fluxcd/charts/flux-instance",
                 "currentVersion": "0.28.0",
                 "fixedVersion": "0.28.0"
               }
             ],
             "datasource": "helm",
             "packageFile": "bootstrap/helmfile.yaml"
           }
         ],
         "kubernetes": [
           {
             "deps": [
               {
                 "depName": "OCIRepository",
                 "currentValue": "source.toolkit.fluxcd.io/v1",
                 "datasource": "kubernetes-api",
                 "versioning": "kubernetes-api",
                 "updates": [],
                 "packageName": "OCIRepository",
                 "warnings": [],
                 "currentVersion": "source.toolkit.fluxcd.io/v1",
                 "fixedVersion": "source.toolkit.fluxcd.io/v1"
               },
               {
                 "depName": "HelmRelease",
                 "currentValue": "helm.toolkit.fluxcd.io/v2",
                 "datasource": "kubernetes-api",
                 "versioning": "kubernetes-api",
                 "updates": [],
                 "packageName": "HelmRelease",
                 "warnings": [],
                 "currentVersion": "helm.toolkit.fluxcd.io/v2",
                 "fixedVersion": "helm.toolkit.fluxcd.io/v2"
               }
             ],
             "packageFile": "kubernetes/apps/cert-manager/cert-manager/helmrelease.yaml"
           },
           {
             "deps": [
               {
                 "depName": "Kustomization",
                 "currentValue": "kustomize.toolkit.fluxcd.io/v1",
                 "datasource": "kubernetes-api",
                 "versioning": "kubernetes-api",
                 "updates": [],
                 "packageName": "Kustomization",
                 "warnings": [],
                 "currentVersion": "kustomize.toolkit.fluxcd.io/v1",
                 "fixedVersion": "kustomize.toolkit.fluxcd.io/v1"
               }
             ],
             "packageFile": "kubernetes/apps/cert-manager/cert-manager/ks.yaml"
           },
           {
             "deps": [
               {
                 "depName": "Kustomization",
                 "currentValue": "kustomize.config.k8s.io/v1beta1",
                 "datasource": "kubernetes-api",
                 "versioning": "kubernetes-api",
                 "updates": [],
                 "packageName": "Kustomization",
                 "warnings": [],
                 "currentVersion": "kustomize.config.k8s.io/v1beta1",
                 "fixedVersion": "kustomize.config.k8s.io/v1beta1"
               }
             ],
             "packageFile": "kubernetes/apps/cert-manager/cert-manager/kustomization.yaml"
           },
           {
             "deps": [
               {
                 "depName": "Kustomization",
                 "currentValue": "kustomize.config.k8s.io/v1beta1",
                 "datasource": "kubernetes-api",
                 "versioning": "kubernetes-api",
                 "updates": [],
                 "packageName": "Kustomization",
                 "warnings": [],
                 "currentVersion": "kustomize.config.k8s.io/v1beta1",
                 "fixedVersion": "kustomize.config.k8s.io/v1beta1"
               }
             ],
             "packageFile": "kubernetes/apps/cert-manager/kustomization.yaml"
           },
           {
             "deps": [
               {
                 "depName": "HelmRepository",
                 "currentValue": "source.toolkit.fluxcd.io/v1",
                 "datasource": "kubernetes-api",
                 "versioning": "kubernetes-api",
                 "updates": [],
                 "packageName": "HelmRepository",
                 "warnings": [],
                 "currentVersion": "source.toolkit.fluxcd.io/v1",
                 "fixedVersion": "source.toolkit.fluxcd.io/v1"
               },
               {
                 "depName": "HelmRelease",
                 "currentValue": "helm.toolkit.fluxcd.io/v2",
                 "datasource": "kubernetes-api",
                 "versioning": "kubernetes-api",
                 "updates": [],
                 "packageName": "HelmRelease",
                 "warnings": [],
                 "currentVersion": "helm.toolkit.fluxcd.io/v2",
                 "fixedVersion": "helm.toolkit.fluxcd.io/v2"
               }
             ],
             "packageFile": "kubernetes/apps/default/authentik/helmrelease.yaml"
           },
           {
             "deps": [
               {
                 "depName": "Kustomization",
                 "currentValue": "kustomize.toolkit.fluxcd.io/v1",
                 "datasource": "kubernetes-api",
                 "versioning": "kubernetes-api",
                 "updates": [],
                 "packageName": "Kustomization",
                 "warnings": [],
                 "currentVersion": "kustomize.toolkit.fluxcd.io/v1",
                 "fixedVersion": "kustomize.toolkit.fluxcd.io/v1"
               }
             ],
             "packageFile": "kubernetes/apps/default/authentik/ks.yaml"
           },
           {
             "deps": [
               {
                 "depName": "Kustomization",
                 "currentValue": "kustomize.config.k8s.io/v1beta1",
                 "datasource": "kubernetes-api",
                 "versioning": "kubernetes-api",
                 "updates": [],
                 "packageName": "Kustomization",
                 "warnings": [],
                 "currentVersion": "kustomize.config.k8s.io/v1beta1",
                 "fixedVersion": "kustomize.config.k8s.io/v1beta1"
               }
             ],
             "packageFile": "kubernetes/apps/default/authentik/kustomization.yaml"
           },
           {
             "deps": [
               {
                 "depName": "HelmRelease",
                 "currentValue": "helm.toolkit.fluxcd.io/v2",
                 "datasource": "kubernetes-api",
                 "versioning": "kubernetes-api",
                 "updates": [],
                 "packageName": "HelmRelease",
                 "warnings": [],
                 "currentVersion": "helm.toolkit.fluxcd.io/v2",
                 "fixedVersion": "helm.toolkit.fluxcd.io/v2"
               }
             ],
             "packageFile": "kubernetes/apps/default/bookstack/helmrelease.yaml"
           },
           {
             "deps": [
               {
                 "depName": "Kustomization",
                 "currentValue": "kustomize.toolkit.fluxcd.io/v1",
                 "datasource": "kubernetes-api",
                 "versioning": "kubernetes-api",
                 "updates": [],
                 "packageName": "Kustomization",
                 "warnings": [],
                 "currentVersion": "kustomize.toolkit.fluxcd.io/v1",
                 "fixedVersion": "kustomize.toolkit.fluxcd.io/v1"
               }
             ],
             "packageFile": "kubernetes/apps/default/bookstack/ks.yaml"
           },
           {
             "deps": [
               {
                 "depName": "Kustomization",
                 "currentValue": "kustomize.config.k8s.io/v1beta1",
                 "datasource": "kubernetes-api",
                 "versioning": "kubernetes-api",
                 "updates": [],
                 "packageName": "Kustomization",
                 "warnings": [],
                 "currentVersion": "kustomize.config.k8s.io/v1beta1",
                 "fixedVersion": "kustomize.config.k8s.io/v1beta1"
               }
             ],
             "packageFile": "kubernetes/apps/default/bookstack/kustomization.yaml"
           },
           {
             "deps": [
               {
                 "depName": "docker-registry1.mariadb.com/library/mariadb",
                 "packageName": "docker-registry1.mariadb.com/library/mariadb",
                 "currentValue": "11.8.2",
                 "replaceString": "docker-registry1.mariadb.com/library/mariadb:11.8.2",
                 "autoReplaceStringTemplate": "{{depName}}{{#if newValue}}:{{newValue}}{{/if}}{{#if newDigest}}@{{newDigest}}{{/if}}",
                 "datasource": "docker",
                 "updates": [
                   {
                     "bucket": "non-major",
                     "newVersion": "11.8.3",
                     "newValue": "11.8.3",
                     "newMajor": 11,
                     "newMinor": 8,
                     "newPatch": 3,
                     "updateType": "patch",
                     "isBreaking": false,
                     "branchName": "renovate/docker-registry1.mariadb.com-library-mariadb-11.x"
                   },
                   {
                     "bucket": "major",
                     "newVersion": "12.0.2",
                     "newValue": "12.0.2",
                     "newMajor": 12,
                     "newMinor": 0,
                     "newPatch": 2,
                     "updateType": "major",
                     "isBreaking": true,
                     "branchName": "renovate/docker-registry1.mariadb.com-library-mariadb-12.x"
                   }
                 ],
                 "versioning": "docker",
                 "warnings": [],
                 "sourceUrl": "https://github.com/MariaDB/mariadb-docker",
                 "registryUrl": "https://docker-registry1.mariadb.com",
                 "homepage": "https://hub.docker.com/_/mariadb",
                 "lookupName": "library/mariadb",
                 "currentVersion": "11.8.2",
                 "isSingleVersion": true,
                 "fixedVersion": "11.8.2"
               }
             ],
             "packageFile": "kubernetes/apps/default/bookstack/mariadb.yaml"
           },
           {
             "deps": [
               {
                 "depName": "HelmRelease",
                 "currentValue": "helm.toolkit.fluxcd.io/v2",
                 "datasource": "kubernetes-api",
                 "versioning": "kubernetes-api",
                 "updates": [],
                 "packageName": "HelmRelease",
                 "warnings": [],
                 "currentVersion": "helm.toolkit.fluxcd.io/v2",
                 "fixedVersion": "helm.toolkit.fluxcd.io/v2"
               }
             ],
             "packageFile": "kubernetes/apps/default/filerun/helmrelease.yaml"
           },
           {
             "deps": [
               {
                 "depName": "Kustomization",
                 "currentValue": "kustomize.toolkit.fluxcd.io/v1",
                 "datasource": "kubernetes-api",
                 "versioning": "kubernetes-api",
                 "updates": [],
                 "packageName": "Kustomization",
                 "warnings": [],
                 "currentVersion": "kustomize.toolkit.fluxcd.io/v1",
                 "fixedVersion": "kustomize.toolkit.fluxcd.io/v1"
               }
             ],
             "packageFile": "kubernetes/apps/default/filerun/ks.yaml"
           },
           {
             "deps": [
               {
                 "depName": "Kustomization",
                 "currentValue": "kustomize.config.k8s.io/v1beta1",
                 "datasource": "kubernetes-api",
                 "versioning": "kubernetes-api",
                 "updates": [],
                 "packageName": "Kustomization",
                 "warnings": [],
                 "currentVersion": "kustomize.config.k8s.io/v1beta1",
                 "fixedVersion": "kustomize.config.k8s.io/v1beta1"
               }
             ],
             "packageFile": "kubernetes/apps/default/filerun/kustomization.yaml"
           },
           {
             "deps": [
               {
                 "depName": "docker-registry1.mariadb.com/library/mariadb",
                 "packageName": "docker-registry1.mariadb.com/library/mariadb",
                 "currentValue": "11.8.2",
                 "replaceString": "docker-registry1.mariadb.com/library/mariadb:11.8.2",
                 "autoReplaceStringTemplate": "{{depName}}{{#if newValue}}:{{newValue}}{{/if}}{{#if newDigest}}@{{newDigest}}{{/if}}",
                 "datasource": "docker",
                 "updates": [
                   {
                     "bucket": "non-major",
                     "newVersion": "11.8.3",
                     "newValue": "11.8.3",
                     "newMajor": 11,
                     "newMinor": 8,
                     "newPatch": 3,
                     "updateType": "patch",
                     "isBreaking": false,
                     "branchName": "renovate/docker-registry1.mariadb.com-library-mariadb-11.x"
                   },
                   {
                     "bucket": "major",
                     "newVersion": "12.0.2",
                     "newValue": "12.0.2",
                     "newMajor": 12,
                     "newMinor": 0,
                     "newPatch": 2,
                     "updateType": "major",
                     "isBreaking": true,
                     "branchName": "renovate/docker-registry1.mariadb.com-library-mariadb-12.x"
                   }
                 ],
                 "versioning": "docker",
                 "warnings": [],
                 "sourceUrl": "https://github.com/MariaDB/mariadb-docker",
                 "registryUrl": "https://docker-registry1.mariadb.com",
                 "homepage": "https://hub.docker.com/_/mariadb",
                 "lookupName": "library/mariadb",
                 "currentVersion": "11.8.2",
                 "isSingleVersion": true,
                 "fixedVersion": "11.8.2"
               }
             ],
             "packageFile": "kubernetes/apps/default/filerun/mariadb.yaml"
           },
           {
             "deps": [
               {
                 "depName": "HelmRelease",
                 "currentValue": "helm.toolkit.fluxcd.io/v2",
                 "datasource": "kubernetes-api",
                 "versioning": "kubernetes-api",
                 "updates": [],
                 "packageName": "HelmRelease",
                 "warnings": [],
                 "currentVersion": "helm.toolkit.fluxcd.io/v2",
                 "fixedVersion": "helm.toolkit.fluxcd.io/v2"
               }
             ],
             "packageFile": "kubernetes/apps/default/homepage/helmrelease.yaml"
           },
           {
             "deps": [
               {
                 "depName": "Kustomization",
                 "currentValue": "kustomize.toolkit.fluxcd.io/v1",
                 "datasource": "kubernetes-api",
                 "versioning": "kubernetes-api",
                 "updates": [],
                 "packageName": "Kustomization",
                 "warnings": [],
                 "currentVersion": "kustomize.toolkit.fluxcd.io/v1",
                 "fixedVersion": "kustomize.toolkit.fluxcd.io/v1"
               }
             ],
             "packageFile": "kubernetes/apps/default/homepage/ks.yaml"
           },
           {
             "deps": [
               {
                 "depName": "Kustomization",
                 "currentValue": "kustomize.config.k8s.io/v1beta1",
                 "datasource": "kubernetes-api",
                 "versioning": "kubernetes-api",
                 "updates": [],
                 "packageName": "Kustomization",
                 "warnings": [],
                 "currentVersion": "kustomize.config.k8s.io/v1beta1",
                 "fixedVersion": "kustomize.config.k8s.io/v1beta1"
               }
             ],
             "packageFile": "kubernetes/apps/default/homepage/kustomization.yaml"
           },
           {
             "deps": [
               {
                 "depName": "HelmRelease",
                 "currentValue": "helm.toolkit.fluxcd.io/v2",
                 "datasource": "kubernetes-api",
                 "versioning": "kubernetes-api",
                 "updates": [],
                 "packageName": "HelmRelease",
                 "warnings": [],
                 "currentVersion": "helm.toolkit.fluxcd.io/v2",
                 "fixedVersion": "helm.toolkit.fluxcd.io/v2"
               }
             ],
             "packageFile": "kubernetes/apps/default/immich/helmrelease.yaml"
           },
           {
             "deps": [
               {
                 "depName": "Kustomization",
                 "currentValue": "kustomize.toolkit.fluxcd.io/v1",
                 "datasource": "kubernetes-api",
                 "versioning": "kubernetes-api",
                 "updates": [],
                 "packageName": "Kustomization",
                 "warnings": [],
                 "currentVersion": "kustomize.toolkit.fluxcd.io/v1",
                 "fixedVersion": "kustomize.toolkit.fluxcd.io/v1"
               }
             ],
             "packageFile": "kubernetes/apps/default/immich/ks.yaml"
           },
           {
             "deps": [
               {
                 "depName": "Kustomization",
                 "currentValue": "kustomize.config.k8s.io/v1beta1",
                 "datasource": "kubernetes-api",
                 "versioning": "kubernetes-api",
                 "updates": [],
                 "packageName": "Kustomization",
                 "warnings": [],
                 "currentVersion": "kustomize.config.k8s.io/v1beta1",
                 "fixedVersion": "kustomize.config.k8s.io/v1beta1"
               }
             ],
             "packageFile": "kubernetes/apps/default/immich/kustomization.yaml"
           },
           {
             "deps": [
               {
                 "depName": "Kustomization",
                 "currentValue": "kustomize.config.k8s.io/v1beta1",
                 "datasource": "kubernetes-api",
                 "versioning": "kubernetes-api",
                 "updates": [],
                 "packageName": "Kustomization",
                 "warnings": [],
                 "currentVersion": "kustomize.config.k8s.io/v1beta1",
                 "fixedVersion": "kustomize.config.k8s.io/v1beta1"
               }
             ],
             "packageFile": "kubernetes/apps/default/kustomization.yaml"
           },
           {
             "deps": [
               {
                 "depName": "HelmRelease",
                 "currentValue": "helm.toolkit.fluxcd.io/v2",
                 "datasource": "kubernetes-api",
                 "versioning": "kubernetes-api",
                 "updates": [],
                 "packageName": "HelmRelease",
                 "warnings": [],
                 "currentVersion": "helm.toolkit.fluxcd.io/v2",
                 "fixedVersion": "helm.toolkit.fluxcd.io/v2"
               }
             ],
             "packageFile": "kubernetes/apps/default/mcp-memory-service/helmrelease.yaml"
           },
           {
             "deps": [
               {
                 "depName": "Kustomization",
                 "currentValue": "kustomize.toolkit.fluxcd.io/v1",
                 "datasource": "kubernetes-api",
                 "versioning": "kubernetes-api",
                 "updates": [],
                 "packageName": "Kustomization",
                 "warnings": [],
                 "currentVersion": "kustomize.toolkit.fluxcd.io/v1",
                 "fixedVersion": "kustomize.toolkit.fluxcd.io/v1"
               }
             ],
             "packageFile": "kubernetes/apps/default/mcp-memory-service/ks.yaml"
           },
           {
             "deps": [
               {
                 "depName": "Kustomization",
                 "currentValue": "kustomize.config.k8s.io/v1beta1",
                 "datasource": "kubernetes-api",
                 "versioning": "kubernetes-api",
                 "updates": [],
                 "packageName": "Kustomization",
                 "warnings": [],
                 "currentVersion": "kustomize.config.k8s.io/v1beta1",
                 "fixedVersion": "kustomize.config.k8s.io/v1beta1"
               }
             ],
             "packageFile": "kubernetes/apps/default/mcp-memory-service/kustomization.yaml"
           },
           {
             "deps": [
               {
                 "depName": "HelmRelease",
                 "currentValue": "helm.toolkit.fluxcd.io/v2",
                 "datasource": "kubernetes-api",
                 "versioning": "kubernetes-api",
                 "updates": [],
                 "packageName": "HelmRelease",
                 "warnings": [],
                 "currentVersion": "helm.toolkit.fluxcd.io/v2",
                 "fixedVersion": "helm.toolkit.fluxcd.io/v2"
               }
             ],
             "packageFile": "kubernetes/apps/default/silverbullet/helmrelease.yaml"
           },
           {
             "deps": [
               {
                 "depName": "Kustomization",
                 "currentValue": "kustomize.toolkit.fluxcd.io/v1",
                 "datasource": "kubernetes-api",
                 "versioning": "kubernetes-api",
                 "updates": [],
                 "packageName": "Kustomization",
                 "warnings": [],
                 "currentVersion": "kustomize.toolkit.fluxcd.io/v1",
                 "fixedVersion": "kustomize.toolkit.fluxcd.io/v1"
               }
             ],
             "packageFile": "kubernetes/apps/default/silverbullet/ks.yaml"
           },
           {
             "deps": [
               {
                 "depName": "Kustomization",
                 "currentValue": "kustomize.config.k8s.io/v1beta1",
                 "datasource": "kubernetes-api",
                 "versioning": "kubernetes-api",
                 "updates": [],
                 "packageName": "Kustomization",
                 "warnings": [],
                 "currentVersion": "kustomize.config.k8s.io/v1beta1",
                 "fixedVersion": "kustomize.config.k8s.io/v1beta1"
               }
             ],
             "packageFile": "kubernetes/apps/default/silverbullet/kustomization.yaml"
           },
           {
             "deps": [
               {
                 "depName": "HelmRelease",
                 "currentValue": "helm.toolkit.fluxcd.io/v2",
                 "datasource": "kubernetes-api",
                 "versioning": "kubernetes-api",
                 "updates": [],
                 "packageName": "HelmRelease",
                 "warnings": [],
                 "currentVersion": "helm.toolkit.fluxcd.io/v2",
                 "fixedVersion": "helm.toolkit.fluxcd.io/v2"
               }
             ],
             "packageFile": "kubernetes/apps/dns-private/adguard-home-sync/helmrelease.yaml"
           },
           {
             "deps": [
               {
                 "depName": "Kustomization",
                 "currentValue": "kustomize.toolkit.fluxcd.io/v1",
                 "datasource": "kubernetes-api",
                 "versioning": "kubernetes-api",
                 "updates": [],
                 "packageName": "Kustomization",
                 "warnings": [],
                 "currentVersion": "kustomize.toolkit.fluxcd.io/v1",
                 "fixedVersion": "kustomize.toolkit.fluxcd.io/v1"
               }
             ],
             "packageFile": "kubernetes/apps/dns-private/adguard-home-sync/ks.yaml"
           },
           {
             "deps": [
               {
                 "depName": "Kustomization",
                 "currentValue": "kustomize.config.k8s.io/v1beta1",
                 "datasource": "kubernetes-api",
                 "versioning": "kubernetes-api",
                 "updates": [],
                 "packageName": "Kustomization",
                 "warnings": [],
                 "currentVersion": "kustomize.config.k8s.io/v1beta1",
                 "fixedVersion": "kustomize.config.k8s.io/v1beta1"
               }
             ],
             "packageFile": "kubernetes/apps/dns-private/adguard-home-sync/kustomization.yaml"
           },
           {
             "deps": [
               {
                 "depName": "HelmRelease",
                 "currentValue": "helm.toolkit.fluxcd.io/v2",
                 "datasource": "kubernetes-api",
                 "versioning": "kubernetes-api",
                 "updates": [],
                 "packageName": "HelmRelease",
                 "warnings": [],
                 "currentVersion": "helm.toolkit.fluxcd.io/v2",
                 "fixedVersion": "helm.toolkit.fluxcd.io/v2"
               }
             ],
             "packageFile": "kubernetes/apps/dns-private/adguard-home/helmrelease.yaml"
           },
           {
             "deps": [
               {
                 "depName": "Kustomization",
                 "currentValue": "kustomize.toolkit.fluxcd.io/v1",
                 "datasource": "kubernetes-api",
                 "versioning": "kubernetes-api",
                 "updates": [],
                 "packageName": "Kustomization",
                 "warnings": [],
                 "currentVersion": "kustomize.toolkit.fluxcd.io/v1",
                 "fixedVersion": "kustomize.toolkit.fluxcd.io/v1"
               }
             ],
             "packageFile": "kubernetes/apps/dns-private/adguard-home/ks.yaml"
           },
           {
             "deps": [
               {
                 "depName": "Kustomization",
                 "currentValue": "kustomize.config.k8s.io/v1beta1",
                 "datasource": "kubernetes-api",
                 "versioning": "kubernetes-api",
                 "updates": [],
                 "packageName": "Kustomization",
                 "warnings": [],
                 "currentVersion": "kustomize.config.k8s.io/v1beta1",
                 "fixedVersion": "kustomize.config.k8s.io/v1beta1"
               }
             ],
             "packageFile": "kubernetes/apps/dns-private/adguard-home/kustomization.yaml"
           },
           {
             "deps": [
               {
                 "depName": "Kustomization",
                 "currentValue": "kustomize.toolkit.fluxcd.io/v1",
                 "datasource": "kubernetes-api",
                 "versioning": "kubernetes-api",
                 "updates": [],
                 "packageName": "Kustomization",
                 "warnings": [],
                 "currentVersion": "kustomize.toolkit.fluxcd.io/v1",
                 "fixedVersion": "kustomize.toolkit.fluxcd.io/v1"
               }
             ],
             "packageFile": "kubernetes/apps/dns-private/dns-gateway/ks.yaml"
           },
           {
             "deps": [
               {
                 "depName": "Kustomization",
                 "currentValue": "kustomize.config.k8s.io/v1beta1",
                 "datasource": "kubernetes-api",
                 "versioning": "kubernetes-api",
                 "updates": [],
                 "packageName": "Kustomization",
                 "warnings": [],
                 "currentVersion": "kustomize.config.k8s.io/v1beta1",
                 "fixedVersion": "kustomize.config.k8s.io/v1beta1"
               }
             ],
             "packageFile": "kubernetes/apps/dns-private/dns-gateway/kustomization.yaml"
           },
           {
             "deps": [
               {
                 "depName": "HelmRelease",
                 "currentValue": "helm.toolkit.fluxcd.io/v2",
                 "datasource": "kubernetes-api",
                 "versioning": "kubernetes-api",
                 "updates": [],
                 "packageName": "HelmRelease",
                 "warnings": [],
                 "currentVersion": "helm.toolkit.fluxcd.io/v2",
                 "fixedVersion": "helm.toolkit.fluxcd.io/v2"
               }
             ],
             "packageFile": "kubernetes/apps/dns-private/external-dns/helmrelease.yaml"
           },
           {
             "deps": [
               {
                 "depName": "Kustomization",
                 "currentValue": "kustomize.toolkit.fluxcd.io/v1",
                 "datasource": "kubernetes-api",
                 "versioning": "kubernetes-api",
                 "updates": [],
                 "packageName": "Kustomization",
                 "warnings": [],
                 "currentVersion": "kustomize.toolkit.fluxcd.io/v1",
                 "fixedVersion": "kustomize.toolkit.fluxcd.io/v1"
               }
             ],
             "packageFile": "kubernetes/apps/dns-private/external-dns/ks.yaml"
           },
           {
             "deps": [
               {
                 "depName": "Kustomization",
                 "currentValue": "kustomize.config.k8s.io/v1beta1",
                 "datasource": "kubernetes-api",
                 "versioning": "kubernetes-api",
                 "updates": [],
                 "packageName": "Kustomization",
                 "warnings": [],
                 "currentVersion": "kustomize.config.k8s.io/v1beta1",
                 "fixedVersion": "kustomize.config.k8s.io/v1beta1"
               }
             ],
             "packageFile": "kubernetes/apps/dns-private/external-dns/kustomization.yaml"
           },
           {
             "deps": [
               {
                 "depName": "Kustomization",
                 "currentValue": "kustomize.config.k8s.io/v1beta1",
                 "datasource": "kubernetes-api",
                 "versioning": "kubernetes-api",
                 "updates": [],
                 "packageName": "Kustomization",
                 "warnings": [],
                 "currentVersion": "kustomize.config.k8s.io/v1beta1",
                 "fixedVersion": "kustomize.config.k8s.io/v1beta1"
               }
             ],
             "packageFile": "kubernetes/apps/dns-private/kustomization.yaml"
           },
           {
             "deps": [
               {
                 "depName": "Kustomization",
                 "currentValue": "kustomize.toolkit.fluxcd.io/v1",
                 "datasource": "kubernetes-api",
                 "versioning": "kubernetes-api",
                 "updates": [],
                 "packageName": "Kustomization",
                 "warnings": [],
                 "currentVersion": "kustomize.toolkit.fluxcd.io/v1",
                 "fixedVersion": "kustomize.toolkit.fluxcd.io/v1"
               }
             ],
             "packageFile": "kubernetes/apps/dns-private/secret/ks.yaml"
           },
           {
             "deps": [
               {
                 "depName": "Kustomization",
                 "currentValue": "kustomize.config.k8s.io/v1beta1",
                 "datasource": "kubernetes-api",
                 "versioning": "kubernetes-api",
                 "updates": [],
                 "packageName": "Kustomization",
                 "warnings": [],
                 "currentVersion": "kustomize.config.k8s.io/v1beta1",
                 "fixedVersion": "kustomize.config.k8s.io/v1beta1"
               }
             ],
             "packageFile": "kubernetes/apps/dns-private/secret/kustomization.yaml"
           },
           {
             "deps": [
               {
                 "depName": "OCIRepository",
                 "currentValue": "source.toolkit.fluxcd.io/v1",
                 "datasource": "kubernetes-api",
                 "versioning": "kubernetes-api",
                 "updates": [],
                 "packageName": "OCIRepository",
                 "warnings": [],
                 "currentVersion": "source.toolkit.fluxcd.io/v1",
                 "fixedVersion": "source.toolkit.fluxcd.io/v1"
               },
               {
                 "depName": "HelmRelease",
                 "currentValue": "helm.toolkit.fluxcd.io/v2",
                 "datasource": "kubernetes-api",
                 "versioning": "kubernetes-api",
                 "updates": [],
                 "packageName": "HelmRelease",
                 "warnings": [],
                 "currentVersion": "helm.toolkit.fluxcd.io/v2",
                 "fixedVersion": "helm.toolkit.fluxcd.io/v2"
               }
             ],
             "packageFile": "kubernetes/apps/flux-system/flux-instance/helmrelease.yaml"
           },
           {
             "deps": [
               {
                 "depName": "Kustomization",
                 "currentValue": "kustomize.toolkit.fluxcd.io/v1",
                 "datasource": "kubernetes-api",
                 "versioning": "kubernetes-api",
                 "updates": [],
                 "packageName": "Kustomization",
                 "warnings": [],
                 "currentVersion": "kustomize.toolkit.fluxcd.io/v1",
                 "fixedVersion": "kustomize.toolkit.fluxcd.io/v1"
               }
             ],
             "packageFile": "kubernetes/apps/flux-system/flux-instance/ks.yaml"
           },
           {
             "deps": [
               {
                 "depName": "Kustomization",
                 "currentValue": "kustomize.config.k8s.io/v1beta1",
                 "datasource": "kubernetes-api",
                 "versioning": "kubernetes-api",
                 "updates": [],
                 "packageName": "Kustomization",
                 "warnings": [],
                 "currentVersion": "kustomize.config.k8s.io/v1beta1",
                 "fixedVersion": "kustomize.config.k8s.io/v1beta1"
               }
             ],
             "packageFile": "kubernetes/apps/flux-system/flux-instance/kustomization.yaml"
           },
           {
             "deps": [
               {
                 "depName": "Receiver",
                 "currentValue": "notification.toolkit.fluxcd.io/v1",
                 "datasource": "kubernetes-api",
                 "versioning": "kubernetes-api",
                 "updates": [],
                 "packageName": "Receiver",
                 "warnings": [],
                 "currentVersion": "notification.toolkit.fluxcd.io/v1",
                 "fixedVersion": "notification.toolkit.fluxcd.io/v1"
               }
             ],
             "packageFile": "kubernetes/apps/flux-system/flux-instance/receiver.yaml"
           },
           {
             "deps": [
               {
                 "depName": "OCIRepository",
                 "currentValue": "source.toolkit.fluxcd.io/v1",
                 "datasource": "kubernetes-api",
                 "versioning": "kubernetes-api",
                 "updates": [],
                 "packageName": "OCIRepository",
                 "warnings": [],
                 "currentVersion": "source.toolkit.fluxcd.io/v1",
                 "fixedVersion": "source.toolkit.fluxcd.io/v1"
               },
               {
                 "depName": "HelmRelease",
                 "currentValue": "helm.toolkit.fluxcd.io/v2",
                 "datasource": "kubernetes-api",
                 "versioning": "kubernetes-api",
                 "updates": [],
                 "packageName": "HelmRelease",
                 "warnings": [],
                 "currentVersion": "helm.toolkit.fluxcd.io/v2",
                 "fixedVersion": "helm.toolkit.fluxcd.io/v2"
               }
             ],
             "packageFile": "kubernetes/apps/flux-system/flux-operator/helmrelease.yaml"
           },
           {
             "deps": [
               {
                 "depName": "Kustomization",
                 "currentValue": "kustomize.toolkit.fluxcd.io/v1",
                 "datasource": "kubernetes-api",
                 "versioning": "kubernetes-api",
                 "updates": [],
                 "packageName": "Kustomization",
                 "warnings": [],
                 "currentVersion": "kustomize.toolkit.fluxcd.io/v1",
                 "fixedVersion": "kustomize.toolkit.fluxcd.io/v1"
               }
             ],
             "packageFile": "kubernetes/apps/flux-system/flux-operator/ks.yaml"
           },
           {
             "deps": [
               {
                 "depName": "Kustomization",
                 "currentValue": "kustomize.config.k8s.io/v1beta1",
                 "datasource": "kubernetes-api",
                 "versioning": "kubernetes-api",
                 "updates": [],
                 "packageName": "Kustomization",
                 "warnings": [],
                 "currentVersion": "kustomize.config.k8s.io/v1beta1",
                 "fixedVersion": "kustomize.config.k8s.io/v1beta1"
               }
             ],
             "packageFile": "kubernetes/apps/flux-system/flux-operator/kustomization.yaml"
           },
           {
             "deps": [
               {
                 "depName": "Kustomization",
                 "currentValue": "kustomize.config.k8s.io/v1beta1",
                 "datasource": "kubernetes-api",
                 "versioning": "kubernetes-api",
                 "updates": [],
                 "packageName": "Kustomization",
                 "warnings": [],
                 "currentVersion": "kustomize.config.k8s.io/v1beta1",
                 "fixedVersion": "kustomize.config.k8s.io/v1beta1"
               }
             ],
             "packageFile": "kubernetes/apps/flux-system/kustomization.yaml"
           },
           {
             "deps": [
               {
                 "depName": "HelmRepository",
                 "currentValue": "source.toolkit.fluxcd.io/v1",
                 "datasource": "kubernetes-api",
                 "versioning": "kubernetes-api",
                 "updates": [],
                 "packageName": "HelmRepository",
                 "warnings": [],
                 "currentVersion": "source.toolkit.fluxcd.io/v1",
                 "fixedVersion": "source.toolkit.fluxcd.io/v1"
               },
               {
                 "depName": "HelmRelease",
                 "currentValue": "helm.toolkit.fluxcd.io/v2",
                 "datasource": "kubernetes-api",
                 "versioning": "kubernetes-api",
                 "updates": [],
                 "packageName": "HelmRelease",
                 "warnings": [],
                 "currentVersion": "helm.toolkit.fluxcd.io/v2",
                 "fixedVersion": "helm.toolkit.fluxcd.io/v2"
               }
             ],
             "packageFile": "kubernetes/apps/kube-system/cilium/helmrelease.yaml"
           },
           {
             "deps": [
               {
                 "depName": "Kustomization",
                 "currentValue": "kustomize.toolkit.fluxcd.io/v1",
                 "datasource": "kubernetes-api",
                 "versioning": "kubernetes-api",
                 "updates": [],
                 "packageName": "Kustomization",
                 "warnings": [],
                 "currentVersion": "kustomize.toolkit.fluxcd.io/v1",
                 "fixedVersion": "kustomize.toolkit.fluxcd.io/v1"
               }
             ],
             "packageFile": "kubernetes/apps/kube-system/cilium/ks.yaml"
           },
           {
             "deps": [
               {
                 "depName": "Kustomization",
                 "currentValue": "kustomize.config.k8s.io/v1beta1",
                 "datasource": "kubernetes-api",
                 "versioning": "kubernetes-api",
                 "updates": [],
                 "packageName": "Kustomization",
                 "warnings": [],
                 "currentVersion": "kustomize.config.k8s.io/v1beta1",
                 "fixedVersion": "kustomize.config.k8s.io/v1beta1"
               }
             ],
             "packageFile": "kubernetes/apps/kube-system/cilium/kustomization.yaml"
           },
           {
             "deps": [
               {
                 "depName": "HelmRepository",
                 "currentValue": "source.toolkit.fluxcd.io/v1",
                 "datasource": "kubernetes-api",
                 "versioning": "kubernetes-api",
                 "updates": [],
                 "packageName": "HelmRepository",
                 "warnings": [],
                 "currentVersion": "source.toolkit.fluxcd.io/v1",
                 "fixedVersion": "source.toolkit.fluxcd.io/v1"
               },
               {
                 "depName": "HelmRelease",
                 "currentValue": "helm.toolkit.fluxcd.io/v2",
                 "datasource": "kubernetes-api",
                 "versioning": "kubernetes-api",
                 "updates": [],
                 "packageName": "HelmRelease",
                 "warnings": [],
                 "currentVersion": "helm.toolkit.fluxcd.io/v2",
                 "fixedVersion": "helm.toolkit.fluxcd.io/v2"
               }
             ],
             "packageFile": "kubernetes/apps/kube-system/cloudnative-pg/helmrelease.yaml"
           },
           {
             "deps": [
               {
                 "depName": "Kustomization",
                 "currentValue": "kustomize.toolkit.fluxcd.io/v1",
                 "datasource": "kubernetes-api",
                 "versioning": "kubernetes-api",
                 "updates": [],
                 "packageName": "Kustomization",
                 "warnings": [],
                 "currentVersion": "kustomize.toolkit.fluxcd.io/v1",
                 "fixedVersion": "kustomize.toolkit.fluxcd.io/v1"
               }
             ],
             "packageFile": "kubernetes/apps/kube-system/cloudnative-pg/ks.yaml"
           },
           {
             "deps": [
               {
                 "depName": "Kustomization",
                 "currentValue": "kustomize.config.k8s.io/v1beta1",
                 "datasource": "kubernetes-api",
                 "versioning": "kubernetes-api",
                 "updates": [],
                 "packageName": "Kustomization",
                 "warnings": [],
                 "currentVersion": "kustomize.config.k8s.io/v1beta1",
                 "fixedVersion": "kustomize.config.k8s.io/v1beta1"
               }
             ],
             "packageFile": "kubernetes/apps/kube-system/cloudnative-pg/kustomization.yaml"
           },
           {
             "deps": [
               {
                 "depName": "OCIRepository",
                 "currentValue": "source.toolkit.fluxcd.io/v1",
                 "datasource": "kubernetes-api",
                 "versioning": "kubernetes-api",
                 "updates": [],
                 "packageName": "OCIRepository",
                 "warnings": [],
                 "currentVersion": "source.toolkit.fluxcd.io/v1",
                 "fixedVersion": "source.toolkit.fluxcd.io/v1"
               },
               {
                 "depName": "HelmRelease",
                 "currentValue": "helm.toolkit.fluxcd.io/v2",
                 "datasource": "kubernetes-api",
                 "versioning": "kubernetes-api",
                 "updates": [],
                 "packageName": "HelmRelease",
                 "warnings": [],
                 "currentVersion": "helm.toolkit.fluxcd.io/v2",
                 "fixedVersion": "helm.toolkit.fluxcd.io/v2"
               }
             ],
             "packageFile": "kubernetes/apps/kube-system/coredns/helmrelease.yaml"
           },
           {
             "deps": [
               {
                 "depName": "Kustomization",
                 "currentValue": "kustomize.toolkit.fluxcd.io/v1",
                 "datasource": "kubernetes-api",
                 "versioning": "kubernetes-api",
                 "updates": [],
                 "packageName": "Kustomization",
                 "warnings": [],
                 "currentVersion": "kustomize.toolkit.fluxcd.io/v1",
                 "fixedVersion": "kustomize.toolkit.fluxcd.io/v1"
               }
             ],
             "packageFile": "kubernetes/apps/kube-system/coredns/ks.yaml"
           },
           {
             "deps": [
               {
                 "depName": "Kustomization",
                 "currentValue": "kustomize.config.k8s.io/v1beta1",
                 "datasource": "kubernetes-api",
                 "versioning": "kubernetes-api",
                 "updates": [],
                 "packageName": "Kustomization",
                 "warnings": [],
                 "currentVersion": "kustomize.config.k8s.io/v1beta1",
                 "fixedVersion": "kustomize.config.k8s.io/v1beta1"
               }
             ],
             "packageFile": "kubernetes/apps/kube-system/coredns/kustomization.yaml"
           },
           {
             "deps": [
               {
                 "depName": "intel/intel-gpu-plugin",
                 "packageName": "intel/intel-gpu-plugin",
                 "currentValue": "0.34.0",
                 "replaceString": "intel/intel-gpu-plugin:0.34.0",
                 "autoReplaceStringTemplate": "{{depName}}{{#if newValue}}:{{newValue}}{{/if}}{{#if newDigest}}@{{newDigest}}{{/if}}",
                 "datasource": "docker",
                 "updates": [],
                 "versioning": "docker",
                 "warnings": [],
                 "sourceUrl": "https://github.com/intel/intel-device-plugins-for-kubernetes",
                 "registryUrl": "https://index.docker.io",
                 "currentVersion": "0.34.0",
                 "currentVersionTimestamp": "2025-09-11T13:59:06.564Z",
                 "currentVersionAgeInDays": 9,
                 "fixedVersion": "0.34.0"
               }
             ],
             "packageFile": "kubernetes/apps/kube-system/intel-gpu-plugin/gpu-device-plugin.yaml"
           },
           {
             "deps": [
               {
                 "depName": "HelmRelease",
                 "currentValue": "helm.toolkit.fluxcd.io/v2",
                 "datasource": "kubernetes-api",
                 "versioning": "kubernetes-api",
                 "updates": [],
                 "packageName": "HelmRelease",
                 "warnings": [],
                 "currentVersion": "helm.toolkit.fluxcd.io/v2",
                 "fixedVersion": "helm.toolkit.fluxcd.io/v2"
               }
             ],
             "packageFile": "kubernetes/apps/kube-system/intel-gpu-plugin/helmrelease.yaml"
           },
           {
             "deps": [
               {
                 "depName": "Kustomization",
                 "currentValue": "kustomize.toolkit.fluxcd.io/v1",
                 "datasource": "kubernetes-api",
                 "versioning": "kubernetes-api",
                 "updates": [],
                 "packageName": "Kustomization",
                 "warnings": [],
                 "currentVersion": "kustomize.toolkit.fluxcd.io/v1",
                 "fixedVersion": "kustomize.toolkit.fluxcd.io/v1"
               }
             ],
             "packageFile": "kubernetes/apps/kube-system/intel-gpu-plugin/ks.yaml"
           },
           {
             "deps": [
               {
                 "depName": "Kustomization",
                 "currentValue": "kustomize.config.k8s.io/v1beta1",
                 "datasource": "kubernetes-api",
                 "versioning": "kubernetes-api",
                 "updates": [],
                 "packageName": "Kustomization",
                 "warnings": [],
                 "currentVersion": "kustomize.config.k8s.io/v1beta1",
                 "fixedVersion": "kustomize.config.k8s.io/v1beta1"
               }
             ],
             "packageFile": "kubernetes/apps/kube-system/intel-gpu-plugin/kustomization.yaml"
           },
           {
             "deps": [
               {
                 "depName": "Kustomization",
                 "currentValue": "kustomize.config.k8s.io/v1beta1",
                 "datasource": "kubernetes-api",
                 "versioning": "kubernetes-api",
                 "updates": [],
                 "packageName": "Kustomization",
                 "warnings": [],
                 "currentVersion": "kustomize.config.k8s.io/v1beta1",
                 "fixedVersion": "kustomize.config.k8s.io/v1beta1"
               }
             ],
             "packageFile": "kubernetes/apps/kube-system/kustomization.yaml"
           },
           {
             "deps": [
               {
                 "depName": "HelmRepository",
                 "currentValue": "source.toolkit.fluxcd.io/v1",
                 "datasource": "kubernetes-api",
                 "versioning": "kubernetes-api",
                 "updates": [],
                 "packageName": "HelmRepository",
                 "warnings": [],
                 "currentVersion": "source.toolkit.fluxcd.io/v1",
                 "fixedVersion": "source.toolkit.fluxcd.io/v1"
               },
               {
                 "depName": "HelmRelease",
                 "currentValue": "helm.toolkit.fluxcd.io/v2",
                 "datasource": "kubernetes-api",
                 "versioning": "kubernetes-api",
                 "updates": [],
                 "packageName": "HelmRelease",
                 "warnings": [],
                 "currentVersion": "helm.toolkit.fluxcd.io/v2",
                 "fixedVersion": "helm.toolkit.fluxcd.io/v2"
               },
               {
                 "depName": "HelmRelease",
                 "currentValue": "helm.toolkit.fluxcd.io/v2",
                 "datasource": "kubernetes-api",
                 "versioning": "kubernetes-api",
                 "updates": [],
                 "packageName": "HelmRelease",
                 "warnings": [],
                 "currentVersion": "helm.toolkit.fluxcd.io/v2",
                 "fixedVersion": "helm.toolkit.fluxcd.io/v2"
               }
             ],
             "packageFile": "kubernetes/apps/kube-system/mariadb-operator/helmrelease.yaml"
           },
           {
             "deps": [
               {
                 "depName": "Kustomization",
                 "currentValue": "kustomize.toolkit.fluxcd.io/v1",
                 "datasource": "kubernetes-api",
                 "versioning": "kubernetes-api",
                 "updates": [],
                 "packageName": "Kustomization",
                 "warnings": [],
                 "currentVersion": "kustomize.toolkit.fluxcd.io/v1",
                 "fixedVersion": "kustomize.toolkit.fluxcd.io/v1"
               }
             ],
             "packageFile": "kubernetes/apps/kube-system/mariadb-operator/ks.yaml"
           },
           {
             "deps": [
               {
                 "depName": "Kustomization",
                 "currentValue": "kustomize.config.k8s.io/v1beta1",
                 "datasource": "kubernetes-api",
                 "versioning": "kubernetes-api",
                 "updates": [],
                 "packageName": "Kustomization",
                 "warnings": [],
                 "currentVersion": "kustomize.config.k8s.io/v1beta1",
                 "fixedVersion": "kustomize.config.k8s.io/v1beta1"
               }
             ],
             "packageFile": "kubernetes/apps/kube-system/mariadb-operator/kustomization.yaml"
           },
           {
             "deps": [
               {
                 "depName": "HelmRepository",
                 "currentValue": "source.toolkit.fluxcd.io/v1",
                 "datasource": "kubernetes-api",
                 "versioning": "kubernetes-api",
                 "updates": [],
                 "packageName": "HelmRepository",
                 "warnings": [],
                 "currentVersion": "source.toolkit.fluxcd.io/v1",
                 "fixedVersion": "source.toolkit.fluxcd.io/v1"
               },
               {
                 "depName": "HelmRelease",
                 "currentValue": "helm.toolkit.fluxcd.io/v2",
                 "datasource": "kubernetes-api",
                 "versioning": "kubernetes-api",
                 "updates": [],
                 "packageName": "HelmRelease",
                 "warnings": [],
                 "currentVersion": "helm.toolkit.fluxcd.io/v2",
                 "fixedVersion": "helm.toolkit.fluxcd.io/v2"
               }
             ],
             "packageFile": "kubernetes/apps/kube-system/metrics-server/helmrelease.yaml"
           },
           {
             "deps": [
               {
                 "depName": "Kustomization",
                 "currentValue": "kustomize.toolkit.fluxcd.io/v1",
                 "datasource": "kubernetes-api",
                 "versioning": "kubernetes-api",
                 "updates": [],
                 "packageName": "Kustomization",
                 "warnings": [],
                 "currentVersion": "kustomize.toolkit.fluxcd.io/v1",
                 "fixedVersion": "kustomize.toolkit.fluxcd.io/v1"
               }
             ],
             "packageFile": "kubernetes/apps/kube-system/metrics-server/ks.yaml"
           },
           {
             "deps": [
               {
                 "depName": "Kustomization",
                 "currentValue": "kustomize.config.k8s.io/v1beta1",
                 "datasource": "kubernetes-api",
                 "versioning": "kubernetes-api",
                 "updates": [],
                 "packageName": "Kustomization",
                 "warnings": [],
                 "currentVersion": "kustomize.config.k8s.io/v1beta1",
                 "fixedVersion": "kustomize.config.k8s.io/v1beta1"
               }
             ],
             "packageFile": "kubernetes/apps/kube-system/metrics-server/kustomization.yaml"
           },
           {
             "deps": [
               {
                 "depName": "HelmRelease",
                 "currentValue": "helm.toolkit.fluxcd.io/v2",
                 "datasource": "kubernetes-api",
                 "versioning": "kubernetes-api",
                 "updates": [],
                 "packageName": "HelmRelease",
                 "warnings": [],
                 "currentVersion": "helm.toolkit.fluxcd.io/v2",
                 "fixedVersion": "helm.toolkit.fluxcd.io/v2"
               }
             ],
             "packageFile": "kubernetes/apps/kube-system/node-feature-discovery/helmrelease.yaml"
           },
           {
             "deps": [
               {
                 "depName": "Kustomization",
                 "currentValue": "kustomize.toolkit.fluxcd.io/v1",
                 "datasource": "kubernetes-api",
                 "versioning": "kubernetes-api",
                 "updates": [],
                 "packageName": "Kustomization",
                 "warnings": [],
                 "currentVersion": "kustomize.toolkit.fluxcd.io/v1",
                 "fixedVersion": "kustomize.toolkit.fluxcd.io/v1"
               }
             ],
             "packageFile": "kubernetes/apps/kube-system/node-feature-discovery/ks.yaml"
           },
           {
             "deps": [
               {
                 "depName": "Kustomization",
                 "currentValue": "kustomize.config.k8s.io/v1beta1",
                 "datasource": "kubernetes-api",
                 "versioning": "kubernetes-api",
                 "updates": [],
                 "packageName": "Kustomization",
                 "warnings": [],
                 "currentVersion": "kustomize.config.k8s.io/v1beta1",
                 "fixedVersion": "kustomize.config.k8s.io/v1beta1"
               }
             ],
             "packageFile": "kubernetes/apps/kube-system/node-feature-discovery/kustomization.yaml"
           },
           {
             "deps": [
               {
                 "depName": "OCIRepository",
                 "currentValue": "source.toolkit.fluxcd.io/v1",
                 "datasource": "kubernetes-api",
                 "versioning": "kubernetes-api",
                 "updates": [],
                 "packageName": "OCIRepository",
                 "warnings": [],
                 "currentVersion": "source.toolkit.fluxcd.io/v1",
                 "fixedVersion": "source.toolkit.fluxcd.io/v1"
               },
               {
                 "depName": "HelmRelease",
                 "currentValue": "helm.toolkit.fluxcd.io/v2",
                 "datasource": "kubernetes-api",
                 "versioning": "kubernetes-api",
                 "updates": [],
                 "packageName": "HelmRelease",
                 "warnings": [],
                 "currentVersion": "helm.toolkit.fluxcd.io/v2",
                 "fixedVersion": "helm.toolkit.fluxcd.io/v2"
               }
             ],
             "packageFile": "kubernetes/apps/kube-system/reloader/helmrelease.yaml"
           },
           {
             "deps": [
               {
                 "depName": "Kustomization",
                 "currentValue": "kustomize.toolkit.fluxcd.io/v1",
                 "datasource": "kubernetes-api",
                 "versioning": "kubernetes-api",
                 "updates": [],
                 "packageName": "Kustomization",
                 "warnings": [],
                 "currentVersion": "kustomize.toolkit.fluxcd.io/v1",
                 "fixedVersion": "kustomize.toolkit.fluxcd.io/v1"
               }
             ],
             "packageFile": "kubernetes/apps/kube-system/reloader/ks.yaml"
           },
           {
             "deps": [
               {
                 "depName": "Kustomization",
                 "currentValue": "kustomize.config.k8s.io/v1beta1",
                 "datasource": "kubernetes-api",
                 "versioning": "kubernetes-api",
                 "updates": [],
                 "packageName": "Kustomization",
                 "warnings": [],
                 "currentVersion": "kustomize.config.k8s.io/v1beta1",
                 "fixedVersion": "kustomize.config.k8s.io/v1beta1"
               }
             ],
             "packageFile": "kubernetes/apps/kube-system/reloader/kustomization.yaml"
           },
           {
             "deps": [
               {
                 "depName": "OCIRepository",
                 "currentValue": "source.toolkit.fluxcd.io/v1",
                 "datasource": "kubernetes-api",
                 "versioning": "kubernetes-api",
                 "updates": [],
                 "packageName": "OCIRepository",
                 "warnings": [],
                 "currentVersion": "source.toolkit.fluxcd.io/v1",
                 "fixedVersion": "source.toolkit.fluxcd.io/v1"
               },
               {
                 "depName": "HelmRelease",
                 "currentValue": "helm.toolkit.fluxcd.io/v2",
                 "datasource": "kubernetes-api",
                 "versioning": "kubernetes-api",
                 "updates": [],
                 "packageName": "HelmRelease",
                 "warnings": [],
                 "currentVersion": "helm.toolkit.fluxcd.io/v2",
                 "fixedVersion": "helm.toolkit.fluxcd.io/v2"
               }
             ],
             "packageFile": "kubernetes/apps/kube-system/spegel/helmrelease.yaml"
           },
           {
             "deps": [
               {
                 "depName": "Kustomization",
                 "currentValue": "kustomize.toolkit.fluxcd.io/v1",
                 "datasource": "kubernetes-api",
                 "versioning": "kubernetes-api",
                 "updates": [],
                 "packageName": "Kustomization",
                 "warnings": [],
                 "currentVersion": "kustomize.toolkit.fluxcd.io/v1",
                 "fixedVersion": "kustomize.toolkit.fluxcd.io/v1"
               }
             ],
             "packageFile": "kubernetes/apps/kube-system/spegel/ks.yaml"
           },
           {
             "deps": [
               {
                 "depName": "Kustomization",
                 "currentValue": "kustomize.config.k8s.io/v1beta1",
                 "datasource": "kubernetes-api",
                 "versioning": "kubernetes-api",
                 "updates": [],
                 "packageName": "Kustomization",
                 "warnings": [],
                 "currentVersion": "kustomize.config.k8s.io/v1beta1",
                 "fixedVersion": "kustomize.config.k8s.io/v1beta1"
               }
             ],
             "packageFile": "kubernetes/apps/kube-system/spegel/kustomization.yaml"
           },
           {
             "deps": [
               {
                 "depName": "Kustomization",
                 "currentValue": "kustomize.config.k8s.io/v1beta1",
                 "datasource": "kubernetes-api",
                 "versioning": "kubernetes-api",
                 "updates": [],
                 "packageName": "Kustomization",
                 "warnings": [],
                 "currentVersion": "kustomize.config.k8s.io/v1beta1",
                 "fixedVersion": "kustomize.config.k8s.io/v1beta1"
               }
             ],
             "packageFile": "kubernetes/apps/media/kustomization.yaml"
           },
           {
             "deps": [
               {
                 "depName": "HelmRelease",
                 "currentValue": "helm.toolkit.fluxcd.io/v2",
                 "datasource": "kubernetes-api",
                 "versioning": "kubernetes-api",
                 "updates": [],
                 "packageName": "HelmRelease",
                 "warnings": [],
                 "currentVersion": "helm.toolkit.fluxcd.io/v2",
                 "fixedVersion": "helm.toolkit.fluxcd.io/v2"
               }
             ],
             "packageFile": "kubernetes/apps/media/qbittorrent/helmrelease.yaml"
           },
           {
             "deps": [
               {
                 "depName": "Kustomization",
                 "currentValue": "kustomize.toolkit.fluxcd.io/v1",
                 "datasource": "kubernetes-api",
                 "versioning": "kubernetes-api",
                 "updates": [],
                 "packageName": "Kustomization",
                 "warnings": [],
                 "currentVersion": "kustomize.toolkit.fluxcd.io/v1",
                 "fixedVersion": "kustomize.toolkit.fluxcd.io/v1"
               }
             ],
             "packageFile": "kubernetes/apps/media/qbittorrent/ks.yaml"
           },
           {
             "deps": [
               {
                 "depName": "Kustomization",
                 "currentValue": "kustomize.config.k8s.io/v1beta1",
                 "datasource": "kubernetes-api",
                 "versioning": "kubernetes-api",
                 "updates": [],
                 "packageName": "Kustomization",
                 "warnings": [],
                 "currentVersion": "kustomize.config.k8s.io/v1beta1",
                 "fixedVersion": "kustomize.config.k8s.io/v1beta1"
               }
             ],
             "packageFile": "kubernetes/apps/media/qbittorrent/kustomization.yaml"
           },
           {
             "deps": [
               {
                 "depName": "HelmRelease",
                 "currentValue": "helm.toolkit.fluxcd.io/v2",
                 "datasource": "kubernetes-api",
                 "versioning": "kubernetes-api",
                 "updates": [],
                 "packageName": "HelmRelease",
                 "warnings": [],
                 "currentVersion": "helm.toolkit.fluxcd.io/v2",
                 "fixedVersion": "helm.toolkit.fluxcd.io/v2"
               }
             ],
             "packageFile": "kubernetes/apps/media/sabnzbd/helmrelease.yaml"
           },
           {
             "deps": [
               {
                 "depName": "Kustomization",
                 "currentValue": "kustomize.toolkit.fluxcd.io/v1",
                 "datasource": "kubernetes-api",
                 "versioning": "kubernetes-api",
                 "updates": [],
                 "packageName": "Kustomization",
                 "warnings": [],
                 "currentVersion": "kustomize.toolkit.fluxcd.io/v1",
                 "fixedVersion": "kustomize.toolkit.fluxcd.io/v1"
               }
             ],
             "packageFile": "kubernetes/apps/media/sabnzbd/ks.yaml"
           },
           {
             "deps": [
               {
                 "depName": "Kustomization",
                 "currentValue": "kustomize.config.k8s.io/v1beta1",
                 "datasource": "kubernetes-api",
                 "versioning": "kubernetes-api",
                 "updates": [],
                 "packageName": "Kustomization",
                 "warnings": [],
                 "currentVersion": "kustomize.config.k8s.io/v1beta1",
                 "fixedVersion": "kustomize.config.k8s.io/v1beta1"
               }
             ],
             "packageFile": "kubernetes/apps/media/sabnzbd/kustomization.yaml"
           },
           {
             "deps": [
               {
                 "depName": "HelmRelease",
                 "currentValue": "helm.toolkit.fluxcd.io/v2",
                 "datasource": "kubernetes-api",
                 "versioning": "kubernetes-api",
                 "updates": [],
                 "packageName": "HelmRelease",
                 "warnings": [],
                 "currentVersion": "helm.toolkit.fluxcd.io/v2",
                 "fixedVersion": "helm.toolkit.fluxcd.io/v2"
               }
             ],
             "packageFile": "kubernetes/apps/network/cloudflare-dns/crd.yaml"
           },
           {
             "deps": [
               {
                 "depName": "HelmRelease",
                 "currentValue": "helm.toolkit.fluxcd.io/v2",
                 "datasource": "kubernetes-api",
                 "versioning": "kubernetes-api",
                 "updates": [],
                 "packageName": "HelmRelease",
                 "warnings": [],
                 "currentVersion": "helm.toolkit.fluxcd.io/v2",
                 "fixedVersion": "helm.toolkit.fluxcd.io/v2"
               }
             ],
             "packageFile": "kubernetes/apps/network/cloudflare-dns/httproute.yaml"
           },
           {
             "deps": [
               {
                 "depName": "Kustomization",
                 "currentValue": "kustomize.toolkit.fluxcd.io/v1",
                 "datasource": "kubernetes-api",
                 "versioning": "kubernetes-api",
                 "updates": [],
                 "packageName": "Kustomization",
                 "warnings": [],
                 "currentVersion": "kustomize.toolkit.fluxcd.io/v1",
                 "fixedVersion": "kustomize.toolkit.fluxcd.io/v1"
               }
             ],
             "packageFile": "kubernetes/apps/network/cloudflare-dns/ks.yaml"
           },
           {
             "deps": [
               {
                 "depName": "Kustomization",
                 "currentValue": "kustomize.config.k8s.io/v1beta1",
                 "datasource": "kubernetes-api",
                 "versioning": "kubernetes-api",
                 "updates": [],
                 "packageName": "Kustomization",
                 "warnings": [],
                 "currentVersion": "kustomize.config.k8s.io/v1beta1",
                 "fixedVersion": "kustomize.config.k8s.io/v1beta1"
               }
             ],
             "packageFile": "kubernetes/apps/network/cloudflare-dns/kustomization.yaml"
           },
           {
             "deps": [
               {
                 "depName": "HelmRelease",
                 "currentValue": "helm.toolkit.fluxcd.io/v2",
                 "datasource": "kubernetes-api",
                 "versioning": "kubernetes-api",
                 "updates": [],
                 "packageName": "HelmRelease",
                 "warnings": [],
                 "currentVersion": "helm.toolkit.fluxcd.io/v2",
                 "fixedVersion": "helm.toolkit.fluxcd.io/v2"
               }
             ],
             "packageFile": "kubernetes/apps/network/cloudflare-tunnel/helmrelease.yaml"
           },
           {
             "deps": [
               {
                 "depName": "Kustomization",
                 "currentValue": "kustomize.toolkit.fluxcd.io/v1",
                 "datasource": "kubernetes-api",
                 "versioning": "kubernetes-api",
                 "updates": [],
                 "packageName": "Kustomization",
                 "warnings": [],
                 "currentVersion": "kustomize.toolkit.fluxcd.io/v1",
                 "fixedVersion": "kustomize.toolkit.fluxcd.io/v1"
               }
             ],
             "packageFile": "kubernetes/apps/network/cloudflare-tunnel/ks.yaml"
           },
           {
             "deps": [
               {
                 "depName": "Kustomization",
                 "currentValue": "kustomize.config.k8s.io/v1beta1",
                 "datasource": "kubernetes-api",
                 "versioning": "kubernetes-api",
                 "updates": [],
                 "packageName": "Kustomization",
                 "warnings": [],
                 "currentVersion": "kustomize.config.k8s.io/v1beta1",
                 "fixedVersion": "kustomize.config.k8s.io/v1beta1"
               }
             ],
             "packageFile": "kubernetes/apps/network/cloudflare-tunnel/kustomization.yaml"
           },
           {
             "deps": [
               {
                 "depName": "OCIRepository",
                 "currentValue": "source.toolkit.fluxcd.io/v1",
                 "datasource": "kubernetes-api",
                 "versioning": "kubernetes-api",
                 "updates": [],
                 "packageName": "OCIRepository",
                 "warnings": [],
                 "currentVersion": "source.toolkit.fluxcd.io/v1",
                 "fixedVersion": "source.toolkit.fluxcd.io/v1"
               },
               {
                 "depName": "HelmRelease",
                 "currentValue": "helm.toolkit.fluxcd.io/v2",
                 "datasource": "kubernetes-api",
                 "versioning": "kubernetes-api",
                 "updates": [],
                 "packageName": "HelmRelease",
                 "warnings": [],
                 "currentVersion": "helm.toolkit.fluxcd.io/v2",
                 "fixedVersion": "helm.toolkit.fluxcd.io/v2"
               }
             ],
             "packageFile": "kubernetes/apps/network/envoy-gateway/helmrelease.yaml"
           },
           {
             "deps": [
               {
                 "depName": "Kustomization",
                 "currentValue": "kustomize.toolkit.fluxcd.io/v1",
                 "datasource": "kubernetes-api",
                 "versioning": "kubernetes-api",
                 "updates": [],
                 "packageName": "Kustomization",
                 "warnings": [],
                 "currentVersion": "kustomize.toolkit.fluxcd.io/v1",
                 "fixedVersion": "kustomize.toolkit.fluxcd.io/v1"
               }
             ],
             "packageFile": "kubernetes/apps/network/envoy-gateway/ks.yaml"
           },
           {
             "deps": [
               {
                 "depName": "Kustomization",
                 "currentValue": "kustomize.config.k8s.io/v1beta1",
                 "datasource": "kubernetes-api",
                 "versioning": "kubernetes-api",
                 "updates": [],
                 "packageName": "Kustomization",
                 "warnings": [],
                 "currentVersion": "kustomize.config.k8s.io/v1beta1",
                 "fixedVersion": "kustomize.config.k8s.io/v1beta1"
               }
             ],
             "packageFile": "kubernetes/apps/network/envoy-gateway/kustomization.yaml"
           },
           {
             "deps": [
               {
                 "depName": "Kustomization",
                 "currentValue": "kustomize.config.k8s.io/v1beta1",
                 "datasource": "kubernetes-api",
                 "versioning": "kubernetes-api",
                 "updates": [],
                 "packageName": "Kustomization",
                 "warnings": [],
                 "currentVersion": "kustomize.config.k8s.io/v1beta1",
                 "fixedVersion": "kustomize.config.k8s.io/v1beta1"
               }
             ],
             "packageFile": "kubernetes/apps/network/kustomization.yaml"
           },
           {
             "deps": [
               {
                 "depName": "HelmRepository",
                 "currentValue": "source.toolkit.fluxcd.io/v1",
                 "datasource": "kubernetes-api",
                 "versioning": "kubernetes-api",
                 "updates": [],
                 "packageName": "HelmRepository",
                 "warnings": [],
                 "currentVersion": "source.toolkit.fluxcd.io/v1",
                 "fixedVersion": "source.toolkit.fluxcd.io/v1"
               },
               {
                 "depName": "HelmRelease",
                 "currentValue": "helm.toolkit.fluxcd.io/v2",
                 "datasource": "kubernetes-api",
                 "versioning": "kubernetes-api",
                 "updates": [],
                 "packageName": "HelmRelease",
                 "warnings": [],
                 "currentVersion": "helm.toolkit.fluxcd.io/v2",
                 "fixedVersion": "helm.toolkit.fluxcd.io/v2"
               }
             ],
             "packageFile": "kubernetes/apps/observability/grafana/helmrelease.yaml"
           },
           {
             "deps": [
               {
                 "depName": "Kustomization",
                 "currentValue": "kustomize.toolkit.fluxcd.io/v1",
                 "datasource": "kubernetes-api",
                 "versioning": "kubernetes-api",
                 "updates": [],
                 "packageName": "Kustomization",
                 "warnings": [],
                 "currentVersion": "kustomize.toolkit.fluxcd.io/v1",
                 "fixedVersion": "kustomize.toolkit.fluxcd.io/v1"
               }
             ],
             "packageFile": "kubernetes/apps/observability/grafana/ks.yaml"
           },
           {
             "deps": [
               {
                 "depName": "Kustomization",
                 "currentValue": "kustomize.config.k8s.io/v1beta1",
                 "datasource": "kubernetes-api",
                 "versioning": "kubernetes-api",
                 "updates": [],
                 "packageName": "Kustomization",
                 "warnings": [],
                 "currentVersion": "kustomize.config.k8s.io/v1beta1",
                 "fixedVersion": "kustomize.config.k8s.io/v1beta1"
               }
             ],
             "packageFile": "kubernetes/apps/observability/grafana/kustomization.yaml"
           },
           {
             "deps": [
               {
                 "depName": "Kustomization",
                 "currentValue": "kustomize.config.k8s.io/v1beta1",
                 "datasource": "kubernetes-api",
                 "versioning": "kubernetes-api",
                 "updates": [],
                 "packageName": "Kustomization",
                 "warnings": [],
                 "currentVersion": "kustomize.config.k8s.io/v1beta1",
                 "fixedVersion": "kustomize.config.k8s.io/v1beta1"
               }
             ],
             "packageFile": "kubernetes/apps/observability/kustomization.yaml"
           },
           {
             "deps": [
               {
                 "depName": "HelmRepository",
                 "currentValue": "source.toolkit.fluxcd.io/v1",
                 "datasource": "kubernetes-api",
                 "versioning": "kubernetes-api",
                 "updates": [],
                 "packageName": "HelmRepository",
                 "warnings": [],
                 "currentVersion": "source.toolkit.fluxcd.io/v1",
                 "fixedVersion": "source.toolkit.fluxcd.io/v1"
               },
               {
                 "depName": "HelmRelease",
                 "currentValue": "helm.toolkit.fluxcd.io/v2",
                 "datasource": "kubernetes-api",
                 "versioning": "kubernetes-api",
                 "updates": [],
                 "packageName": "HelmRelease",
                 "warnings": [],
                 "currentVersion": "helm.toolkit.fluxcd.io/v2",
                 "fixedVersion": "helm.toolkit.fluxcd.io/v2"
               }
             ],
             "packageFile": "kubernetes/apps/observability/victoria-logs-single/helmrelease.yaml"
           },
           {
             "deps": [
               {
                 "depName": "Kustomization",
                 "currentValue": "kustomize.toolkit.fluxcd.io/v1",
                 "datasource": "kubernetes-api",
                 "versioning": "kubernetes-api",
                 "updates": [],
                 "packageName": "Kustomization",
                 "warnings": [],
                 "currentVersion": "kustomize.toolkit.fluxcd.io/v1",
                 "fixedVersion": "kustomize.toolkit.fluxcd.io/v1"
               }
             ],
             "packageFile": "kubernetes/apps/observability/victoria-logs-single/ks.yaml"
           },
           {
             "deps": [
               {
                 "depName": "Kustomization",
                 "currentValue": "kustomize.config.k8s.io/v1beta1",
                 "datasource": "kubernetes-api",
                 "versioning": "kubernetes-api",
                 "updates": [],
                 "packageName": "Kustomization",
                 "warnings": [],
                 "currentVersion": "kustomize.config.k8s.io/v1beta1",
                 "fixedVersion": "kustomize.config.k8s.io/v1beta1"
               }
             ],
             "packageFile": "kubernetes/apps/observability/victoria-logs-single/kustomization.yaml"
           },
           {
             "deps": [
               {
                 "depName": "HelmRepository",
                 "currentValue": "source.toolkit.fluxcd.io/v1",
                 "datasource": "kubernetes-api",
                 "versioning": "kubernetes-api",
                 "updates": [],
                 "packageName": "HelmRepository",
                 "warnings": [],
                 "currentVersion": "source.toolkit.fluxcd.io/v1",
                 "fixedVersion": "source.toolkit.fluxcd.io/v1"
               },
               {
                 "depName": "HelmRelease",
                 "currentValue": "helm.toolkit.fluxcd.io/v2",
                 "datasource": "kubernetes-api",
                 "versioning": "kubernetes-api",
                 "updates": [],
                 "packageName": "HelmRelease",
                 "warnings": [],
                 "currentVersion": "helm.toolkit.fluxcd.io/v2",
                 "fixedVersion": "helm.toolkit.fluxcd.io/v2"
               }
             ],
             "packageFile": "kubernetes/apps/observability/victoria-metrics-k8s-stack/helmrelease.yaml"
           },
           {
             "deps": [
               {
                 "depName": "Kustomization",
                 "currentValue": "kustomize.toolkit.fluxcd.io/v1",
                 "datasource": "kubernetes-api",
                 "versioning": "kubernetes-api",
                 "updates": [],
                 "packageName": "Kustomization",
                 "warnings": [],
                 "currentVersion": "kustomize.toolkit.fluxcd.io/v1",
                 "fixedVersion": "kustomize.toolkit.fluxcd.io/v1"
               }
             ],
             "packageFile": "kubernetes/apps/observability/victoria-metrics-k8s-stack/ks.yaml"
           },
           {
             "deps": [
               {
                 "depName": "Kustomization",
                 "currentValue": "kustomize.config.k8s.io/v1beta1",
                 "datasource": "kubernetes-api",
                 "versioning": "kubernetes-api",
                 "updates": [],
                 "packageName": "Kustomization",
                 "warnings": [],
                 "currentVersion": "kustomize.config.k8s.io/v1beta1",
                 "fixedVersion": "kustomize.config.k8s.io/v1beta1"
               }
             ],
             "packageFile": "kubernetes/apps/observability/victoria-metrics-k8s-stack/kustomization.yaml"
           },
           {
             "deps": [
               {
                 "depName": "HelmRelease",
                 "currentValue": "helm.toolkit.fluxcd.io/v2",
                 "datasource": "kubernetes-api",
                 "versioning": "kubernetes-api",
                 "updates": [],
                 "packageName": "HelmRelease",
                 "warnings": [],
                 "currentVersion": "helm.toolkit.fluxcd.io/v2",
                 "fixedVersion": "helm.toolkit.fluxcd.io/v2"
               }
             ],
             "packageFile": "kubernetes/apps/rook-ceph/cluster/helmrelease.yaml"
           },
           {
             "deps": [
               {
                 "depName": "Kustomization",
                 "currentValue": "kustomize.toolkit.fluxcd.io/v1",
                 "datasource": "kubernetes-api",
                 "versioning": "kubernetes-api",
                 "updates": [],
                 "packageName": "Kustomization",
                 "warnings": [],
                 "currentVersion": "kustomize.toolkit.fluxcd.io/v1",
                 "fixedVersion": "kustomize.toolkit.fluxcd.io/v1"
               }
             ],
             "packageFile": "kubernetes/apps/rook-ceph/cluster/ks.yaml"
           },
           {
             "deps": [
               {
                 "depName": "Kustomization",
                 "currentValue": "kustomize.config.k8s.io/v1beta1",
                 "datasource": "kubernetes-api",
                 "versioning": "kubernetes-api",
                 "updates": [],
                 "packageName": "Kustomization",
                 "warnings": [],
                 "currentVersion": "kustomize.config.k8s.io/v1beta1",
                 "fixedVersion": "kustomize.config.k8s.io/v1beta1"
               }
             ],
             "packageFile": "kubernetes/apps/rook-ceph/cluster/kustomization.yaml"
           },
           {
             "deps": [
               {
                 "depName": "Kustomization",
                 "currentValue": "kustomize.config.k8s.io/v1beta1",
                 "datasource": "kubernetes-api",
                 "versioning": "kubernetes-api",
                 "updates": [],
                 "packageName": "Kustomization",
                 "warnings": [],
                 "currentVersion": "kustomize.config.k8s.io/v1beta1",
                 "fixedVersion": "kustomize.config.k8s.io/v1beta1"
               }
             ],
             "packageFile": "kubernetes/apps/rook-ceph/kustomization.yaml"
           },
           {
             "deps": [
               {
                 "depName": "HelmRepository",
                 "currentValue": "source.toolkit.fluxcd.io/v1",
                 "datasource": "kubernetes-api",
                 "versioning": "kubernetes-api",
                 "updates": [],
                 "packageName": "HelmRepository",
                 "warnings": [],
                 "currentVersion": "source.toolkit.fluxcd.io/v1",
                 "fixedVersion": "source.toolkit.fluxcd.io/v1"
               },
               {
                 "depName": "HelmRelease",
                 "currentValue": "helm.toolkit.fluxcd.io/v2",
                 "datasource": "kubernetes-api",
                 "versioning": "kubernetes-api",
                 "updates": [],
                 "packageName": "HelmRelease",
                 "warnings": [],
                 "currentVersion": "helm.toolkit.fluxcd.io/v2",
                 "fixedVersion": "helm.toolkit.fluxcd.io/v2"
               }
             ],
             "packageFile": "kubernetes/apps/rook-ceph/operator/helmrelease.yaml"
           },
           {
             "deps": [
               {
                 "depName": "Kustomization",
                 "currentValue": "kustomize.toolkit.fluxcd.io/v1",
                 "datasource": "kubernetes-api",
                 "versioning": "kubernetes-api",
                 "updates": [],
                 "packageName": "Kustomization",
                 "warnings": [],
                 "currentVersion": "kustomize.toolkit.fluxcd.io/v1",
                 "fixedVersion": "kustomize.toolkit.fluxcd.io/v1"
               }
             ],
             "packageFile": "kubernetes/apps/rook-ceph/operator/ks.yaml"
           },
           {
             "deps": [
               {
                 "depName": "Kustomization",
                 "currentValue": "kustomize.config.k8s.io/v1beta1",
                 "datasource": "kubernetes-api",
                 "versioning": "kubernetes-api",
                 "updates": [],
                 "packageName": "Kustomization",
                 "warnings": [],
                 "currentVersion": "kustomize.config.k8s.io/v1beta1",
                 "fixedVersion": "kustomize.config.k8s.io/v1beta1"
               }
             ],
             "packageFile": "kubernetes/apps/rook-ceph/operator/kustomization.yaml"
           },
           {
             "deps": [
               {
                 "depName": "Kustomization",
                 "currentValue": "kustomize.config.k8s.io/v1beta1",
                 "datasource": "kubernetes-api",
                 "versioning": "kubernetes-api",
                 "updates": [],
                 "packageName": "Kustomization",
                 "warnings": [],
                 "currentVersion": "kustomize.config.k8s.io/v1beta1",
                 "fixedVersion": "kustomize.config.k8s.io/v1beta1"
               }
             ],
             "packageFile": "kubernetes/apps/storage/kustomization.yaml"
           },
           {
             "deps": [
               {
                 "depName": "Kustomization",
                 "currentValue": "kustomize.toolkit.fluxcd.io/v1",
                 "datasource": "kubernetes-api",
                 "versioning": "kubernetes-api",
                 "updates": [],
                 "packageName": "Kustomization",
                 "warnings": [],
                 "currentVersion": "kustomize.toolkit.fluxcd.io/v1",
                 "fixedVersion": "kustomize.toolkit.fluxcd.io/v1"
               }
             ],
             "packageFile": "kubernetes/apps/storage/nfs/ks.yaml"
           },
           {
             "deps": [
               {
                 "depName": "Kustomization",
                 "currentValue": "kustomize.config.k8s.io/v1beta1",
                 "datasource": "kubernetes-api",
                 "versioning": "kubernetes-api",
                 "updates": [],
                 "packageName": "Kustomization",
                 "warnings": [],
                 "currentVersion": "kustomize.config.k8s.io/v1beta1",
                 "fixedVersion": "kustomize.config.k8s.io/v1beta1"
               }
             ],
             "packageFile": "kubernetes/apps/storage/nfs/kustomization.yaml"
           },
           {
             "deps": [
               {
                 "depName": "Kustomization",
                 "currentValue": "kustomize.config.k8s.io/v1beta1",
                 "datasource": "kubernetes-api",
                 "versioning": "kubernetes-api",
                 "updates": [],
                 "packageName": "Kustomization",
                 "warnings": [],
                 "currentVersion": "kustomize.config.k8s.io/v1beta1",
                 "fixedVersion": "kustomize.config.k8s.io/v1beta1"
               }
             ],
             "packageFile": "kubernetes/components/common/repos/app-template/kustomization.yaml"
           },
           {
             "deps": [
               {
                 "depName": "OCIRepository",
                 "currentValue": "source.toolkit.fluxcd.io/v1",
                 "datasource": "kubernetes-api",
                 "versioning": "kubernetes-api",
                 "updates": [],
                 "packageName": "OCIRepository",
                 "warnings": [],
                 "currentVersion": "source.toolkit.fluxcd.io/v1",
                 "fixedVersion": "source.toolkit.fluxcd.io/v1"
               }
             ],
             "packageFile": "kubernetes/components/common/repos/app-template/ocirepository.yaml"
           },
           {
             "deps": [
               {
                 "depName": "Kustomization",
                 "currentValue": "kustomize.config.k8s.io/v1beta1",
                 "datasource": "kubernetes-api",
                 "versioning": "kubernetes-api",
                 "updates": [],
                 "packageName": "Kustomization",
                 "warnings": [],
                 "currentVersion": "kustomize.config.k8s.io/v1beta1",
                 "fixedVersion": "kustomize.config.k8s.io/v1beta1"
               }
             ],
             "packageFile": "kubernetes/components/common/repos/kustomization.yaml"
           },
           {
             "deps": [
               {
                 "depName": "Kustomization",
                 "currentValue": "kustomize.config.k8s.io/v1beta1",
                 "datasource": "kubernetes-api",
                 "versioning": "kubernetes-api",
                 "updates": [],
                 "packageName": "Kustomization",
                 "warnings": [],
                 "currentVersion": "kustomize.config.k8s.io/v1beta1",
                 "fixedVersion": "kustomize.config.k8s.io/v1beta1"
               }
             ],
             "packageFile": "kubernetes/components/common/sops/kustomization.yaml"
           },
           {
             "deps": [
               {
                 "depName": "Kustomization",
                 "currentValue": "kustomize.toolkit.fluxcd.io/v1",
                 "datasource": "kubernetes-api",
                 "versioning": "kubernetes-api",
                 "updates": [],
                 "packageName": "Kustomization",
                 "warnings": [],
                 "currentVersion": "kustomize.toolkit.fluxcd.io/v1",
                 "fixedVersion": "kustomize.toolkit.fluxcd.io/v1"
               },
               {
                 "depName": "Kustomization",
                 "currentValue": "kustomize.toolkit.fluxcd.io/v1",
                 "datasource": "kubernetes-api",
                 "versioning": "kubernetes-api",
                 "updates": [],
                 "packageName": "Kustomization",
                 "warnings": [],
                 "currentVersion": "kustomize.toolkit.fluxcd.io/v1",
                 "fixedVersion": "kustomize.toolkit.fluxcd.io/v1"
               }
             ],
             "packageFile": "kubernetes/flux/cluster/ks.yaml"
           },
           {
             "deps": [
               {
                 "depName": "Kustomization",
                 "currentValue": "kustomize.config.k8s.io/v1beta1",
                 "datasource": "kubernetes-api",
                 "versioning": "kubernetes-api",
                 "updates": [],
                 "packageName": "Kustomization",
                 "warnings": [],
                 "currentVersion": "kustomize.config.k8s.io/v1beta1",
                 "fixedVersion": "kustomize.config.k8s.io/v1beta1"
               }
             ],
             "packageFile": "kubernetes/flux/meta/kustomization.yaml"
           },
           {
             "deps": [
               {
                 "depName": "HelmRepository",
                 "currentValue": "source.toolkit.fluxcd.io/v1",
                 "datasource": "kubernetes-api",
                 "versioning": "kubernetes-api",
                 "updates": [],
                 "packageName": "HelmRepository",
                 "warnings": [],
                 "currentVersion": "source.toolkit.fluxcd.io/v1",
                 "fixedVersion": "source.toolkit.fluxcd.io/v1"
               }
             ],
             "packageFile": "kubernetes/flux/meta/repos/external-dns.yaml"
           },
           {
             "deps": [
               {
                 "depName": "HelmRepository",
                 "currentValue": "source.toolkit.fluxcd.io/v1",
                 "datasource": "kubernetes-api",
                 "versioning": "kubernetes-api",
                 "updates": [],
                 "packageName": "HelmRepository",
                 "warnings": [],
                 "currentVersion": "source.toolkit.fluxcd.io/v1",
                 "fixedVersion": "source.toolkit.fluxcd.io/v1"
               }
             ],
             "packageFile": "kubernetes/flux/meta/repos/intel.yaml"
           },
           {
             "deps": [
               {
                 "depName": "Kustomization",
                 "currentValue": "kustomize.config.k8s.io/v1beta1",
                 "datasource": "kubernetes-api",
                 "versioning": "kubernetes-api",
                 "updates": [],
                 "packageName": "Kustomization",
                 "warnings": [],
                 "currentVersion": "kustomize.config.k8s.io/v1beta1",
                 "fixedVersion": "kustomize.config.k8s.io/v1beta1"
               }
             ],
             "packageFile": "kubernetes/flux/meta/repos/kustomization.yaml"
           },
           {
             "deps": [
               {
                 "depName": "HelmRepository",
                 "currentValue": "source.toolkit.fluxcd.io/v1",
                 "datasource": "kubernetes-api",
                 "versioning": "kubernetes-api",
                 "updates": [],
                 "packageName": "HelmRepository",
                 "warnings": [],
                 "currentVersion": "source.toolkit.fluxcd.io/v1",
                 "fixedVersion": "source.toolkit.fluxcd.io/v1"
               }
             ],
             "packageFile": "kubernetes/flux/meta/repos/node-feature-discovery.yaml"
           }
         ],
         "mise": [
           {
             "deps": [
               {
                 "depName": "aqua:budimanjojo/talhelper",
                 "currentValue": "3.0.35",
                 "packageName": "budimanjojo/talhelper",
                 "datasource": "github-tags",
                 "extractVersion": "^v?(?<version>.+)",
                 "updates": [],
                 "versioning": "semver-coerced",
                 "warnings": [],
                 "sourceUrl": "https://github.com/budimanjojo/talhelper",
                 "registryUrl": "https://github.com",
                 "mostRecentTimestamp": "2025-09-12T04:00:22.000Z",
                 "currentVersion": "3.0.35",
                 "currentVersionTimestamp": "2025-09-12T04:00:22.000Z",
                 "currentVersionAgeInDays": 8,
                 "fixedVersion": "3.0.35"
               },
               {
                 "depName": "aqua:fluxcd/flux2",
                 "currentValue": "2.6.4",
                 "packageName": "fluxcd/flux2",
                 "datasource": "github-tags",
                 "extractVersion": "^v?(?<version>.+)",
                 "updates": [],
                 "versioning": "semver-coerced",
                 "warnings": [],
                 "sourceUrl": "https://github.com/fluxcd/flux2",
                 "registryUrl": "https://github.com",
                 "mostRecentTimestamp": "2025-07-08T09:39:31.000Z",
                 "currentVersion": "2.6.4",
                 "currentVersionTimestamp": "2025-07-08T09:39:31.000Z",
                 "currentVersionAgeInDays": 74,
                 "fixedVersion": "2.6.4"
               },
               {
                 "depName": "aqua:getsops/sops",
                 "currentValue": "3.10.2",
                 "packageName": "getsops/sops",
                 "datasource": "github-tags",
                 "extractVersion": "^v?(?<version>.+)",
                 "updates": [],
                 "versioning": "semver-coerced",
                 "warnings": [],
                 "sourceUrl": "https://github.com/getsops/sops",
                 "registryUrl": "https://github.com",
                 "mostRecentTimestamp": "2025-04-14T18:51:26.000Z",
                 "currentVersion": "3.10.2",
                 "currentVersionTimestamp": "2025-04-14T18:51:26.000Z",
                 "currentVersionAgeInDays": 159,
                 "fixedVersion": "3.10.2"
               },
               {
                 "depName": "aqua:helm/helm",
                 "currentValue": "3.19.0",
                 "packageName": "helm/helm",
                 "datasource": "github-tags",
                 "extractVersion": "^v?(?<version>.+)",
                 "updates": [],
                 "versioning": "semver-coerced",
                 "warnings": [],
                 "sourceUrl": "https://github.com/helm/helm",
                 "registryUrl": "https://github.com",
                 "currentVersion": "3.19.0",
                 "currentVersionTimestamp": "2025-09-11T20:00:38.000Z",
                 "currentVersionAgeInDays": 9,
                 "fixedVersion": "3.19.0"
               },
               {
                 "depName": "aqua:kubernetes/kubectl",
                 "currentValue": "1.33.1",
                 "packageName": "kubernetes/kubectl",
                 "datasource": "github-tags",
                 "extractVersion": "^v?(?<version>.+)",
                 "updates": [],
                 "versioning": "semver-coerced",
                 "warnings": [],
                 "sourceUrl": "https://github.com/kubernetes/kubectl",
                 "registryUrl": "https://github.com",
                 "currentVersion": "kubernetes-1.33.1",
                 "currentVersionTimestamp": "2025-05-15T08:19:07.000Z",
                 "currentVersionAgeInDays": 128,
                 "fixedVersion": "1.33.1"
               },
               {
                 "depName": "aqua:siderolabs/talos",
                 "currentValue": "1.11.1",
                 "packageName": "siderolabs/talos",
                 "datasource": "github-tags",
                 "extractVersion": "^v?(?<version>.+)",
                 "updates": [],
                 "versioning": "semver-coerced",
                 "warnings": [],
                 "sourceUrl": "https://github.com/siderolabs/talos",
                 "registryUrl": "https://github.com",
                 "currentVersion": "1.11.1",
                 "currentVersionTimestamp": "2025-09-08T16:53:17.000Z",
                 "currentVersionAgeInDays": 12,
                 "fixedVersion": "1.11.1"
               },
               {
                 "depName": "aqua:talosctl",
                 "currentValue": "1.11.1",
                 "datasource": "github-tags",
                 "packageName": "siderolabs/talos",
                 "extractVersion": "^v(?<version>\\S+)",
                 "updates": [],
                 "versioning": "semver-coerced",
                 "warnings": [],
                 "sourceUrl": "https://github.com/siderolabs/talos",
                 "registryUrl": "https://github.com",
                 "currentVersion": "1.11.1",
                 "currentVersionTimestamp": "2025-09-08T16:53:17.000Z",
                 "currentVersionAgeInDays": 12,
                 "fixedVersion": "1.11.1"
               }
             ],
             "packageFile": ".mise.toml"
           }
         ],
         "pip_requirements": [
           {
             "deps": [
               {
                 "depName": "httpx",
                 "packageName": "httpx",
                 "currentValue": ">=0.25.0",
                 "datasource": "pypi",
                 "updates": [],
                 "versioning": "pep440",
                 "warnings": [],
                 "sourceUrl": "https://github.com/encode/httpx",
                 "registryUrl": "https://pypi.org/pypi",
                 "changelogUrl": "https://github.com/encode/httpx/blob/master/CHANGELOG.md",
                 "mostRecentTimestamp": "2025-09-15T16:15:10.000Z",
                 "currentVersion": "0.28.1",
                 "currentVersionTimestamp": "2024-12-06T15:37:21.000Z",
                 "currentVersionAgeInDays": 288
               }
             ],
             "packageFile": "scripts/app-scout/requirements.txt"
           }
         ],
         "pre-commit": [
           {
             "deps": [
               {
                 "datasource": "github-tags",
                 "depName": "pre-commit/pre-commit-hooks",
                 "depType": "repository",
                 "packageName": "pre-commit/pre-commit-hooks",
                 "currentValue": "v6.0.0",
                 "updates": [],
                 "versioning": "semver-coerced",
                 "warnings": [],
                 "sourceUrl": "https://github.com/pre-commit/pre-commit-hooks",
                 "registryUrl": "https://github.com",
                 "mostRecentTimestamp": "2025-08-09T19:24:33.000Z",
                 "currentVersion": "v6.0.0",
                 "currentVersionTimestamp": "2025-08-09T19:24:33.000Z",
                 "currentVersionAgeInDays": 42,
                 "fixedVersion": "v6.0.0"
               },
               {
                 "packageName": "pyyaml",
                 "depName": "PyYAML",
                 "datasource": "pypi",
                 "depType": "pre-commit-python",
                 "currentValue": ">=6.0",
                 "updates": [],
                 "versioning": "pep440",
                 "warnings": [],
                 "sourceUrl": "https://github.com/yaml/pyyaml",
                 "registryUrl": "https://pypi.org/pypi",
                 "homepage": "https://pyyaml.org/",
                 "mostRecentTimestamp": "2024-08-06T20:31:40.000Z",
                 "currentVersion": "6.0.2",
                 "currentVersionTimestamp": "2024-08-06T20:31:40.000Z",
                 "currentVersionAgeInDays": 410
               },
               {
                 "datasource": "github-tags",
                 "depName": "google/yamlfmt",
                 "depType": "repository",
                 "packageName": "google/yamlfmt",
                 "currentValue": "v0.17.2",
                 "updates": [],
                 "versioning": "semver-coerced",
                 "warnings": [],
                 "sourceUrl": "https://github.com/google/yamlfmt",
                 "registryUrl": "https://github.com",
                 "mostRecentTimestamp": "2025-06-24T01:51:45.000Z",
                 "currentVersion": "v0.17.2",
                 "currentVersionTimestamp": "2025-06-24T01:51:45.000Z",
                 "currentVersionAgeInDays": 89,
                 "fixedVersion": "v0.17.2"
               },
               {
                 "datasource": "github-tags",
                 "depName": "adrienverge/yamllint",
                 "depType": "repository",
                 "packageName": "adrienverge/yamllint",
                 "currentValue": "v1.37.1",
                 "updates": [],
                 "versioning": "semver-coerced",
                 "warnings": [],
                 "sourceUrl": "https://github.com/adrienverge/yamllint",
                 "registryUrl": "https://github.com",
                 "mostRecentTimestamp": "2025-05-04T08:24:35.000Z",
                 "currentVersion": "v1.37.1",
                 "currentVersionTimestamp": "2025-05-04T08:24:35.000Z",
                 "currentVersionAgeInDays": 139,
                 "fixedVersion": "v1.37.1"
               },
               {
                 "datasource": "github-tags",
                 "depName": "gitleaks/gitleaks",
                 "depType": "repository",
                 "packageName": "gitleaks/gitleaks",
                 "currentValue": "v8.28.0",
                 "updates": [],
                 "versioning": "semver-coerced",
                 "warnings": [],
                 "sourceUrl": "https://github.com/gitleaks/gitleaks",
                 "registryUrl": "https://github.com",
                 "mostRecentTimestamp": "2025-07-20T16:15:51.000Z",
                 "currentVersion": "v8.28.0",
                 "currentVersionTimestamp": "2025-07-20T16:15:51.000Z",
                 "currentVersionAgeInDays": 62,
                 "fixedVersion": "v8.28.0"
               }
             ],
             "packageFile": ".pre-commit-config.yaml"
           }
         ],
         "renovate-config-presets": [
           {
             "deps": [
               {
                 "depName": "rcdailey/home-ops",
                 "skipReason": "unspecified-version",
                 "updates": [],
                 "packageName": "rcdailey/home-ops"
               },
               {
                 "depName": "rcdailey/home-ops",
                 "skipReason": "unspecified-version",
                 "updates": [],
                 "packageName": "rcdailey/home-ops"
               },
               {
                 "depName": "rcdailey/home-ops",
                 "skipReason": "unspecified-version",
                 "updates": [],
                 "packageName": "rcdailey/home-ops"
               },
               {
                 "depName": "rcdailey/home-ops",
                 "skipReason": "unspecified-version",
                 "updates": [],
                 "packageName": "rcdailey/home-ops"
               },
               {
                 "depName": "rcdailey/home-ops",
                 "skipReason": "unspecified-version",
                 "updates": [],
                 "packageName": "rcdailey/home-ops"
               }
             ],
             "packageFile": "renovate.json5"
           }
         ],
         "regex": [
           {
             "deps": [
               {
                 "depName": "controlplaneio-fluxcd/distribution",
                 "currentValue": "2.6.4",
                 "datasource": "github-releases",
                 "replaceString": "# renovate: datasource=github-releases depName=controlplaneio-fluxcd/distribution\n        version: 2.6.4",
                 "updates": [],
                 "packageName": "controlplaneio-fluxcd/distribution",
                 "versioning": "semver-coerced",
                 "warnings": [],
                 "sourceUrl": "https://github.com/controlplaneio-fluxcd/distribution",
                 "registryUrl": "https://github.com",
                 "mostRecentTimestamp": "2025-07-08T11:58:07.000Z",
                 "currentVersion": "v2.6.4",
                 "currentVersionTimestamp": "2025-07-08T11:58:07.000Z",
                 "currentVersionAgeInDays": 74,
                 "fixedVersion": "2.6.4"
               }
             ],
             "matchStrings": [
               "# renovate: datasource=(?<datasource>\\S+) depName=(?<depName>\\S+)( repository=(?<registryUrl>\\S+))?\\n.+(:\\s|=)(&\\S+\\s)?(?<currentValue>\\S+)",
               "# renovate: datasource=(?<datasource>\\S+) depName=(?<depName>\\S+)\\n.+/(?<currentValue>(v|\\d)[^/]+)"
             ],
             "datasourceTemplate": "{{#if datasource}}{{{datasource}}}{{else}}github-releases{{/if}}",
             "packageFile": "kubernetes/apps/flux-system/flux-instance/helmrelease.yaml"
           },
           {
             "deps": [
               {
                 "depName": "kubernetes-sigs/external-dns",
                 "currentValue": "v0.18.0",
                 "datasource": "github-releases",
                 "replaceString": "# renovate: datasource=github-releases depName=kubernetes-sigs/external-dns\n        https://raw.githubusercontent.com/kubernetes-sigs/external-dns/refs/tags/v0.18.0",
                 "updates": [
                   {
                     "bucket": "non-major",
                     "newVersion": "v0.19.0",
                     "newValue": "v0.19.0",
                     "releaseTimestamp": "2025-09-02T07:48:53.000Z",
                     "newVersionAgeInDays": 18,
                     "newMajor": 0,
                     "newMinor": 19,
                     "newPatch": 0,
                     "updateType": "minor",
                     "isBreaking": true,
                     "libYears": 0.1864353754439371,
                     "branchName": "renovate/kubernetes-tools"
                   }
                 ],
                 "packageName": "kubernetes-sigs/external-dns",
                 "versioning": "semver-coerced",
                 "warnings": [],
                 "sourceUrl": "https://github.com/kubernetes-sigs/external-dns",
                 "registryUrl": "https://github.com",
                 "mostRecentTimestamp": "2025-09-08T12:38:04.000Z",
                 "currentVersion": "v0.18.0",
                 "currentVersionTimestamp": "2025-06-26T06:38:27.000Z",
                 "currentVersionAgeInDays": 86,
                 "isSingleVersion": true,
                 "fixedVersion": "v0.18.0"
               },
               {
                 "depName": "kubernetes-sigs/gateway-api",
                 "currentValue": "v1.3.0",
                 "datasource": "github-releases",
                 "replaceString": "# renovate: datasource=github-releases depName=kubernetes-sigs/gateway-api\n        https://github.com/kubernetes-sigs/gateway-api/releases/download/v1.3.0",
                 "updates": [],
                 "packageName": "kubernetes-sigs/gateway-api",
                 "versioning": "semver-coerced",
                 "warnings": [],
                 "sourceUrl": "https://github.com/kubernetes-sigs/gateway-api",
                 "registryUrl": "https://github.com",
                 "mostRecentTimestamp": "2025-09-17T16:40:18.000Z",
                 "currentVersion": "v1.3.0",
                 "currentVersionTimestamp": "2025-04-24T04:03:35.000Z",
                 "currentVersionAgeInDays": 149,
                 "fixedVersion": "v1.3.0"
               },
               {
                 "depName": "prometheus-operator/prometheus-operator",
                 "currentValue": "v0.85.0",
                 "datasource": "github-releases",
                 "replaceString": "# renovate: datasource=github-releases depName=prometheus-operator/prometheus-operator\n        https://github.com/prometheus-operator/prometheus-operator/releases/download/v0.85.0",
                 "updates": [],
                 "packageName": "prometheus-operator/prometheus-operator",
                 "versioning": "semver-coerced",
                 "warnings": [],
                 "sourceUrl": "https://github.com/prometheus-operator/prometheus-operator",
                 "registryUrl": "https://github.com",
                 "mostRecentTimestamp": "2025-08-21T13:11:09.000Z",
                 "currentVersion": "v0.85.0",
                 "currentVersionTimestamp": "2025-08-21T13:11:09.000Z",
                 "currentVersionAgeInDays": 30,
                 "fixedVersion": "v0.85.0"
               }
             ],
             "matchStrings": [
               "# renovate: datasource=(?<datasource>\\S+) depName=(?<depName>\\S+)( repository=(?<registryUrl>\\S+))?\\n.+(:\\s|=)(&\\S+\\s)?(?<currentValue>\\S+)",
               "# renovate: datasource=(?<datasource>\\S+) depName=(?<depName>\\S+)\\n.+/(?<currentValue>(v|\\d)[^/]+)"
             ],
             "datasourceTemplate": "{{#if datasource}}{{{datasource}}}{{else}}github-releases{{/if}}",
             "packageFile": "scripts/bootstrap-apps.sh"
           },
           {
             "deps": [
               {
                 "depName": "ghcr.io/siderolabs/installer",
                 "currentValue": "v1.11.1",
                 "datasource": "docker",
                 "replaceString": "# renovate: datasource=docker depName=ghcr.io/siderolabs/installer\ntalosVersion: v1.11.1",
                 "updates": [],
                 "packageName": "ghcr.io/siderolabs/installer",
                 "versioning": "docker",
                 "warnings": [],
                 "registryUrl": "https://ghcr.io",
                 "lookupName": "siderolabs/installer",
                 "currentVersion": "v1.11.1",
                 "fixedVersion": "v1.11.1"
               },
               {
                 "depName": "ghcr.io/siderolabs/kubelet",
                 "currentValue": "v1.34.0",
                 "datasource": "docker",
                 "replaceString": "# renovate: datasource=docker depName=ghcr.io/siderolabs/kubelet\nkubernetesVersion: v1.34.0",
                 "updates": [
                   {
                     "bucket": "non-major",
                     "newVersion": "v1.34.1",
                     "newValue": "v1.34.1",
                     "newMajor": 1,
                     "newMinor": 34,
                     "newPatch": 1,
                     "updateType": "patch",
                     "isBreaking": false,
                     "branchName": "renovate/ghcr.io-siderolabs-kubelet-1.x"
                   }
                 ],
                 "packageName": "ghcr.io/siderolabs/kubelet",
                 "versioning": "docker",
                 "warnings": [],
                 "sourceUrl": "https://github.com/siderolabs/kubelet",
                 "registryUrl": "https://ghcr.io",
                 "lookupName": "siderolabs/kubelet",
                 "currentVersion": "v1.34.0",
                 "isSingleVersion": true,
                 "fixedVersion": "v1.34.0"
               }
             ],
             "matchStrings": [
               "# renovate: datasource=(?<datasource>\\S+) depName=(?<depName>\\S+)( repository=(?<registryUrl>\\S+))?\\n.+(:\\s|=)(&\\S+\\s)?(?<currentValue>\\S+)",
               "# renovate: datasource=(?<datasource>\\S+) depName=(?<depName>\\S+)\\n.+/(?<currentValue>(v|\\d)[^/]+)"
             ],
             "datasourceTemplate": "{{#if datasource}}{{{datasource}}}{{else}}github-releases{{/if}}",
             "packageFile": "talos/talenv.yaml"
           }
         ]
       }
DEBUG: processRepo() (repository=local)
DEBUG: Processing 31 branches: renovate/adguard-adguardhome-0.x, renovate/cilium-1.x, renovate/docker-registry1.mariadb.com-library-mariadb-11.x, renovate/docker-registry1.mariadb.com-library-mariadb-12.x, renovate/docker.io-cloudflare-cloudflared-2025.x, renovate/docker.io-envoyproxy-gateway-helm-1.x, renovate/doobidoo-mcp-memory-service-6.x, renovate/elasticsearch-8.x, renovate/elasticsearch-9.x, renovate/external-dns-1.x, renovate/ghcr.io-bakito-adguardhome-sync-0.x, renovate/ghcr.io-bjw-s-labs-helm-app-template-4.x, renovate/ghcr.io-coredns-charts-coredns-1.x, renovate/ghcr.io-home-operations-qbittorrent-5.x, renovate/ghcr.io-siderolabs-kubelet-1.x, renovate/ghcr.io-silverbulletmd-silverbullet-2.x, renovate/ghcr.io-spegel-org-helm-charts-spegel-0.x, renovate/ghcr.io-stakater-charts-reloader-2.x, renovate/immich, renovate/kubernetes-tools, renovate/major-monitoring-stack, renovate/mariadb-operator-25.x, renovate/mariadb-operator-crds-25.x, renovate/mikefarah-yq-4.x, renovate/monitoring-stack, renovate/pin-dependencies, renovate/rook-ceph, renovate/solidnerd-bookstack-25.x, renovate/tj-actions-changed-files-47.x, renovate/victoria-logs-single-0.x, renovate/victoria-metrics-k8s-stack-0.x (repository=local)
DEBUG: 0 PRs are currently open (repository=local)
DEBUG: ConcurrentPRs count = 0 (repository=local)
DEBUG: 31 already existing branches found. (repository=local)
DEBUG: Branches count = 31 (repository=local)
DEBUG: Calculating PRs created so far in this hour currentHourStart=2025-09-21T03:00:00.000Z (repository=local)
DEBUG: 0 PRs have been created so far in this hour. (repository=local)
DEBUG: HourlyPRs count = 0 (repository=local)
DEBUG: syncBranchState() (repository=local, branch=renovate/pin-dependencies)
DEBUG: syncBranchState(): Branch cache not found, creating minimal branchState (repository=local, branch=renovate/pin-dependencies)
DEBUG: branchExists=true (repository=local, branch=renovate/pin-dependencies)
DEBUG: dependencyDashboardCheck=undefined (repository=local, branch=renovate/pin-dependencies)
DEBUG: recreateClosed is true. No need to check for closed PR. (repository=local, branch=renovate/pin-dependencies)
DEBUG: Open PR Count: 0, Existing Branch Count: 31, Hourly PR Count: 0 (repository=local, branch=renovate/pin-dependencies)
DEBUG: Checking if PR has been edited (repository=local, branch=renovate/pin-dependencies)
DEBUG: Checking schedule(schedule=at any time, tz=America/Chicago, now=2025-09-21T03:14:53.290Z) (repository=local, branch=renovate/pin-dependencies)
DEBUG: No schedule defined (repository=local, branch=renovate/pin-dependencies)
DEBUG: Converting rebaseWhen=auto to rebaseWhen=conflicted because no rule for behind-base-branch applies (repository=local, branch=renovate/pin-dependencies)
DEBUG: Branch already exists (repository=local, branch=renovate/pin-dependencies)
DEBUG: Skipping behind base branch check due to rebaseWhen=conflicted (repository=local, branch=renovate/pin-dependencies)
DEBUG: Branch does not need rebasing (repository=local, branch=renovate/pin-dependencies)
DEBUG: Using reuseExistingBranch: true (repository=local, branch=renovate/pin-dependencies)
DEBUG: manager.getUpdatedPackageFiles() reuseExistingBranch=true (repository=local, branch=renovate/pin-dependencies)
 WARN: Error updating branch (repository=local, branch=renovate/pin-dependencies)
       "err": {
         "message": "Cannot sync git when platform=local",
         "stack": "Error: Cannot sync git when platform=local\n    at syncGit (/opt/homebrew/Cellar/renovate/41.121.0/libexec/lib/node_modules/renovate/lib/util/git/index.ts:409:11)\n    at getFile (/opt/homebrew/Cellar/renovate/41.121.0/libexec/lib/node_modules/renovate/lib/util/git/index.ts:1067:9)\n    at getFileContent (/opt/homebrew/Cellar/renovate/41.121.0/libexec/lib/node_modules/renovate/lib/workers/repository/update/branch/get-updated.ts:36:32)\n    at getUpdatedPackageFiles (/opt/homebrew/Cellar/renovate/41.121.0/libexec/lib/node_modules/renovate/lib/workers/repository/update/branch/get-updated.ts:122:38)\n    at processBranch (/opt/homebrew/Cellar/renovate/41.121.0/libexec/lib/node_modules/renovate/lib/workers/repository/update/branch/index.ts:509:47)\n    at processTicksAndRejections (node:internal/process/task_queues:105:5)\n    at writeUpdates (/opt/homebrew/Cellar/renovate/41.121.0/libexec/lib/node_modules/renovate/lib/workers/repository/process/write.ts:168:17)\n    at update (/opt/homebrew/Cellar/renovate/41.121.0/libexec/lib/node_modules/renovate/lib/workers/repository/process/extract-update.ts:244:11)\n    at Object.renovateRepository (/opt/homebrew/Cellar/renovate/41.121.0/libexec/lib/node_modules/renovate/lib/workers/repository/index.ts:95:19)\n    at attributes.repository (/opt/homebrew/Cellar/renovate/41.121.0/libexec/lib/node_modules/renovate/lib/workers/global/index.ts:184:11)\n    at start (/opt/homebrew/Cellar/renovate/41.121.0/libexec/lib/node_modules/renovate/lib/workers/global/index.ts:169:7)\n    at /opt/homebrew/Cellar/renovate/41.121.0/libexec/lib/node_modules/renovate/lib/renovate.ts:19:22"
       }
DEBUG: syncBranchState() (repository=local, branch=renovate/adguard-adguardhome-0.x)
DEBUG: syncBranchState(): Branch cache not found, creating minimal branchState (repository=local, branch=renovate/adguard-adguardhome-0.x)
DEBUG: branchExists=true (repository=local, branch=renovate/adguard-adguardhome-0.x)
DEBUG: dependencyDashboardCheck=undefined (repository=local, branch=renovate/adguard-adguardhome-0.x)
DEBUG: Check for closed PR because recreating closed PRs is disabled. (repository=local, branch=renovate/adguard-adguardhome-0.x)
DEBUG: prAlreadyExisted=false (repository=local, branch=renovate/adguard-adguardhome-0.x)
DEBUG: Open PR Count: 0, Existing Branch Count: 31, Hourly PR Count: 0 (repository=local, branch=renovate/adguard-adguardhome-0.x)
DEBUG: Checking if PR has been edited (repository=local, branch=renovate/adguard-adguardhome-0.x)
DEBUG: Checking schedule(schedule=at any time, tz=America/Chicago, now=2025-09-21T03:14:53.303Z) (repository=local, branch=renovate/adguard-adguardhome-0.x)
DEBUG: No schedule defined (repository=local, branch=renovate/adguard-adguardhome-0.x)
DEBUG: Converting rebaseWhen=auto to rebaseWhen=behind-base-branch because automerge=true (repository=local, branch=renovate/adguard-adguardhome-0.x)
DEBUG: Branch already exists (repository=local, branch=renovate/adguard-adguardhome-0.x)
DEBUG: Branch is up-to-date (repository=local, branch=renovate/adguard-adguardhome-0.x)
DEBUG: Branch does not need rebasing (repository=local, branch=renovate/adguard-adguardhome-0.x)
DEBUG: Using reuseExistingBranch: true (repository=local, branch=renovate/adguard-adguardhome-0.x)
DEBUG: manager.getUpdatedPackageFiles() reuseExistingBranch=true (repository=local, branch=renovate/adguard-adguardhome-0.x)
 WARN: Error updating branch (repository=local, branch=renovate/adguard-adguardhome-0.x)
       "err": {
         "message": "Cannot sync git when platform=local",
         "stack": "Error: Cannot sync git when platform=local\n    at syncGit (/opt/homebrew/Cellar/renovate/41.121.0/libexec/lib/node_modules/renovate/lib/util/git/index.ts:409:11)\n    at getFile (/opt/homebrew/Cellar/renovate/41.121.0/libexec/lib/node_modules/renovate/lib/util/git/index.ts:1067:9)\n    at getFileContent (/opt/homebrew/Cellar/renovate/41.121.0/libexec/lib/node_modules/renovate/lib/workers/repository/update/branch/get-updated.ts:36:32)\n    at getUpdatedPackageFiles (/opt/homebrew/Cellar/renovate/41.121.0/libexec/lib/node_modules/renovate/lib/workers/repository/update/branch/get-updated.ts:122:38)\n    at processBranch (/opt/homebrew/Cellar/renovate/41.121.0/libexec/lib/node_modules/renovate/lib/workers/repository/update/branch/index.ts:509:47)\n    at processTicksAndRejections (node:internal/process/task_queues:105:5)\n    at writeUpdates (/opt/homebrew/Cellar/renovate/41.121.0/libexec/lib/node_modules/renovate/lib/workers/repository/process/write.ts:168:17)\n    at update (/opt/homebrew/Cellar/renovate/41.121.0/libexec/lib/node_modules/renovate/lib/workers/repository/process/extract-update.ts:244:11)\n    at Object.renovateRepository (/opt/homebrew/Cellar/renovate/41.121.0/libexec/lib/node_modules/renovate/lib/workers/repository/index.ts:95:19)\n    at attributes.repository (/opt/homebrew/Cellar/renovate/41.121.0/libexec/lib/node_modules/renovate/lib/workers/global/index.ts:184:11)\n    at start (/opt/homebrew/Cellar/renovate/41.121.0/libexec/lib/node_modules/renovate/lib/workers/global/index.ts:169:7)\n    at /opt/homebrew/Cellar/renovate/41.121.0/libexec/lib/node_modules/renovate/lib/renovate.ts:19:22"
       }
DEBUG: syncBranchState() (repository=local, branch=renovate/docker-registry1.mariadb.com-library-mariadb-11.x)
DEBUG: syncBranchState(): Branch cache not found, creating minimal branchState (repository=local, branch=renovate/docker-registry1.mariadb.com-library-mariadb-11.x)
DEBUG: branchExists=true (repository=local, branch=renovate/docker-registry1.mariadb.com-library-mariadb-11.x)
DEBUG: dependencyDashboardCheck=undefined (repository=local, branch=renovate/docker-registry1.mariadb.com-library-mariadb-11.x)
DEBUG: Check for closed PR because recreating closed PRs is disabled. (repository=local, branch=renovate/docker-registry1.mariadb.com-library-mariadb-11.x)
DEBUG: prAlreadyExisted=false (repository=local, branch=renovate/docker-registry1.mariadb.com-library-mariadb-11.x)
DEBUG: Open PR Count: 0, Existing Branch Count: 31, Hourly PR Count: 0 (repository=local, branch=renovate/docker-registry1.mariadb.com-library-mariadb-11.x)
DEBUG: Checking if PR has been edited (repository=local, branch=renovate/docker-registry1.mariadb.com-library-mariadb-11.x)
DEBUG: Checking schedule(schedule=at any time, tz=America/Chicago, now=2025-09-21T03:14:53.304Z) (repository=local, branch=renovate/docker-registry1.mariadb.com-library-mariadb-11.x)
DEBUG: No schedule defined (repository=local, branch=renovate/docker-registry1.mariadb.com-library-mariadb-11.x)
DEBUG: Converting rebaseWhen=auto to rebaseWhen=behind-base-branch because automerge=true (repository=local, branch=renovate/docker-registry1.mariadb.com-library-mariadb-11.x)
DEBUG: Branch already exists (repository=local, branch=renovate/docker-registry1.mariadb.com-library-mariadb-11.x)
DEBUG: Branch is up-to-date (repository=local, branch=renovate/docker-registry1.mariadb.com-library-mariadb-11.x)
DEBUG: Branch does not need rebasing (repository=local, branch=renovate/docker-registry1.mariadb.com-library-mariadb-11.x)
DEBUG: Using reuseExistingBranch: true (repository=local, branch=renovate/docker-registry1.mariadb.com-library-mariadb-11.x)
DEBUG: manager.getUpdatedPackageFiles() reuseExistingBranch=true (repository=local, branch=renovate/docker-registry1.mariadb.com-library-mariadb-11.x)
 WARN: Error updating branch (repository=local, branch=renovate/docker-registry1.mariadb.com-library-mariadb-11.x)
       "err": {
         "message": "Cannot sync git when platform=local",
         "stack": "Error: Cannot sync git when platform=local\n    at syncGit (/opt/homebrew/Cellar/renovate/41.121.0/libexec/lib/node_modules/renovate/lib/util/git/index.ts:409:11)\n    at getFile (/opt/homebrew/Cellar/renovate/41.121.0/libexec/lib/node_modules/renovate/lib/util/git/index.ts:1067:9)\n    at getFileContent (/opt/homebrew/Cellar/renovate/41.121.0/libexec/lib/node_modules/renovate/lib/workers/repository/update/branch/get-updated.ts:36:32)\n    at getUpdatedPackageFiles (/opt/homebrew/Cellar/renovate/41.121.0/libexec/lib/node_modules/renovate/lib/workers/repository/update/branch/get-updated.ts:122:38)\n    at processBranch (/opt/homebrew/Cellar/renovate/41.121.0/libexec/lib/node_modules/renovate/lib/workers/repository/update/branch/index.ts:509:47)\n    at processTicksAndRejections (node:internal/process/task_queues:105:5)\n    at writeUpdates (/opt/homebrew/Cellar/renovate/41.121.0/libexec/lib/node_modules/renovate/lib/workers/repository/process/write.ts:168:17)\n    at update (/opt/homebrew/Cellar/renovate/41.121.0/libexec/lib/node_modules/renovate/lib/workers/repository/process/extract-update.ts:244:11)\n    at Object.renovateRepository (/opt/homebrew/Cellar/renovate/41.121.0/libexec/lib/node_modules/renovate/lib/workers/repository/index.ts:95:19)\n    at attributes.repository (/opt/homebrew/Cellar/renovate/41.121.0/libexec/lib/node_modules/renovate/lib/workers/global/index.ts:184:11)\n    at start (/opt/homebrew/Cellar/renovate/41.121.0/libexec/lib/node_modules/renovate/lib/workers/global/index.ts:169:7)\n    at /opt/homebrew/Cellar/renovate/41.121.0/libexec/lib/node_modules/renovate/lib/renovate.ts:19:22"
       }
DEBUG: syncBranchState() (repository=local, branch=renovate/docker.io-envoyproxy-gateway-helm-1.x)
DEBUG: syncBranchState(): Branch cache not found, creating minimal branchState (repository=local, branch=renovate/docker.io-envoyproxy-gateway-helm-1.x)
DEBUG: branchExists=true (repository=local, branch=renovate/docker.io-envoyproxy-gateway-helm-1.x)
DEBUG: dependencyDashboardCheck=undefined (repository=local, branch=renovate/docker.io-envoyproxy-gateway-helm-1.x)
DEBUG: Check for closed PR because recreating closed PRs is disabled. (repository=local, branch=renovate/docker.io-envoyproxy-gateway-helm-1.x)
DEBUG: prAlreadyExisted=false (repository=local, branch=renovate/docker.io-envoyproxy-gateway-helm-1.x)
DEBUG: Open PR Count: 0, Existing Branch Count: 31, Hourly PR Count: 0 (repository=local, branch=renovate/docker.io-envoyproxy-gateway-helm-1.x)
DEBUG: Checking if PR has been edited (repository=local, branch=renovate/docker.io-envoyproxy-gateway-helm-1.x)
DEBUG: Checking schedule(schedule=at any time, tz=America/Chicago, now=2025-09-21T03:14:53.304Z) (repository=local, branch=renovate/docker.io-envoyproxy-gateway-helm-1.x)
DEBUG: No schedule defined (repository=local, branch=renovate/docker.io-envoyproxy-gateway-helm-1.x)
DEBUG: Converting rebaseWhen=auto to rebaseWhen=behind-base-branch because automerge=true (repository=local, branch=renovate/docker.io-envoyproxy-gateway-helm-1.x)
DEBUG: Branch already exists (repository=local, branch=renovate/docker.io-envoyproxy-gateway-helm-1.x)
DEBUG: Branch is up-to-date (repository=local, branch=renovate/docker.io-envoyproxy-gateway-helm-1.x)
DEBUG: Branch does not need rebasing (repository=local, branch=renovate/docker.io-envoyproxy-gateway-helm-1.x)
DEBUG: Using reuseExistingBranch: true (repository=local, branch=renovate/docker.io-envoyproxy-gateway-helm-1.x)
DEBUG: manager.getUpdatedPackageFiles() reuseExistingBranch=true (repository=local, branch=renovate/docker.io-envoyproxy-gateway-helm-1.x)
 WARN: Error updating branch (repository=local, branch=renovate/docker.io-envoyproxy-gateway-helm-1.x)
       "err": {
         "message": "Cannot sync git when platform=local",
         "stack": "Error: Cannot sync git when platform=local\n    at syncGit (/opt/homebrew/Cellar/renovate/41.121.0/libexec/lib/node_modules/renovate/lib/util/git/index.ts:409:11)\n    at getFile (/opt/homebrew/Cellar/renovate/41.121.0/libexec/lib/node_modules/renovate/lib/util/git/index.ts:1067:9)\n    at getFileContent (/opt/homebrew/Cellar/renovate/41.121.0/libexec/lib/node_modules/renovate/lib/workers/repository/update/branch/get-updated.ts:36:32)\n    at getUpdatedPackageFiles (/opt/homebrew/Cellar/renovate/41.121.0/libexec/lib/node_modules/renovate/lib/workers/repository/update/branch/get-updated.ts:122:38)\n    at processBranch (/opt/homebrew/Cellar/renovate/41.121.0/libexec/lib/node_modules/renovate/lib/workers/repository/update/branch/index.ts:509:47)\n    at processTicksAndRejections (node:internal/process/task_queues:105:5)\n    at writeUpdates (/opt/homebrew/Cellar/renovate/41.121.0/libexec/lib/node_modules/renovate/lib/workers/repository/process/write.ts:168:17)\n    at update (/opt/homebrew/Cellar/renovate/41.121.0/libexec/lib/node_modules/renovate/lib/workers/repository/process/extract-update.ts:244:11)\n    at Object.renovateRepository (/opt/homebrew/Cellar/renovate/41.121.0/libexec/lib/node_modules/renovate/lib/workers/repository/index.ts:95:19)\n    at attributes.repository (/opt/homebrew/Cellar/renovate/41.121.0/libexec/lib/node_modules/renovate/lib/workers/global/index.ts:184:11)\n    at start (/opt/homebrew/Cellar/renovate/41.121.0/libexec/lib/node_modules/renovate/lib/workers/global/index.ts:169:7)\n    at /opt/homebrew/Cellar/renovate/41.121.0/libexec/lib/node_modules/renovate/lib/renovate.ts:19:22"
       }
DEBUG: syncBranchState() (repository=local, branch=renovate/ghcr.io-coredns-charts-coredns-1.x)
DEBUG: syncBranchState(): Branch cache not found, creating minimal branchState (repository=local, branch=renovate/ghcr.io-coredns-charts-coredns-1.x)
DEBUG: branchExists=true (repository=local, branch=renovate/ghcr.io-coredns-charts-coredns-1.x)
DEBUG: dependencyDashboardCheck=undefined (repository=local, branch=renovate/ghcr.io-coredns-charts-coredns-1.x)
DEBUG: Check for closed PR because recreating closed PRs is disabled. (repository=local, branch=renovate/ghcr.io-coredns-charts-coredns-1.x)
DEBUG: prAlreadyExisted=false (repository=local, branch=renovate/ghcr.io-coredns-charts-coredns-1.x)
DEBUG: Open PR Count: 0, Existing Branch Count: 31, Hourly PR Count: 0 (repository=local, branch=renovate/ghcr.io-coredns-charts-coredns-1.x)
DEBUG: Checking if PR has been edited (repository=local, branch=renovate/ghcr.io-coredns-charts-coredns-1.x)
DEBUG: Checking schedule(schedule=at any time, tz=America/Chicago, now=2025-09-21T03:14:53.305Z) (repository=local, branch=renovate/ghcr.io-coredns-charts-coredns-1.x)
DEBUG: No schedule defined (repository=local, branch=renovate/ghcr.io-coredns-charts-coredns-1.x)
DEBUG: Converting rebaseWhen=auto to rebaseWhen=behind-base-branch because automerge=true (repository=local, branch=renovate/ghcr.io-coredns-charts-coredns-1.x)
DEBUG: Branch already exists (repository=local, branch=renovate/ghcr.io-coredns-charts-coredns-1.x)
DEBUG: Branch is up-to-date (repository=local, branch=renovate/ghcr.io-coredns-charts-coredns-1.x)
DEBUG: Branch does not need rebasing (repository=local, branch=renovate/ghcr.io-coredns-charts-coredns-1.x)
DEBUG: Using reuseExistingBranch: true (repository=local, branch=renovate/ghcr.io-coredns-charts-coredns-1.x)
DEBUG: manager.getUpdatedPackageFiles() reuseExistingBranch=true (repository=local, branch=renovate/ghcr.io-coredns-charts-coredns-1.x)
 WARN: Error updating branch (repository=local, branch=renovate/ghcr.io-coredns-charts-coredns-1.x)
       "err": {
         "message": "Cannot sync git when platform=local",
         "stack": "Error: Cannot sync git when platform=local\n    at syncGit (/opt/homebrew/Cellar/renovate/41.121.0/libexec/lib/node_modules/renovate/lib/util/git/index.ts:409:11)\n    at getFile (/opt/homebrew/Cellar/renovate/41.121.0/libexec/lib/node_modules/renovate/lib/util/git/index.ts:1067:9)\n    at getFileContent (/opt/homebrew/Cellar/renovate/41.121.0/libexec/lib/node_modules/renovate/lib/workers/repository/update/branch/get-updated.ts:36:32)\n    at getUpdatedPackageFiles (/opt/homebrew/Cellar/renovate/41.121.0/libexec/lib/node_modules/renovate/lib/workers/repository/update/branch/get-updated.ts:122:38)\n    at processBranch (/opt/homebrew/Cellar/renovate/41.121.0/libexec/lib/node_modules/renovate/lib/workers/repository/update/branch/index.ts:509:47)\n    at processTicksAndRejections (node:internal/process/task_queues:105:5)\n    at writeUpdates (/opt/homebrew/Cellar/renovate/41.121.0/libexec/lib/node_modules/renovate/lib/workers/repository/process/write.ts:168:17)\n    at update (/opt/homebrew/Cellar/renovate/41.121.0/libexec/lib/node_modules/renovate/lib/workers/repository/process/extract-update.ts:244:11)\n    at Object.renovateRepository (/opt/homebrew/Cellar/renovate/41.121.0/libexec/lib/node_modules/renovate/lib/workers/repository/index.ts:95:19)\n    at attributes.repository (/opt/homebrew/Cellar/renovate/41.121.0/libexec/lib/node_modules/renovate/lib/workers/global/index.ts:184:11)\n    at start (/opt/homebrew/Cellar/renovate/41.121.0/libexec/lib/node_modules/renovate/lib/workers/global/index.ts:169:7)\n    at /opt/homebrew/Cellar/renovate/41.121.0/libexec/lib/node_modules/renovate/lib/renovate.ts:19:22"
       }
DEBUG: syncBranchState() (repository=local, branch=renovate/ghcr.io-siderolabs-kubelet-1.x)
DEBUG: syncBranchState(): Branch cache not found, creating minimal branchState (repository=local, branch=renovate/ghcr.io-siderolabs-kubelet-1.x)
DEBUG: branchExists=true (repository=local, branch=renovate/ghcr.io-siderolabs-kubelet-1.x)
DEBUG: dependencyDashboardCheck=undefined (repository=local, branch=renovate/ghcr.io-siderolabs-kubelet-1.x)
DEBUG: Check for closed PR because recreating closed PRs is disabled. (repository=local, branch=renovate/ghcr.io-siderolabs-kubelet-1.x)
DEBUG: prAlreadyExisted=false (repository=local, branch=renovate/ghcr.io-siderolabs-kubelet-1.x)
DEBUG: Open PR Count: 0, Existing Branch Count: 31, Hourly PR Count: 0 (repository=local, branch=renovate/ghcr.io-siderolabs-kubelet-1.x)
DEBUG: Checking if PR has been edited (repository=local, branch=renovate/ghcr.io-siderolabs-kubelet-1.x)
DEBUG: Checking schedule(schedule=at any time, tz=America/Chicago, now=2025-09-21T03:14:53.306Z) (repository=local, branch=renovate/ghcr.io-siderolabs-kubelet-1.x)
DEBUG: No schedule defined (repository=local, branch=renovate/ghcr.io-siderolabs-kubelet-1.x)
DEBUG: Converting rebaseWhen=auto to rebaseWhen=behind-base-branch because automerge=true (repository=local, branch=renovate/ghcr.io-siderolabs-kubelet-1.x)
DEBUG: Branch already exists (repository=local, branch=renovate/ghcr.io-siderolabs-kubelet-1.x)
DEBUG: Branch is up-to-date (repository=local, branch=renovate/ghcr.io-siderolabs-kubelet-1.x)
DEBUG: Branch does not need rebasing (repository=local, branch=renovate/ghcr.io-siderolabs-kubelet-1.x)
DEBUG: Using reuseExistingBranch: true (repository=local, branch=renovate/ghcr.io-siderolabs-kubelet-1.x)
DEBUG: manager.getUpdatedPackageFiles() reuseExistingBranch=true (repository=local, branch=renovate/ghcr.io-siderolabs-kubelet-1.x)
 WARN: Error updating branch (repository=local, branch=renovate/ghcr.io-siderolabs-kubelet-1.x)
       "err": {
         "message": "Cannot sync git when platform=local",
         "stack": "Error: Cannot sync git when platform=local\n    at syncGit (/opt/homebrew/Cellar/renovate/41.121.0/libexec/lib/node_modules/renovate/lib/util/git/index.ts:409:11)\n    at getFile (/opt/homebrew/Cellar/renovate/41.121.0/libexec/lib/node_modules/renovate/lib/util/git/index.ts:1067:9)\n    at getFileContent (/opt/homebrew/Cellar/renovate/41.121.0/libexec/lib/node_modules/renovate/lib/workers/repository/update/branch/get-updated.ts:36:32)\n    at getUpdatedPackageFiles (/opt/homebrew/Cellar/renovate/41.121.0/libexec/lib/node_modules/renovate/lib/workers/repository/update/branch/get-updated.ts:122:38)\n    at processBranch (/opt/homebrew/Cellar/renovate/41.121.0/libexec/lib/node_modules/renovate/lib/workers/repository/update/branch/index.ts:509:47)\n    at processTicksAndRejections (node:internal/process/task_queues:105:5)\n    at writeUpdates (/opt/homebrew/Cellar/renovate/41.121.0/libexec/lib/node_modules/renovate/lib/workers/repository/process/write.ts:168:17)\n    at update (/opt/homebrew/Cellar/renovate/41.121.0/libexec/lib/node_modules/renovate/lib/workers/repository/process/extract-update.ts:244:11)\n    at Object.renovateRepository (/opt/homebrew/Cellar/renovate/41.121.0/libexec/lib/node_modules/renovate/lib/workers/repository/index.ts:95:19)\n    at attributes.repository (/opt/homebrew/Cellar/renovate/41.121.0/libexec/lib/node_modules/renovate/lib/workers/global/index.ts:184:11)\n    at start (/opt/homebrew/Cellar/renovate/41.121.0/libexec/lib/node_modules/renovate/lib/workers/global/index.ts:169:7)\n    at /opt/homebrew/Cellar/renovate/41.121.0/libexec/lib/node_modules/renovate/lib/renovate.ts:19:22"
       }
DEBUG: syncBranchState() (repository=local, branch=renovate/ghcr.io-stakater-charts-reloader-2.x)
DEBUG: syncBranchState(): Branch cache not found, creating minimal branchState (repository=local, branch=renovate/ghcr.io-stakater-charts-reloader-2.x)
DEBUG: branchExists=true (repository=local, branch=renovate/ghcr.io-stakater-charts-reloader-2.x)
DEBUG: dependencyDashboardCheck=undefined (repository=local, branch=renovate/ghcr.io-stakater-charts-reloader-2.x)
DEBUG: Check for closed PR because recreating closed PRs is disabled. (repository=local, branch=renovate/ghcr.io-stakater-charts-reloader-2.x)
DEBUG: prAlreadyExisted=false (repository=local, branch=renovate/ghcr.io-stakater-charts-reloader-2.x)
DEBUG: Open PR Count: 0, Existing Branch Count: 31, Hourly PR Count: 0 (repository=local, branch=renovate/ghcr.io-stakater-charts-reloader-2.x)
DEBUG: Checking if PR has been edited (repository=local, branch=renovate/ghcr.io-stakater-charts-reloader-2.x)
DEBUG: Checking schedule(schedule=at any time, tz=America/Chicago, now=2025-09-21T03:14:53.306Z) (repository=local, branch=renovate/ghcr.io-stakater-charts-reloader-2.x)
DEBUG: No schedule defined (repository=local, branch=renovate/ghcr.io-stakater-charts-reloader-2.x)
DEBUG: Converting rebaseWhen=auto to rebaseWhen=behind-base-branch because automerge=true (repository=local, branch=renovate/ghcr.io-stakater-charts-reloader-2.x)
DEBUG: Branch already exists (repository=local, branch=renovate/ghcr.io-stakater-charts-reloader-2.x)
DEBUG: Branch is up-to-date (repository=local, branch=renovate/ghcr.io-stakater-charts-reloader-2.x)
DEBUG: Branch does not need rebasing (repository=local, branch=renovate/ghcr.io-stakater-charts-reloader-2.x)
DEBUG: Using reuseExistingBranch: true (repository=local, branch=renovate/ghcr.io-stakater-charts-reloader-2.x)
DEBUG: manager.getUpdatedPackageFiles() reuseExistingBranch=true (repository=local, branch=renovate/ghcr.io-stakater-charts-reloader-2.x)
 WARN: Error updating branch (repository=local, branch=renovate/ghcr.io-stakater-charts-reloader-2.x)
       "err": {
         "message": "Cannot sync git when platform=local",
         "stack": "Error: Cannot sync git when platform=local\n    at syncGit (/opt/homebrew/Cellar/renovate/41.121.0/libexec/lib/node_modules/renovate/lib/util/git/index.ts:409:11)\n    at getFile (/opt/homebrew/Cellar/renovate/41.121.0/libexec/lib/node_modules/renovate/lib/util/git/index.ts:1067:9)\n    at getFileContent (/opt/homebrew/Cellar/renovate/41.121.0/libexec/lib/node_modules/renovate/lib/workers/repository/update/branch/get-updated.ts:36:32)\n    at getUpdatedPackageFiles (/opt/homebrew/Cellar/renovate/41.121.0/libexec/lib/node_modules/renovate/lib/workers/repository/update/branch/get-updated.ts:122:38)\n    at processBranch (/opt/homebrew/Cellar/renovate/41.121.0/libexec/lib/node_modules/renovate/lib/workers/repository/update/branch/index.ts:509:47)\n    at processTicksAndRejections (node:internal/process/task_queues:105:5)\n    at writeUpdates (/opt/homebrew/Cellar/renovate/41.121.0/libexec/lib/node_modules/renovate/lib/workers/repository/process/write.ts:168:17)\n    at update (/opt/homebrew/Cellar/renovate/41.121.0/libexec/lib/node_modules/renovate/lib/workers/repository/process/extract-update.ts:244:11)\n    at Object.renovateRepository (/opt/homebrew/Cellar/renovate/41.121.0/libexec/lib/node_modules/renovate/lib/workers/repository/index.ts:95:19)\n    at attributes.repository (/opt/homebrew/Cellar/renovate/41.121.0/libexec/lib/node_modules/renovate/lib/workers/global/index.ts:184:11)\n    at start (/opt/homebrew/Cellar/renovate/41.121.0/libexec/lib/node_modules/renovate/lib/workers/global/index.ts:169:7)\n    at /opt/homebrew/Cellar/renovate/41.121.0/libexec/lib/node_modules/renovate/lib/renovate.ts:19:22"
       }
DEBUG: syncBranchState() (repository=local, branch=renovate/mikefarah-yq-4.x)
DEBUG: syncBranchState(): Branch cache not found, creating minimal branchState (repository=local, branch=renovate/mikefarah-yq-4.x)
DEBUG: branchExists=true (repository=local, branch=renovate/mikefarah-yq-4.x)
DEBUG: dependencyDashboardCheck=undefined (repository=local, branch=renovate/mikefarah-yq-4.x)
DEBUG: Check for closed PR because recreating closed PRs is disabled. (repository=local, branch=renovate/mikefarah-yq-4.x)
DEBUG: prAlreadyExisted=false (repository=local, branch=renovate/mikefarah-yq-4.x)
DEBUG: Open PR Count: 0, Existing Branch Count: 31, Hourly PR Count: 0 (repository=local, branch=renovate/mikefarah-yq-4.x)
DEBUG: Checking if PR has been edited (repository=local, branch=renovate/mikefarah-yq-4.x)
DEBUG: Checking schedule(schedule=at any time, tz=America/Chicago, now=2025-09-21T03:14:53.307Z) (repository=local, branch=renovate/mikefarah-yq-4.x)
DEBUG: No schedule defined (repository=local, branch=renovate/mikefarah-yq-4.x)
DEBUG: Converting rebaseWhen=auto to rebaseWhen=behind-base-branch because automerge=true (repository=local, branch=renovate/mikefarah-yq-4.x)
DEBUG: Branch already exists (repository=local, branch=renovate/mikefarah-yq-4.x)
DEBUG: Branch is up-to-date (repository=local, branch=renovate/mikefarah-yq-4.x)
DEBUG: Branch does not need rebasing (repository=local, branch=renovate/mikefarah-yq-4.x)
DEBUG: Using reuseExistingBranch: true (repository=local, branch=renovate/mikefarah-yq-4.x)
DEBUG: manager.getUpdatedPackageFiles() reuseExistingBranch=true (repository=local, branch=renovate/mikefarah-yq-4.x)
 WARN: Error updating branch (repository=local, branch=renovate/mikefarah-yq-4.x)
       "err": {
         "message": "Cannot sync git when platform=local",
         "stack": "Error: Cannot sync git when platform=local\n    at syncGit (/opt/homebrew/Cellar/renovate/41.121.0/libexec/lib/node_modules/renovate/lib/util/git/index.ts:409:11)\n    at getFile (/opt/homebrew/Cellar/renovate/41.121.0/libexec/lib/node_modules/renovate/lib/util/git/index.ts:1067:9)\n    at getFileContent (/opt/homebrew/Cellar/renovate/41.121.0/libexec/lib/node_modules/renovate/lib/workers/repository/update/branch/get-updated.ts:36:32)\n    at getUpdatedPackageFiles (/opt/homebrew/Cellar/renovate/41.121.0/libexec/lib/node_modules/renovate/lib/workers/repository/update/branch/get-updated.ts:122:38)\n    at processBranch (/opt/homebrew/Cellar/renovate/41.121.0/libexec/lib/node_modules/renovate/lib/workers/repository/update/branch/index.ts:509:47)\n    at processTicksAndRejections (node:internal/process/task_queues:105:5)\n    at writeUpdates (/opt/homebrew/Cellar/renovate/41.121.0/libexec/lib/node_modules/renovate/lib/workers/repository/process/write.ts:168:17)\n    at update (/opt/homebrew/Cellar/renovate/41.121.0/libexec/lib/node_modules/renovate/lib/workers/repository/process/extract-update.ts:244:11)\n    at Object.renovateRepository (/opt/homebrew/Cellar/renovate/41.121.0/libexec/lib/node_modules/renovate/lib/workers/repository/index.ts:95:19)\n    at attributes.repository (/opt/homebrew/Cellar/renovate/41.121.0/libexec/lib/node_modules/renovate/lib/workers/global/index.ts:184:11)\n    at start (/opt/homebrew/Cellar/renovate/41.121.0/libexec/lib/node_modules/renovate/lib/workers/global/index.ts:169:7)\n    at /opt/homebrew/Cellar/renovate/41.121.0/libexec/lib/node_modules/renovate/lib/renovate.ts:19:22"
       }
DEBUG: syncBranchState() (repository=local, branch=renovate/solidnerd-bookstack-25.x)
DEBUG: syncBranchState(): Branch cache not found, creating minimal branchState (repository=local, branch=renovate/solidnerd-bookstack-25.x)
DEBUG: branchExists=true (repository=local, branch=renovate/solidnerd-bookstack-25.x)
DEBUG: dependencyDashboardCheck=undefined (repository=local, branch=renovate/solidnerd-bookstack-25.x)
DEBUG: Check for closed PR because recreating closed PRs is disabled. (repository=local, branch=renovate/solidnerd-bookstack-25.x)
DEBUG: prAlreadyExisted=false (repository=local, branch=renovate/solidnerd-bookstack-25.x)
DEBUG: Open PR Count: 0, Existing Branch Count: 31, Hourly PR Count: 0 (repository=local, branch=renovate/solidnerd-bookstack-25.x)
DEBUG: Checking if PR has been edited (repository=local, branch=renovate/solidnerd-bookstack-25.x)
DEBUG: Checking schedule(schedule=at any time, tz=America/Chicago, now=2025-09-21T03:14:53.307Z) (repository=local, branch=renovate/solidnerd-bookstack-25.x)
DEBUG: No schedule defined (repository=local, branch=renovate/solidnerd-bookstack-25.x)
DEBUG: Converting rebaseWhen=auto to rebaseWhen=behind-base-branch because automerge=true (repository=local, branch=renovate/solidnerd-bookstack-25.x)
DEBUG: Branch already exists (repository=local, branch=renovate/solidnerd-bookstack-25.x)
DEBUG: Branch is up-to-date (repository=local, branch=renovate/solidnerd-bookstack-25.x)
DEBUG: Branch does not need rebasing (repository=local, branch=renovate/solidnerd-bookstack-25.x)
DEBUG: Using reuseExistingBranch: true (repository=local, branch=renovate/solidnerd-bookstack-25.x)
DEBUG: manager.getUpdatedPackageFiles() reuseExistingBranch=true (repository=local, branch=renovate/solidnerd-bookstack-25.x)
 WARN: Error updating branch (repository=local, branch=renovate/solidnerd-bookstack-25.x)
       "err": {
         "message": "Cannot sync git when platform=local",
         "stack": "Error: Cannot sync git when platform=local\n    at syncGit (/opt/homebrew/Cellar/renovate/41.121.0/libexec/lib/node_modules/renovate/lib/util/git/index.ts:409:11)\n    at getFile (/opt/homebrew/Cellar/renovate/41.121.0/libexec/lib/node_modules/renovate/lib/util/git/index.ts:1067:9)\n    at getFileContent (/opt/homebrew/Cellar/renovate/41.121.0/libexec/lib/node_modules/renovate/lib/workers/repository/update/branch/get-updated.ts:36:32)\n    at getUpdatedPackageFiles (/opt/homebrew/Cellar/renovate/41.121.0/libexec/lib/node_modules/renovate/lib/workers/repository/update/branch/get-updated.ts:122:38)\n    at processBranch (/opt/homebrew/Cellar/renovate/41.121.0/libexec/lib/node_modules/renovate/lib/workers/repository/update/branch/index.ts:509:47)\n    at processTicksAndRejections (node:internal/process/task_queues:105:5)\n    at writeUpdates (/opt/homebrew/Cellar/renovate/41.121.0/libexec/lib/node_modules/renovate/lib/workers/repository/process/write.ts:168:17)\n    at update (/opt/homebrew/Cellar/renovate/41.121.0/libexec/lib/node_modules/renovate/lib/workers/repository/process/extract-update.ts:244:11)\n    at Object.renovateRepository (/opt/homebrew/Cellar/renovate/41.121.0/libexec/lib/node_modules/renovate/lib/workers/repository/index.ts:95:19)\n    at attributes.repository (/opt/homebrew/Cellar/renovate/41.121.0/libexec/lib/node_modules/renovate/lib/workers/global/index.ts:184:11)\n    at start (/opt/homebrew/Cellar/renovate/41.121.0/libexec/lib/node_modules/renovate/lib/workers/global/index.ts:169:7)\n    at /opt/homebrew/Cellar/renovate/41.121.0/libexec/lib/node_modules/renovate/lib/renovate.ts:19:22"
       }
DEBUG: syncBranchState() (repository=local, branch=renovate/cilium-1.x)
DEBUG: syncBranchState(): Branch cache not found, creating minimal branchState (repository=local, branch=renovate/cilium-1.x)
DEBUG: branchExists=true (repository=local, branch=renovate/cilium-1.x)
DEBUG: dependencyDashboardCheck=undefined (repository=local, branch=renovate/cilium-1.x)
DEBUG: Check for closed PR because recreating closed PRs is disabled. (repository=local, branch=renovate/cilium-1.x)
DEBUG: prAlreadyExisted=false (repository=local, branch=renovate/cilium-1.x)
DEBUG: Open PR Count: 0, Existing Branch Count: 31, Hourly PR Count: 0 (repository=local, branch=renovate/cilium-1.x)
DEBUG: Checking if PR has been edited (repository=local, branch=renovate/cilium-1.x)
DEBUG: Checking schedule(schedule=at any time, tz=America/Chicago, now=2025-09-21T03:14:53.309Z) (repository=local, branch=renovate/cilium-1.x)
DEBUG: No schedule defined (repository=local, branch=renovate/cilium-1.x)
DEBUG: Converting rebaseWhen=auto to rebaseWhen=conflicted because no rule for behind-base-branch applies (repository=local, branch=renovate/cilium-1.x)
DEBUG: Branch already exists (repository=local, branch=renovate/cilium-1.x)
DEBUG: Skipping behind base branch check due to rebaseWhen=conflicted (repository=local, branch=renovate/cilium-1.x)
DEBUG: Branch does not need rebasing (repository=local, branch=renovate/cilium-1.x)
DEBUG: Using reuseExistingBranch: true (repository=local, branch=renovate/cilium-1.x)
DEBUG: manager.getUpdatedPackageFiles() reuseExistingBranch=true (repository=local, branch=renovate/cilium-1.x)
 WARN: Error updating branch (repository=local, branch=renovate/cilium-1.x)
       "err": {
         "message": "Cannot sync git when platform=local",
         "stack": "Error: Cannot sync git when platform=local\n    at syncGit (/opt/homebrew/Cellar/renovate/41.121.0/libexec/lib/node_modules/renovate/lib/util/git/index.ts:409:11)\n    at getFile (/opt/homebrew/Cellar/renovate/41.121.0/libexec/lib/node_modules/renovate/lib/util/git/index.ts:1067:9)\n    at getFileContent (/opt/homebrew/Cellar/renovate/41.121.0/libexec/lib/node_modules/renovate/lib/workers/repository/update/branch/get-updated.ts:36:32)\n    at getUpdatedPackageFiles (/opt/homebrew/Cellar/renovate/41.121.0/libexec/lib/node_modules/renovate/lib/workers/repository/update/branch/get-updated.ts:122:38)\n    at processBranch (/opt/homebrew/Cellar/renovate/41.121.0/libexec/lib/node_modules/renovate/lib/workers/repository/update/branch/index.ts:509:47)\n    at processTicksAndRejections (node:internal/process/task_queues:105:5)\n    at writeUpdates (/opt/homebrew/Cellar/renovate/41.121.0/libexec/lib/node_modules/renovate/lib/workers/repository/process/write.ts:168:17)\n    at update (/opt/homebrew/Cellar/renovate/41.121.0/libexec/lib/node_modules/renovate/lib/workers/repository/process/extract-update.ts:244:11)\n    at Object.renovateRepository (/opt/homebrew/Cellar/renovate/41.121.0/libexec/lib/node_modules/renovate/lib/workers/repository/index.ts:95:19)\n    at attributes.repository (/opt/homebrew/Cellar/renovate/41.121.0/libexec/lib/node_modules/renovate/lib/workers/global/index.ts:184:11)\n    at start (/opt/homebrew/Cellar/renovate/41.121.0/libexec/lib/node_modules/renovate/lib/workers/global/index.ts:169:7)\n    at /opt/homebrew/Cellar/renovate/41.121.0/libexec/lib/node_modules/renovate/lib/renovate.ts:19:22"
       }
DEBUG: syncBranchState() (repository=local, branch=renovate/mariadb-operator-25.x)
DEBUG: syncBranchState(): Branch cache not found, creating minimal branchState (repository=local, branch=renovate/mariadb-operator-25.x)
DEBUG: branchExists=true (repository=local, branch=renovate/mariadb-operator-25.x)
DEBUG: dependencyDashboardCheck=undefined (repository=local, branch=renovate/mariadb-operator-25.x)
DEBUG: Check for closed PR because recreating closed PRs is disabled. (repository=local, branch=renovate/mariadb-operator-25.x)
DEBUG: prAlreadyExisted=false (repository=local, branch=renovate/mariadb-operator-25.x)
DEBUG: Open PR Count: 0, Existing Branch Count: 31, Hourly PR Count: 0 (repository=local, branch=renovate/mariadb-operator-25.x)
DEBUG: Checking if PR has been edited (repository=local, branch=renovate/mariadb-operator-25.x)
DEBUG: Checking schedule(schedule=at any time, tz=America/Chicago, now=2025-09-21T03:14:53.310Z) (repository=local, branch=renovate/mariadb-operator-25.x)
DEBUG: No schedule defined (repository=local, branch=renovate/mariadb-operator-25.x)
DEBUG: Converting rebaseWhen=auto to rebaseWhen=conflicted because no rule for behind-base-branch applies (repository=local, branch=renovate/mariadb-operator-25.x)
DEBUG: Branch already exists (repository=local, branch=renovate/mariadb-operator-25.x)
DEBUG: Skipping behind base branch check due to rebaseWhen=conflicted (repository=local, branch=renovate/mariadb-operator-25.x)
DEBUG: Branch does not need rebasing (repository=local, branch=renovate/mariadb-operator-25.x)
DEBUG: Using reuseExistingBranch: true (repository=local, branch=renovate/mariadb-operator-25.x)
DEBUG: manager.getUpdatedPackageFiles() reuseExistingBranch=true (repository=local, branch=renovate/mariadb-operator-25.x)
 WARN: Error updating branch (repository=local, branch=renovate/mariadb-operator-25.x)
       "err": {
         "message": "Cannot sync git when platform=local",
         "stack": "Error: Cannot sync git when platform=local\n    at syncGit (/opt/homebrew/Cellar/renovate/41.121.0/libexec/lib/node_modules/renovate/lib/util/git/index.ts:409:11)\n    at getFile (/opt/homebrew/Cellar/renovate/41.121.0/libexec/lib/node_modules/renovate/lib/util/git/index.ts:1067:9)\n    at getFileContent (/opt/homebrew/Cellar/renovate/41.121.0/libexec/lib/node_modules/renovate/lib/workers/repository/update/branch/get-updated.ts:36:32)\n    at getUpdatedPackageFiles (/opt/homebrew/Cellar/renovate/41.121.0/libexec/lib/node_modules/renovate/lib/workers/repository/update/branch/get-updated.ts:122:38)\n    at processBranch (/opt/homebrew/Cellar/renovate/41.121.0/libexec/lib/node_modules/renovate/lib/workers/repository/update/branch/index.ts:509:47)\n    at processTicksAndRejections (node:internal/process/task_queues:105:5)\n    at writeUpdates (/opt/homebrew/Cellar/renovate/41.121.0/libexec/lib/node_modules/renovate/lib/workers/repository/process/write.ts:168:17)\n    at update (/opt/homebrew/Cellar/renovate/41.121.0/libexec/lib/node_modules/renovate/lib/workers/repository/process/extract-update.ts:244:11)\n    at Object.renovateRepository (/opt/homebrew/Cellar/renovate/41.121.0/libexec/lib/node_modules/renovate/lib/workers/repository/index.ts:95:19)\n    at attributes.repository (/opt/homebrew/Cellar/renovate/41.121.0/libexec/lib/node_modules/renovate/lib/workers/global/index.ts:184:11)\n    at start (/opt/homebrew/Cellar/renovate/41.121.0/libexec/lib/node_modules/renovate/lib/workers/global/index.ts:169:7)\n    at /opt/homebrew/Cellar/renovate/41.121.0/libexec/lib/node_modules/renovate/lib/renovate.ts:19:22"
       }
DEBUG: syncBranchState() (repository=local, branch=renovate/mariadb-operator-crds-25.x)
DEBUG: syncBranchState(): Branch cache not found, creating minimal branchState (repository=local, branch=renovate/mariadb-operator-crds-25.x)
DEBUG: branchExists=true (repository=local, branch=renovate/mariadb-operator-crds-25.x)
DEBUG: dependencyDashboardCheck=undefined (repository=local, branch=renovate/mariadb-operator-crds-25.x)
DEBUG: Check for closed PR because recreating closed PRs is disabled. (repository=local, branch=renovate/mariadb-operator-crds-25.x)
DEBUG: prAlreadyExisted=false (repository=local, branch=renovate/mariadb-operator-crds-25.x)
DEBUG: Open PR Count: 0, Existing Branch Count: 31, Hourly PR Count: 0 (repository=local, branch=renovate/mariadb-operator-crds-25.x)
DEBUG: Checking if PR has been edited (repository=local, branch=renovate/mariadb-operator-crds-25.x)
DEBUG: Checking schedule(schedule=at any time, tz=America/Chicago, now=2025-09-21T03:14:53.310Z) (repository=local, branch=renovate/mariadb-operator-crds-25.x)
DEBUG: No schedule defined (repository=local, branch=renovate/mariadb-operator-crds-25.x)
DEBUG: Converting rebaseWhen=auto to rebaseWhen=conflicted because no rule for behind-base-branch applies (repository=local, branch=renovate/mariadb-operator-crds-25.x)
DEBUG: Branch already exists (repository=local, branch=renovate/mariadb-operator-crds-25.x)
DEBUG: Skipping behind base branch check due to rebaseWhen=conflicted (repository=local, branch=renovate/mariadb-operator-crds-25.x)
DEBUG: Branch does not need rebasing (repository=local, branch=renovate/mariadb-operator-crds-25.x)
DEBUG: Using reuseExistingBranch: true (repository=local, branch=renovate/mariadb-operator-crds-25.x)
DEBUG: manager.getUpdatedPackageFiles() reuseExistingBranch=true (repository=local, branch=renovate/mariadb-operator-crds-25.x)
 WARN: Error updating branch (repository=local, branch=renovate/mariadb-operator-crds-25.x)
       "err": {
         "message": "Cannot sync git when platform=local",
         "stack": "Error: Cannot sync git when platform=local\n    at syncGit (/opt/homebrew/Cellar/renovate/41.121.0/libexec/lib/node_modules/renovate/lib/util/git/index.ts:409:11)\n    at getFile (/opt/homebrew/Cellar/renovate/41.121.0/libexec/lib/node_modules/renovate/lib/util/git/index.ts:1067:9)\n    at getFileContent (/opt/homebrew/Cellar/renovate/41.121.0/libexec/lib/node_modules/renovate/lib/workers/repository/update/branch/get-updated.ts:36:32)\n    at getUpdatedPackageFiles (/opt/homebrew/Cellar/renovate/41.121.0/libexec/lib/node_modules/renovate/lib/workers/repository/update/branch/get-updated.ts:122:38)\n    at processBranch (/opt/homebrew/Cellar/renovate/41.121.0/libexec/lib/node_modules/renovate/lib/workers/repository/update/branch/index.ts:509:47)\n    at processTicksAndRejections (node:internal/process/task_queues:105:5)\n    at writeUpdates (/opt/homebrew/Cellar/renovate/41.121.0/libexec/lib/node_modules/renovate/lib/workers/repository/process/write.ts:168:17)\n    at update (/opt/homebrew/Cellar/renovate/41.121.0/libexec/lib/node_modules/renovate/lib/workers/repository/process/extract-update.ts:244:11)\n    at Object.renovateRepository (/opt/homebrew/Cellar/renovate/41.121.0/libexec/lib/node_modules/renovate/lib/workers/repository/index.ts:95:19)\n    at attributes.repository (/opt/homebrew/Cellar/renovate/41.121.0/libexec/lib/node_modules/renovate/lib/workers/global/index.ts:184:11)\n    at start (/opt/homebrew/Cellar/renovate/41.121.0/libexec/lib/node_modules/renovate/lib/workers/global/index.ts:169:7)\n    at /opt/homebrew/Cellar/renovate/41.121.0/libexec/lib/node_modules/renovate/lib/renovate.ts:19:22"
       }
DEBUG: syncBranchState() (repository=local, branch=renovate/victoria-logs-single-0.x)
DEBUG: syncBranchState(): Branch cache not found, creating minimal branchState (repository=local, branch=renovate/victoria-logs-single-0.x)
DEBUG: branchExists=true (repository=local, branch=renovate/victoria-logs-single-0.x)
DEBUG: dependencyDashboardCheck=undefined (repository=local, branch=renovate/victoria-logs-single-0.x)
DEBUG: Check for closed PR because recreating closed PRs is disabled. (repository=local, branch=renovate/victoria-logs-single-0.x)
DEBUG: prAlreadyExisted=false (repository=local, branch=renovate/victoria-logs-single-0.x)
DEBUG: Open PR Count: 0, Existing Branch Count: 31, Hourly PR Count: 0 (repository=local, branch=renovate/victoria-logs-single-0.x)
DEBUG: Checking if PR has been edited (repository=local, branch=renovate/victoria-logs-single-0.x)
DEBUG: Checking schedule(schedule=at any time, tz=America/Chicago, now=2025-09-21T03:14:53.311Z) (repository=local, branch=renovate/victoria-logs-single-0.x)
DEBUG: No schedule defined (repository=local, branch=renovate/victoria-logs-single-0.x)
DEBUG: Converting rebaseWhen=auto to rebaseWhen=conflicted because no rule for behind-base-branch applies (repository=local, branch=renovate/victoria-logs-single-0.x)
DEBUG: Branch already exists (repository=local, branch=renovate/victoria-logs-single-0.x)
DEBUG: Skipping behind base branch check due to rebaseWhen=conflicted (repository=local, branch=renovate/victoria-logs-single-0.x)
DEBUG: Branch does not need rebasing (repository=local, branch=renovate/victoria-logs-single-0.x)
DEBUG: Using reuseExistingBranch: true (repository=local, branch=renovate/victoria-logs-single-0.x)
DEBUG: manager.getUpdatedPackageFiles() reuseExistingBranch=true (repository=local, branch=renovate/victoria-logs-single-0.x)
 WARN: Error updating branch (repository=local, branch=renovate/victoria-logs-single-0.x)
       "err": {
         "message": "Cannot sync git when platform=local",
         "stack": "Error: Cannot sync git when platform=local\n    at syncGit (/opt/homebrew/Cellar/renovate/41.121.0/libexec/lib/node_modules/renovate/lib/util/git/index.ts:409:11)\n    at getFile (/opt/homebrew/Cellar/renovate/41.121.0/libexec/lib/node_modules/renovate/lib/util/git/index.ts:1067:9)\n    at getFileContent (/opt/homebrew/Cellar/renovate/41.121.0/libexec/lib/node_modules/renovate/lib/workers/repository/update/branch/get-updated.ts:36:32)\n    at getUpdatedPackageFiles (/opt/homebrew/Cellar/renovate/41.121.0/libexec/lib/node_modules/renovate/lib/workers/repository/update/branch/get-updated.ts:122:38)\n    at processBranch (/opt/homebrew/Cellar/renovate/41.121.0/libexec/lib/node_modules/renovate/lib/workers/repository/update/branch/index.ts:509:47)\n    at processTicksAndRejections (node:internal/process/task_queues:105:5)\n    at writeUpdates (/opt/homebrew/Cellar/renovate/41.121.0/libexec/lib/node_modules/renovate/lib/workers/repository/process/write.ts:168:17)\n    at update (/opt/homebrew/Cellar/renovate/41.121.0/libexec/lib/node_modules/renovate/lib/workers/repository/process/extract-update.ts:244:11)\n    at Object.renovateRepository (/opt/homebrew/Cellar/renovate/41.121.0/libexec/lib/node_modules/renovate/lib/workers/repository/index.ts:95:19)\n    at attributes.repository (/opt/homebrew/Cellar/renovate/41.121.0/libexec/lib/node_modules/renovate/lib/workers/global/index.ts:184:11)\n    at start (/opt/homebrew/Cellar/renovate/41.121.0/libexec/lib/node_modules/renovate/lib/workers/global/index.ts:169:7)\n    at /opt/homebrew/Cellar/renovate/41.121.0/libexec/lib/node_modules/renovate/lib/renovate.ts:19:22"
       }
DEBUG: syncBranchState() (repository=local, branch=renovate/rook-ceph)
DEBUG: syncBranchState(): Branch cache not found, creating minimal branchState (repository=local, branch=renovate/rook-ceph)
DEBUG: branchExists=true (repository=local, branch=renovate/rook-ceph)
DEBUG: dependencyDashboardCheck=undefined (repository=local, branch=renovate/rook-ceph)
DEBUG: Check for closed PR because recreating closed PRs is disabled. (repository=local, branch=renovate/rook-ceph)
DEBUG: prAlreadyExisted=false (repository=local, branch=renovate/rook-ceph)
DEBUG: Open PR Count: 0, Existing Branch Count: 31, Hourly PR Count: 0 (repository=local, branch=renovate/rook-ceph)
DEBUG: Checking if PR has been edited (repository=local, branch=renovate/rook-ceph)
DEBUG: Checking schedule(schedule=at any time, tz=America/Chicago, now=2025-09-21T03:14:53.311Z) (repository=local, branch=renovate/rook-ceph)
DEBUG: No schedule defined (repository=local, branch=renovate/rook-ceph)
DEBUG: Converting rebaseWhen=auto to rebaseWhen=conflicted because no rule for behind-base-branch applies (repository=local, branch=renovate/rook-ceph)
DEBUG: Branch already exists (repository=local, branch=renovate/rook-ceph)
DEBUG: Skipping behind base branch check due to rebaseWhen=conflicted (repository=local, branch=renovate/rook-ceph)
DEBUG: Branch does not need rebasing (repository=local, branch=renovate/rook-ceph)
DEBUG: Using reuseExistingBranch: true (repository=local, branch=renovate/rook-ceph)
DEBUG: manager.getUpdatedPackageFiles() reuseExistingBranch=true (repository=local, branch=renovate/rook-ceph)
 WARN: Error updating branch (repository=local, branch=renovate/rook-ceph)
       "err": {
         "message": "Cannot sync git when platform=local",
         "stack": "Error: Cannot sync git when platform=local\n    at syncGit (/opt/homebrew/Cellar/renovate/41.121.0/libexec/lib/node_modules/renovate/lib/util/git/index.ts:409:11)\n    at getFile (/opt/homebrew/Cellar/renovate/41.121.0/libexec/lib/node_modules/renovate/lib/util/git/index.ts:1067:9)\n    at getFileContent (/opt/homebrew/Cellar/renovate/41.121.0/libexec/lib/node_modules/renovate/lib/workers/repository/update/branch/get-updated.ts:36:32)\n    at getUpdatedPackageFiles (/opt/homebrew/Cellar/renovate/41.121.0/libexec/lib/node_modules/renovate/lib/workers/repository/update/branch/get-updated.ts:122:38)\n    at processBranch (/opt/homebrew/Cellar/renovate/41.121.0/libexec/lib/node_modules/renovate/lib/workers/repository/update/branch/index.ts:509:47)\n    at processTicksAndRejections (node:internal/process/task_queues:105:5)\n    at writeUpdates (/opt/homebrew/Cellar/renovate/41.121.0/libexec/lib/node_modules/renovate/lib/workers/repository/process/write.ts:168:17)\n    at update (/opt/homebrew/Cellar/renovate/41.121.0/libexec/lib/node_modules/renovate/lib/workers/repository/process/extract-update.ts:244:11)\n    at Object.renovateRepository (/opt/homebrew/Cellar/renovate/41.121.0/libexec/lib/node_modules/renovate/lib/workers/repository/index.ts:95:19)\n    at attributes.repository (/opt/homebrew/Cellar/renovate/41.121.0/libexec/lib/node_modules/renovate/lib/workers/global/index.ts:184:11)\n    at start (/opt/homebrew/Cellar/renovate/41.121.0/libexec/lib/node_modules/renovate/lib/workers/global/index.ts:169:7)\n    at /opt/homebrew/Cellar/renovate/41.121.0/libexec/lib/node_modules/renovate/lib/renovate.ts:19:22"
       }
DEBUG: syncBranchState() (repository=local, branch=renovate/docker.io-cloudflare-cloudflared-2025.x)
DEBUG: syncBranchState(): Branch cache not found, creating minimal branchState (repository=local, branch=renovate/docker.io-cloudflare-cloudflared-2025.x)
DEBUG: branchExists=true (repository=local, branch=renovate/docker.io-cloudflare-cloudflared-2025.x)
DEBUG: dependencyDashboardCheck=undefined (repository=local, branch=renovate/docker.io-cloudflare-cloudflared-2025.x)
DEBUG: Check for closed PR because recreating closed PRs is disabled. (repository=local, branch=renovate/docker.io-cloudflare-cloudflared-2025.x)
DEBUG: prAlreadyExisted=false (repository=local, branch=renovate/docker.io-cloudflare-cloudflared-2025.x)
DEBUG: Open PR Count: 0, Existing Branch Count: 31, Hourly PR Count: 0 (repository=local, branch=renovate/docker.io-cloudflare-cloudflared-2025.x)
DEBUG: Checking if PR has been edited (repository=local, branch=renovate/docker.io-cloudflare-cloudflared-2025.x)
DEBUG: Checking schedule(schedule=at any time, tz=America/Chicago, now=2025-09-21T03:14:53.312Z) (repository=local, branch=renovate/docker.io-cloudflare-cloudflared-2025.x)
DEBUG: No schedule defined (repository=local, branch=renovate/docker.io-cloudflare-cloudflared-2025.x)
DEBUG: Converting rebaseWhen=auto to rebaseWhen=conflicted because no rule for behind-base-branch applies (repository=local, branch=renovate/docker.io-cloudflare-cloudflared-2025.x)
DEBUG: Branch already exists (repository=local, branch=renovate/docker.io-cloudflare-cloudflared-2025.x)
DEBUG: Skipping behind base branch check due to rebaseWhen=conflicted (repository=local, branch=renovate/docker.io-cloudflare-cloudflared-2025.x)
DEBUG: Branch does not need rebasing (repository=local, branch=renovate/docker.io-cloudflare-cloudflared-2025.x)
DEBUG: Using reuseExistingBranch: true (repository=local, branch=renovate/docker.io-cloudflare-cloudflared-2025.x)
DEBUG: manager.getUpdatedPackageFiles() reuseExistingBranch=true (repository=local, branch=renovate/docker.io-cloudflare-cloudflared-2025.x)
 WARN: Error updating branch (repository=local, branch=renovate/docker.io-cloudflare-cloudflared-2025.x)
       "err": {
         "message": "Cannot sync git when platform=local",
         "stack": "Error: Cannot sync git when platform=local\n    at syncGit (/opt/homebrew/Cellar/renovate/41.121.0/libexec/lib/node_modules/renovate/lib/util/git/index.ts:409:11)\n    at getFile (/opt/homebrew/Cellar/renovate/41.121.0/libexec/lib/node_modules/renovate/lib/util/git/index.ts:1067:9)\n    at getFileContent (/opt/homebrew/Cellar/renovate/41.121.0/libexec/lib/node_modules/renovate/lib/workers/repository/update/branch/get-updated.ts:36:32)\n    at getUpdatedPackageFiles (/opt/homebrew/Cellar/renovate/41.121.0/libexec/lib/node_modules/renovate/lib/workers/repository/update/branch/get-updated.ts:122:38)\n    at processBranch (/opt/homebrew/Cellar/renovate/41.121.0/libexec/lib/node_modules/renovate/lib/workers/repository/update/branch/index.ts:509:47)\n    at processTicksAndRejections (node:internal/process/task_queues:105:5)\n    at writeUpdates (/opt/homebrew/Cellar/renovate/41.121.0/libexec/lib/node_modules/renovate/lib/workers/repository/process/write.ts:168:17)\n    at update (/opt/homebrew/Cellar/renovate/41.121.0/libexec/lib/node_modules/renovate/lib/workers/repository/process/extract-update.ts:244:11)\n    at Object.renovateRepository (/opt/homebrew/Cellar/renovate/41.121.0/libexec/lib/node_modules/renovate/lib/workers/repository/index.ts:95:19)\n    at attributes.repository (/opt/homebrew/Cellar/renovate/41.121.0/libexec/lib/node_modules/renovate/lib/workers/global/index.ts:184:11)\n    at start (/opt/homebrew/Cellar/renovate/41.121.0/libexec/lib/node_modules/renovate/lib/workers/global/index.ts:169:7)\n    at /opt/homebrew/Cellar/renovate/41.121.0/libexec/lib/node_modules/renovate/lib/renovate.ts:19:22"
       }
DEBUG: syncBranchState() (repository=local, branch=renovate/doobidoo-mcp-memory-service-6.x)
DEBUG: syncBranchState(): Branch cache not found, creating minimal branchState (repository=local, branch=renovate/doobidoo-mcp-memory-service-6.x)
DEBUG: branchExists=true (repository=local, branch=renovate/doobidoo-mcp-memory-service-6.x)
DEBUG: dependencyDashboardCheck=undefined (repository=local, branch=renovate/doobidoo-mcp-memory-service-6.x)
DEBUG: Check for closed PR because recreating closed PRs is disabled. (repository=local, branch=renovate/doobidoo-mcp-memory-service-6.x)
DEBUG: prAlreadyExisted=false (repository=local, branch=renovate/doobidoo-mcp-memory-service-6.x)
DEBUG: Open PR Count: 0, Existing Branch Count: 31, Hourly PR Count: 0 (repository=local, branch=renovate/doobidoo-mcp-memory-service-6.x)
DEBUG: Checking if PR has been edited (repository=local, branch=renovate/doobidoo-mcp-memory-service-6.x)
DEBUG: Checking schedule(schedule=at any time, tz=America/Chicago, now=2025-09-21T03:14:53.313Z) (repository=local, branch=renovate/doobidoo-mcp-memory-service-6.x)
DEBUG: No schedule defined (repository=local, branch=renovate/doobidoo-mcp-memory-service-6.x)
DEBUG: Converting rebaseWhen=auto to rebaseWhen=conflicted because no rule for behind-base-branch applies (repository=local, branch=renovate/doobidoo-mcp-memory-service-6.x)
DEBUG: Branch already exists (repository=local, branch=renovate/doobidoo-mcp-memory-service-6.x)
DEBUG: Skipping behind base branch check due to rebaseWhen=conflicted (repository=local, branch=renovate/doobidoo-mcp-memory-service-6.x)
DEBUG: Branch does not need rebasing (repository=local, branch=renovate/doobidoo-mcp-memory-service-6.x)
DEBUG: Using reuseExistingBranch: true (repository=local, branch=renovate/doobidoo-mcp-memory-service-6.x)
DEBUG: manager.getUpdatedPackageFiles() reuseExistingBranch=true (repository=local, branch=renovate/doobidoo-mcp-memory-service-6.x)
 WARN: Error updating branch (repository=local, branch=renovate/doobidoo-mcp-memory-service-6.x)
       "err": {
         "message": "Cannot sync git when platform=local",
         "stack": "Error: Cannot sync git when platform=local\n    at syncGit (/opt/homebrew/Cellar/renovate/41.121.0/libexec/lib/node_modules/renovate/lib/util/git/index.ts:409:11)\n    at getFile (/opt/homebrew/Cellar/renovate/41.121.0/libexec/lib/node_modules/renovate/lib/util/git/index.ts:1067:9)\n    at getFileContent (/opt/homebrew/Cellar/renovate/41.121.0/libexec/lib/node_modules/renovate/lib/workers/repository/update/branch/get-updated.ts:36:32)\n    at getUpdatedPackageFiles (/opt/homebrew/Cellar/renovate/41.121.0/libexec/lib/node_modules/renovate/lib/workers/repository/update/branch/get-updated.ts:122:38)\n    at processBranch (/opt/homebrew/Cellar/renovate/41.121.0/libexec/lib/node_modules/renovate/lib/workers/repository/update/branch/index.ts:509:47)\n    at processTicksAndRejections (node:internal/process/task_queues:105:5)\n    at writeUpdates (/opt/homebrew/Cellar/renovate/41.121.0/libexec/lib/node_modules/renovate/lib/workers/repository/process/write.ts:168:17)\n    at update (/opt/homebrew/Cellar/renovate/41.121.0/libexec/lib/node_modules/renovate/lib/workers/repository/process/extract-update.ts:244:11)\n    at Object.renovateRepository (/opt/homebrew/Cellar/renovate/41.121.0/libexec/lib/node_modules/renovate/lib/workers/repository/index.ts:95:19)\n    at attributes.repository (/opt/homebrew/Cellar/renovate/41.121.0/libexec/lib/node_modules/renovate/lib/workers/global/index.ts:184:11)\n    at start (/opt/homebrew/Cellar/renovate/41.121.0/libexec/lib/node_modules/renovate/lib/workers/global/index.ts:169:7)\n    at /opt/homebrew/Cellar/renovate/41.121.0/libexec/lib/node_modules/renovate/lib/renovate.ts:19:22"
       }
DEBUG: syncBranchState() (repository=local, branch=renovate/elasticsearch-8.x)
DEBUG: syncBranchState(): Branch cache not found, creating minimal branchState (repository=local, branch=renovate/elasticsearch-8.x)
DEBUG: branchExists=true (repository=local, branch=renovate/elasticsearch-8.x)
DEBUG: dependencyDashboardCheck=undefined (repository=local, branch=renovate/elasticsearch-8.x)
DEBUG: Check for closed PR because recreating closed PRs is disabled. (repository=local, branch=renovate/elasticsearch-8.x)
DEBUG: prAlreadyExisted=false (repository=local, branch=renovate/elasticsearch-8.x)
DEBUG: Open PR Count: 0, Existing Branch Count: 31, Hourly PR Count: 0 (repository=local, branch=renovate/elasticsearch-8.x)
DEBUG: Checking if PR has been edited (repository=local, branch=renovate/elasticsearch-8.x)
DEBUG: Checking schedule(schedule=at any time, tz=America/Chicago, now=2025-09-21T03:14:53.313Z) (repository=local, branch=renovate/elasticsearch-8.x)
DEBUG: No schedule defined (repository=local, branch=renovate/elasticsearch-8.x)
DEBUG: Converting rebaseWhen=auto to rebaseWhen=conflicted because no rule for behind-base-branch applies (repository=local, branch=renovate/elasticsearch-8.x)
DEBUG: Branch already exists (repository=local, branch=renovate/elasticsearch-8.x)
DEBUG: Skipping behind base branch check due to rebaseWhen=conflicted (repository=local, branch=renovate/elasticsearch-8.x)
DEBUG: Branch does not need rebasing (repository=local, branch=renovate/elasticsearch-8.x)
DEBUG: Using reuseExistingBranch: true (repository=local, branch=renovate/elasticsearch-8.x)
DEBUG: manager.getUpdatedPackageFiles() reuseExistingBranch=true (repository=local, branch=renovate/elasticsearch-8.x)
 WARN: Error updating branch (repository=local, branch=renovate/elasticsearch-8.x)
       "err": {
         "message": "Cannot sync git when platform=local",
         "stack": "Error: Cannot sync git when platform=local\n    at syncGit (/opt/homebrew/Cellar/renovate/41.121.0/libexec/lib/node_modules/renovate/lib/util/git/index.ts:409:11)\n    at getFile (/opt/homebrew/Cellar/renovate/41.121.0/libexec/lib/node_modules/renovate/lib/util/git/index.ts:1067:9)\n    at getFileContent (/opt/homebrew/Cellar/renovate/41.121.0/libexec/lib/node_modules/renovate/lib/workers/repository/update/branch/get-updated.ts:36:32)\n    at getUpdatedPackageFiles (/opt/homebrew/Cellar/renovate/41.121.0/libexec/lib/node_modules/renovate/lib/workers/repository/update/branch/get-updated.ts:122:38)\n    at processBranch (/opt/homebrew/Cellar/renovate/41.121.0/libexec/lib/node_modules/renovate/lib/workers/repository/update/branch/index.ts:509:47)\n    at processTicksAndRejections (node:internal/process/task_queues:105:5)\n    at writeUpdates (/opt/homebrew/Cellar/renovate/41.121.0/libexec/lib/node_modules/renovate/lib/workers/repository/process/write.ts:168:17)\n    at update (/opt/homebrew/Cellar/renovate/41.121.0/libexec/lib/node_modules/renovate/lib/workers/repository/process/extract-update.ts:244:11)\n    at Object.renovateRepository (/opt/homebrew/Cellar/renovate/41.121.0/libexec/lib/node_modules/renovate/lib/workers/repository/index.ts:95:19)\n    at attributes.repository (/opt/homebrew/Cellar/renovate/41.121.0/libexec/lib/node_modules/renovate/lib/workers/global/index.ts:184:11)\n    at start (/opt/homebrew/Cellar/renovate/41.121.0/libexec/lib/node_modules/renovate/lib/workers/global/index.ts:169:7)\n    at /opt/homebrew/Cellar/renovate/41.121.0/libexec/lib/node_modules/renovate/lib/renovate.ts:19:22"
       }
DEBUG: syncBranchState() (repository=local, branch=renovate/ghcr.io-bakito-adguardhome-sync-0.x)
DEBUG: syncBranchState(): Branch cache not found, creating minimal branchState (repository=local, branch=renovate/ghcr.io-bakito-adguardhome-sync-0.x)
DEBUG: branchExists=true (repository=local, branch=renovate/ghcr.io-bakito-adguardhome-sync-0.x)
DEBUG: dependencyDashboardCheck=undefined (repository=local, branch=renovate/ghcr.io-bakito-adguardhome-sync-0.x)
DEBUG: Check for closed PR because recreating closed PRs is disabled. (repository=local, branch=renovate/ghcr.io-bakito-adguardhome-sync-0.x)
DEBUG: prAlreadyExisted=false (repository=local, branch=renovate/ghcr.io-bakito-adguardhome-sync-0.x)
DEBUG: Open PR Count: 0, Existing Branch Count: 31, Hourly PR Count: 0 (repository=local, branch=renovate/ghcr.io-bakito-adguardhome-sync-0.x)
DEBUG: Checking if PR has been edited (repository=local, branch=renovate/ghcr.io-bakito-adguardhome-sync-0.x)
DEBUG: Checking schedule(schedule=at any time, tz=America/Chicago, now=2025-09-21T03:14:53.314Z) (repository=local, branch=renovate/ghcr.io-bakito-adguardhome-sync-0.x)
DEBUG: No schedule defined (repository=local, branch=renovate/ghcr.io-bakito-adguardhome-sync-0.x)
DEBUG: Converting rebaseWhen=auto to rebaseWhen=conflicted because no rule for behind-base-branch applies (repository=local, branch=renovate/ghcr.io-bakito-adguardhome-sync-0.x)
DEBUG: Branch already exists (repository=local, branch=renovate/ghcr.io-bakito-adguardhome-sync-0.x)
DEBUG: Skipping behind base branch check due to rebaseWhen=conflicted (repository=local, branch=renovate/ghcr.io-bakito-adguardhome-sync-0.x)
DEBUG: Branch does not need rebasing (repository=local, branch=renovate/ghcr.io-bakito-adguardhome-sync-0.x)
DEBUG: Using reuseExistingBranch: true (repository=local, branch=renovate/ghcr.io-bakito-adguardhome-sync-0.x)
DEBUG: manager.getUpdatedPackageFiles() reuseExistingBranch=true (repository=local, branch=renovate/ghcr.io-bakito-adguardhome-sync-0.x)
 WARN: Error updating branch (repository=local, branch=renovate/ghcr.io-bakito-adguardhome-sync-0.x)
       "err": {
         "message": "Cannot sync git when platform=local",
         "stack": "Error: Cannot sync git when platform=local\n    at syncGit (/opt/homebrew/Cellar/renovate/41.121.0/libexec/lib/node_modules/renovate/lib/util/git/index.ts:409:11)\n    at getFile (/opt/homebrew/Cellar/renovate/41.121.0/libexec/lib/node_modules/renovate/lib/util/git/index.ts:1067:9)\n    at getFileContent (/opt/homebrew/Cellar/renovate/41.121.0/libexec/lib/node_modules/renovate/lib/workers/repository/update/branch/get-updated.ts:36:32)\n    at getUpdatedPackageFiles (/opt/homebrew/Cellar/renovate/41.121.0/libexec/lib/node_modules/renovate/lib/workers/repository/update/branch/get-updated.ts:122:38)\n    at processBranch (/opt/homebrew/Cellar/renovate/41.121.0/libexec/lib/node_modules/renovate/lib/workers/repository/update/branch/index.ts:509:47)\n    at processTicksAndRejections (node:internal/process/task_queues:105:5)\n    at writeUpdates (/opt/homebrew/Cellar/renovate/41.121.0/libexec/lib/node_modules/renovate/lib/workers/repository/process/write.ts:168:17)\n    at update (/opt/homebrew/Cellar/renovate/41.121.0/libexec/lib/node_modules/renovate/lib/workers/repository/process/extract-update.ts:244:11)\n    at Object.renovateRepository (/opt/homebrew/Cellar/renovate/41.121.0/libexec/lib/node_modules/renovate/lib/workers/repository/index.ts:95:19)\n    at attributes.repository (/opt/homebrew/Cellar/renovate/41.121.0/libexec/lib/node_modules/renovate/lib/workers/global/index.ts:184:11)\n    at start (/opt/homebrew/Cellar/renovate/41.121.0/libexec/lib/node_modules/renovate/lib/workers/global/index.ts:169:7)\n    at /opt/homebrew/Cellar/renovate/41.121.0/libexec/lib/node_modules/renovate/lib/renovate.ts:19:22"
       }
DEBUG: syncBranchState() (repository=local, branch=renovate/ghcr.io-bjw-s-labs-helm-app-template-4.x)
DEBUG: syncBranchState(): Branch cache not found, creating minimal branchState (repository=local, branch=renovate/ghcr.io-bjw-s-labs-helm-app-template-4.x)
DEBUG: branchExists=true (repository=local, branch=renovate/ghcr.io-bjw-s-labs-helm-app-template-4.x)
DEBUG: dependencyDashboardCheck=undefined (repository=local, branch=renovate/ghcr.io-bjw-s-labs-helm-app-template-4.x)
DEBUG: Check for closed PR because recreating closed PRs is disabled. (repository=local, branch=renovate/ghcr.io-bjw-s-labs-helm-app-template-4.x)
DEBUG: prAlreadyExisted=false (repository=local, branch=renovate/ghcr.io-bjw-s-labs-helm-app-template-4.x)
DEBUG: Open PR Count: 0, Existing Branch Count: 31, Hourly PR Count: 0 (repository=local, branch=renovate/ghcr.io-bjw-s-labs-helm-app-template-4.x)
DEBUG: Checking if PR has been edited (repository=local, branch=renovate/ghcr.io-bjw-s-labs-helm-app-template-4.x)
DEBUG: Checking schedule(schedule=at any time, tz=America/Chicago, now=2025-09-21T03:14:53.316Z) (repository=local, branch=renovate/ghcr.io-bjw-s-labs-helm-app-template-4.x)
DEBUG: No schedule defined (repository=local, branch=renovate/ghcr.io-bjw-s-labs-helm-app-template-4.x)
DEBUG: Converting rebaseWhen=auto to rebaseWhen=conflicted because no rule for behind-base-branch applies (repository=local, branch=renovate/ghcr.io-bjw-s-labs-helm-app-template-4.x)
DEBUG: Branch already exists (repository=local, branch=renovate/ghcr.io-bjw-s-labs-helm-app-template-4.x)
DEBUG: Skipping behind base branch check due to rebaseWhen=conflicted (repository=local, branch=renovate/ghcr.io-bjw-s-labs-helm-app-template-4.x)
DEBUG: Branch does not need rebasing (repository=local, branch=renovate/ghcr.io-bjw-s-labs-helm-app-template-4.x)
DEBUG: Using reuseExistingBranch: true (repository=local, branch=renovate/ghcr.io-bjw-s-labs-helm-app-template-4.x)
DEBUG: manager.getUpdatedPackageFiles() reuseExistingBranch=true (repository=local, branch=renovate/ghcr.io-bjw-s-labs-helm-app-template-4.x)
 WARN: Error updating branch (repository=local, branch=renovate/ghcr.io-bjw-s-labs-helm-app-template-4.x)
       "err": {
         "message": "Cannot sync git when platform=local",
         "stack": "Error: Cannot sync git when platform=local\n    at syncGit (/opt/homebrew/Cellar/renovate/41.121.0/libexec/lib/node_modules/renovate/lib/util/git/index.ts:409:11)\n    at getFile (/opt/homebrew/Cellar/renovate/41.121.0/libexec/lib/node_modules/renovate/lib/util/git/index.ts:1067:9)\n    at getFileContent (/opt/homebrew/Cellar/renovate/41.121.0/libexec/lib/node_modules/renovate/lib/workers/repository/update/branch/get-updated.ts:36:32)\n    at getUpdatedPackageFiles (/opt/homebrew/Cellar/renovate/41.121.0/libexec/lib/node_modules/renovate/lib/workers/repository/update/branch/get-updated.ts:122:38)\n    at processBranch (/opt/homebrew/Cellar/renovate/41.121.0/libexec/lib/node_modules/renovate/lib/workers/repository/update/branch/index.ts:509:47)\n    at processTicksAndRejections (node:internal/process/task_queues:105:5)\n    at writeUpdates (/opt/homebrew/Cellar/renovate/41.121.0/libexec/lib/node_modules/renovate/lib/workers/repository/process/write.ts:168:17)\n    at update (/opt/homebrew/Cellar/renovate/41.121.0/libexec/lib/node_modules/renovate/lib/workers/repository/process/extract-update.ts:244:11)\n    at Object.renovateRepository (/opt/homebrew/Cellar/renovate/41.121.0/libexec/lib/node_modules/renovate/lib/workers/repository/index.ts:95:19)\n    at attributes.repository (/opt/homebrew/Cellar/renovate/41.121.0/libexec/lib/node_modules/renovate/lib/workers/global/index.ts:184:11)\n    at start (/opt/homebrew/Cellar/renovate/41.121.0/libexec/lib/node_modules/renovate/lib/workers/global/index.ts:169:7)\n    at /opt/homebrew/Cellar/renovate/41.121.0/libexec/lib/node_modules/renovate/lib/renovate.ts:19:22"
       }
DEBUG: syncBranchState() (repository=local, branch=renovate/ghcr.io-home-operations-qbittorrent-5.x)
DEBUG: syncBranchState(): Branch cache not found, creating minimal branchState (repository=local, branch=renovate/ghcr.io-home-operations-qbittorrent-5.x)
DEBUG: branchExists=true (repository=local, branch=renovate/ghcr.io-home-operations-qbittorrent-5.x)
DEBUG: dependencyDashboardCheck=undefined (repository=local, branch=renovate/ghcr.io-home-operations-qbittorrent-5.x)
DEBUG: Check for closed PR because recreating closed PRs is disabled. (repository=local, branch=renovate/ghcr.io-home-operations-qbittorrent-5.x)
DEBUG: prAlreadyExisted=false (repository=local, branch=renovate/ghcr.io-home-operations-qbittorrent-5.x)
DEBUG: Open PR Count: 0, Existing Branch Count: 31, Hourly PR Count: 0 (repository=local, branch=renovate/ghcr.io-home-operations-qbittorrent-5.x)
DEBUG: Checking if PR has been edited (repository=local, branch=renovate/ghcr.io-home-operations-qbittorrent-5.x)
DEBUG: Checking schedule(schedule=at any time, tz=America/Chicago, now=2025-09-21T03:14:53.316Z) (repository=local, branch=renovate/ghcr.io-home-operations-qbittorrent-5.x)
DEBUG: No schedule defined (repository=local, branch=renovate/ghcr.io-home-operations-qbittorrent-5.x)
DEBUG: Converting rebaseWhen=auto to rebaseWhen=behind-base-branch because automerge=true (repository=local, branch=renovate/ghcr.io-home-operations-qbittorrent-5.x)
DEBUG: Branch already exists (repository=local, branch=renovate/ghcr.io-home-operations-qbittorrent-5.x)
DEBUG: Branch is up-to-date (repository=local, branch=renovate/ghcr.io-home-operations-qbittorrent-5.x)
DEBUG: Branch does not need rebasing (repository=local, branch=renovate/ghcr.io-home-operations-qbittorrent-5.x)
DEBUG: Using reuseExistingBranch: true (repository=local, branch=renovate/ghcr.io-home-operations-qbittorrent-5.x)
DEBUG: manager.getUpdatedPackageFiles() reuseExistingBranch=true (repository=local, branch=renovate/ghcr.io-home-operations-qbittorrent-5.x)
 WARN: Error updating branch (repository=local, branch=renovate/ghcr.io-home-operations-qbittorrent-5.x)
       "err": {
         "message": "Cannot sync git when platform=local",
         "stack": "Error: Cannot sync git when platform=local\n    at syncGit (/opt/homebrew/Cellar/renovate/41.121.0/libexec/lib/node_modules/renovate/lib/util/git/index.ts:409:11)\n    at getFile (/opt/homebrew/Cellar/renovate/41.121.0/libexec/lib/node_modules/renovate/lib/util/git/index.ts:1067:9)\n    at getFileContent (/opt/homebrew/Cellar/renovate/41.121.0/libexec/lib/node_modules/renovate/lib/workers/repository/update/branch/get-updated.ts:36:32)\n    at getUpdatedPackageFiles (/opt/homebrew/Cellar/renovate/41.121.0/libexec/lib/node_modules/renovate/lib/workers/repository/update/branch/get-updated.ts:122:38)\n    at processBranch (/opt/homebrew/Cellar/renovate/41.121.0/libexec/lib/node_modules/renovate/lib/workers/repository/update/branch/index.ts:509:47)\n    at processTicksAndRejections (node:internal/process/task_queues:105:5)\n    at writeUpdates (/opt/homebrew/Cellar/renovate/41.121.0/libexec/lib/node_modules/renovate/lib/workers/repository/process/write.ts:168:17)\n    at update (/opt/homebrew/Cellar/renovate/41.121.0/libexec/lib/node_modules/renovate/lib/workers/repository/process/extract-update.ts:244:11)\n    at Object.renovateRepository (/opt/homebrew/Cellar/renovate/41.121.0/libexec/lib/node_modules/renovate/lib/workers/repository/index.ts:95:19)\n    at attributes.repository (/opt/homebrew/Cellar/renovate/41.121.0/libexec/lib/node_modules/renovate/lib/workers/global/index.ts:184:11)\n    at start (/opt/homebrew/Cellar/renovate/41.121.0/libexec/lib/node_modules/renovate/lib/workers/global/index.ts:169:7)\n    at /opt/homebrew/Cellar/renovate/41.121.0/libexec/lib/node_modules/renovate/lib/renovate.ts:19:22"
       }
DEBUG: syncBranchState() (repository=local, branch=renovate/ghcr.io-spegel-org-helm-charts-spegel-0.x)
DEBUG: syncBranchState(): Branch cache not found, creating minimal branchState (repository=local, branch=renovate/ghcr.io-spegel-org-helm-charts-spegel-0.x)
DEBUG: branchExists=true (repository=local, branch=renovate/ghcr.io-spegel-org-helm-charts-spegel-0.x)
DEBUG: dependencyDashboardCheck=undefined (repository=local, branch=renovate/ghcr.io-spegel-org-helm-charts-spegel-0.x)
DEBUG: Check for closed PR because recreating closed PRs is disabled. (repository=local, branch=renovate/ghcr.io-spegel-org-helm-charts-spegel-0.x)
DEBUG: prAlreadyExisted=false (repository=local, branch=renovate/ghcr.io-spegel-org-helm-charts-spegel-0.x)
DEBUG: Open PR Count: 0, Existing Branch Count: 31, Hourly PR Count: 0 (repository=local, branch=renovate/ghcr.io-spegel-org-helm-charts-spegel-0.x)
DEBUG: Checking if PR has been edited (repository=local, branch=renovate/ghcr.io-spegel-org-helm-charts-spegel-0.x)
DEBUG: Checking schedule(schedule=at any time, tz=America/Chicago, now=2025-09-21T03:14:53.317Z) (repository=local, branch=renovate/ghcr.io-spegel-org-helm-charts-spegel-0.x)
DEBUG: No schedule defined (repository=local, branch=renovate/ghcr.io-spegel-org-helm-charts-spegel-0.x)
DEBUG: Converting rebaseWhen=auto to rebaseWhen=conflicted because no rule for behind-base-branch applies (repository=local, branch=renovate/ghcr.io-spegel-org-helm-charts-spegel-0.x)
DEBUG: Branch already exists (repository=local, branch=renovate/ghcr.io-spegel-org-helm-charts-spegel-0.x)
DEBUG: Skipping behind base branch check due to rebaseWhen=conflicted (repository=local, branch=renovate/ghcr.io-spegel-org-helm-charts-spegel-0.x)
DEBUG: Branch does not need rebasing (repository=local, branch=renovate/ghcr.io-spegel-org-helm-charts-spegel-0.x)
DEBUG: Using reuseExistingBranch: true (repository=local, branch=renovate/ghcr.io-spegel-org-helm-charts-spegel-0.x)
DEBUG: manager.getUpdatedPackageFiles() reuseExistingBranch=true (repository=local, branch=renovate/ghcr.io-spegel-org-helm-charts-spegel-0.x)
 WARN: Error updating branch (repository=local, branch=renovate/ghcr.io-spegel-org-helm-charts-spegel-0.x)
       "err": {
         "message": "Cannot sync git when platform=local",
         "stack": "Error: Cannot sync git when platform=local\n    at syncGit (/opt/homebrew/Cellar/renovate/41.121.0/libexec/lib/node_modules/renovate/lib/util/git/index.ts:409:11)\n    at getFile (/opt/homebrew/Cellar/renovate/41.121.0/libexec/lib/node_modules/renovate/lib/util/git/index.ts:1067:9)\n    at getFileContent (/opt/homebrew/Cellar/renovate/41.121.0/libexec/lib/node_modules/renovate/lib/workers/repository/update/branch/get-updated.ts:36:32)\n    at getUpdatedPackageFiles (/opt/homebrew/Cellar/renovate/41.121.0/libexec/lib/node_modules/renovate/lib/workers/repository/update/branch/get-updated.ts:122:38)\n    at processBranch (/opt/homebrew/Cellar/renovate/41.121.0/libexec/lib/node_modules/renovate/lib/workers/repository/update/branch/index.ts:509:47)\n    at processTicksAndRejections (node:internal/process/task_queues:105:5)\n    at writeUpdates (/opt/homebrew/Cellar/renovate/41.121.0/libexec/lib/node_modules/renovate/lib/workers/repository/process/write.ts:168:17)\n    at update (/opt/homebrew/Cellar/renovate/41.121.0/libexec/lib/node_modules/renovate/lib/workers/repository/process/extract-update.ts:244:11)\n    at Object.renovateRepository (/opt/homebrew/Cellar/renovate/41.121.0/libexec/lib/node_modules/renovate/lib/workers/repository/index.ts:95:19)\n    at attributes.repository (/opt/homebrew/Cellar/renovate/41.121.0/libexec/lib/node_modules/renovate/lib/workers/global/index.ts:184:11)\n    at start (/opt/homebrew/Cellar/renovate/41.121.0/libexec/lib/node_modules/renovate/lib/workers/global/index.ts:169:7)\n    at /opt/homebrew/Cellar/renovate/41.121.0/libexec/lib/node_modules/renovate/lib/renovate.ts:19:22"
       }
DEBUG: syncBranchState() (repository=local, branch=renovate/immich)
DEBUG: syncBranchState(): Branch cache not found, creating minimal branchState (repository=local, branch=renovate/immich)
DEBUG: branchExists=true (repository=local, branch=renovate/immich)
DEBUG: dependencyDashboardCheck=undefined (repository=local, branch=renovate/immich)
DEBUG: Check for closed PR because recreating closed PRs is disabled. (repository=local, branch=renovate/immich)
DEBUG: prAlreadyExisted=false (repository=local, branch=renovate/immich)
DEBUG: Open PR Count: 0, Existing Branch Count: 31, Hourly PR Count: 0 (repository=local, branch=renovate/immich)
DEBUG: Checking if PR has been edited (repository=local, branch=renovate/immich)
DEBUG: Checking schedule(schedule=at any time, tz=America/Chicago, now=2025-09-21T03:14:53.318Z) (repository=local, branch=renovate/immich)
DEBUG: No schedule defined (repository=local, branch=renovate/immich)
DEBUG: Converting rebaseWhen=auto to rebaseWhen=conflicted because no rule for behind-base-branch applies (repository=local, branch=renovate/immich)
DEBUG: Branch already exists (repository=local, branch=renovate/immich)
DEBUG: Skipping behind base branch check due to rebaseWhen=conflicted (repository=local, branch=renovate/immich)
DEBUG: Branch does not need rebasing (repository=local, branch=renovate/immich)
DEBUG: Using reuseExistingBranch: true (repository=local, branch=renovate/immich)
DEBUG: manager.getUpdatedPackageFiles() reuseExistingBranch=true (repository=local, branch=renovate/immich)
 WARN: Error updating branch (repository=local, branch=renovate/immich)
       "err": {
         "message": "Cannot sync git when platform=local",
         "stack": "Error: Cannot sync git when platform=local\n    at syncGit (/opt/homebrew/Cellar/renovate/41.121.0/libexec/lib/node_modules/renovate/lib/util/git/index.ts:409:11)\n    at getFile (/opt/homebrew/Cellar/renovate/41.121.0/libexec/lib/node_modules/renovate/lib/util/git/index.ts:1067:9)\n    at getFileContent (/opt/homebrew/Cellar/renovate/41.121.0/libexec/lib/node_modules/renovate/lib/workers/repository/update/branch/get-updated.ts:36:32)\n    at getUpdatedPackageFiles (/opt/homebrew/Cellar/renovate/41.121.0/libexec/lib/node_modules/renovate/lib/workers/repository/update/branch/get-updated.ts:122:38)\n    at processBranch (/opt/homebrew/Cellar/renovate/41.121.0/libexec/lib/node_modules/renovate/lib/workers/repository/update/branch/index.ts:509:47)\n    at processTicksAndRejections (node:internal/process/task_queues:105:5)\n    at writeUpdates (/opt/homebrew/Cellar/renovate/41.121.0/libexec/lib/node_modules/renovate/lib/workers/repository/process/write.ts:168:17)\n    at update (/opt/homebrew/Cellar/renovate/41.121.0/libexec/lib/node_modules/renovate/lib/workers/repository/process/extract-update.ts:244:11)\n    at Object.renovateRepository (/opt/homebrew/Cellar/renovate/41.121.0/libexec/lib/node_modules/renovate/lib/workers/repository/index.ts:95:19)\n    at attributes.repository (/opt/homebrew/Cellar/renovate/41.121.0/libexec/lib/node_modules/renovate/lib/workers/global/index.ts:184:11)\n    at start (/opt/homebrew/Cellar/renovate/41.121.0/libexec/lib/node_modules/renovate/lib/workers/global/index.ts:169:7)\n    at /opt/homebrew/Cellar/renovate/41.121.0/libexec/lib/node_modules/renovate/lib/renovate.ts:19:22"
       }
DEBUG: syncBranchState() (repository=local, branch=renovate/kubernetes-tools)
DEBUG: syncBranchState(): Branch cache not found, creating minimal branchState (repository=local, branch=renovate/kubernetes-tools)
DEBUG: branchExists=true (repository=local, branch=renovate/kubernetes-tools)
DEBUG: dependencyDashboardCheck=undefined (repository=local, branch=renovate/kubernetes-tools)
DEBUG: Check for closed PR because recreating closed PRs is disabled. (repository=local, branch=renovate/kubernetes-tools)
DEBUG: prAlreadyExisted=false (repository=local, branch=renovate/kubernetes-tools)
DEBUG: Open PR Count: 0, Existing Branch Count: 31, Hourly PR Count: 0 (repository=local, branch=renovate/kubernetes-tools)
DEBUG: Checking if PR has been edited (repository=local, branch=renovate/kubernetes-tools)
DEBUG: Checking schedule(schedule=at any time, tz=America/Chicago, now=2025-09-21T03:14:53.318Z) (repository=local, branch=renovate/kubernetes-tools)
DEBUG: No schedule defined (repository=local, branch=renovate/kubernetes-tools)
DEBUG: Converting rebaseWhen=auto to rebaseWhen=conflicted because no rule for behind-base-branch applies (repository=local, branch=renovate/kubernetes-tools)
DEBUG: Branch already exists (repository=local, branch=renovate/kubernetes-tools)
DEBUG: Skipping behind base branch check due to rebaseWhen=conflicted (repository=local, branch=renovate/kubernetes-tools)
DEBUG: Branch does not need rebasing (repository=local, branch=renovate/kubernetes-tools)
DEBUG: Using reuseExistingBranch: true (repository=local, branch=renovate/kubernetes-tools)
DEBUG: manager.getUpdatedPackageFiles() reuseExistingBranch=true (repository=local, branch=renovate/kubernetes-tools)
 WARN: Error updating branch (repository=local, branch=renovate/kubernetes-tools)
       "err": {
         "message": "Cannot sync git when platform=local",
         "stack": "Error: Cannot sync git when platform=local\n    at syncGit (/opt/homebrew/Cellar/renovate/41.121.0/libexec/lib/node_modules/renovate/lib/util/git/index.ts:409:11)\n    at getFile (/opt/homebrew/Cellar/renovate/41.121.0/libexec/lib/node_modules/renovate/lib/util/git/index.ts:1067:9)\n    at getFileContent (/opt/homebrew/Cellar/renovate/41.121.0/libexec/lib/node_modules/renovate/lib/workers/repository/update/branch/get-updated.ts:36:32)\n    at getUpdatedPackageFiles (/opt/homebrew/Cellar/renovate/41.121.0/libexec/lib/node_modules/renovate/lib/workers/repository/update/branch/get-updated.ts:122:38)\n    at processBranch (/opt/homebrew/Cellar/renovate/41.121.0/libexec/lib/node_modules/renovate/lib/workers/repository/update/branch/index.ts:509:47)\n    at processTicksAndRejections (node:internal/process/task_queues:105:5)\n    at writeUpdates (/opt/homebrew/Cellar/renovate/41.121.0/libexec/lib/node_modules/renovate/lib/workers/repository/process/write.ts:168:17)\n    at update (/opt/homebrew/Cellar/renovate/41.121.0/libexec/lib/node_modules/renovate/lib/workers/repository/process/extract-update.ts:244:11)\n    at Object.renovateRepository (/opt/homebrew/Cellar/renovate/41.121.0/libexec/lib/node_modules/renovate/lib/workers/repository/index.ts:95:19)\n    at attributes.repository (/opt/homebrew/Cellar/renovate/41.121.0/libexec/lib/node_modules/renovate/lib/workers/global/index.ts:184:11)\n    at start (/opt/homebrew/Cellar/renovate/41.121.0/libexec/lib/node_modules/renovate/lib/workers/global/index.ts:169:7)\n    at /opt/homebrew/Cellar/renovate/41.121.0/libexec/lib/node_modules/renovate/lib/renovate.ts:19:22"
       }
DEBUG: syncBranchState() (repository=local, branch=renovate/external-dns-1.x)
DEBUG: syncBranchState(): Branch cache not found, creating minimal branchState (repository=local, branch=renovate/external-dns-1.x)
DEBUG: branchExists=true (repository=local, branch=renovate/external-dns-1.x)
DEBUG: dependencyDashboardCheck=undefined (repository=local, branch=renovate/external-dns-1.x)
DEBUG: Check for closed PR because recreating closed PRs is disabled. (repository=local, branch=renovate/external-dns-1.x)
DEBUG: prAlreadyExisted=false (repository=local, branch=renovate/external-dns-1.x)
DEBUG: Open PR Count: 0, Existing Branch Count: 31, Hourly PR Count: 0 (repository=local, branch=renovate/external-dns-1.x)
DEBUG: Checking if PR has been edited (repository=local, branch=renovate/external-dns-1.x)
DEBUG: Checking schedule(schedule=at any time, tz=America/Chicago, now=2025-09-21T03:14:53.319Z) (repository=local, branch=renovate/external-dns-1.x)
DEBUG: No schedule defined (repository=local, branch=renovate/external-dns-1.x)
DEBUG: Converting rebaseWhen=auto to rebaseWhen=conflicted because no rule for behind-base-branch applies (repository=local, branch=renovate/external-dns-1.x)
DEBUG: Branch already exists (repository=local, branch=renovate/external-dns-1.x)
DEBUG: Skipping behind base branch check due to rebaseWhen=conflicted (repository=local, branch=renovate/external-dns-1.x)
DEBUG: Branch does not need rebasing (repository=local, branch=renovate/external-dns-1.x)
DEBUG: Using reuseExistingBranch: true (repository=local, branch=renovate/external-dns-1.x)
DEBUG: manager.getUpdatedPackageFiles() reuseExistingBranch=true (repository=local, branch=renovate/external-dns-1.x)
 WARN: Error updating branch (repository=local, branch=renovate/external-dns-1.x)
       "err": {
         "message": "Cannot sync git when platform=local",
         "stack": "Error: Cannot sync git when platform=local\n    at syncGit (/opt/homebrew/Cellar/renovate/41.121.0/libexec/lib/node_modules/renovate/lib/util/git/index.ts:409:11)\n    at getFile (/opt/homebrew/Cellar/renovate/41.121.0/libexec/lib/node_modules/renovate/lib/util/git/index.ts:1067:9)\n    at getFileContent (/opt/homebrew/Cellar/renovate/41.121.0/libexec/lib/node_modules/renovate/lib/workers/repository/update/branch/get-updated.ts:36:32)\n    at getUpdatedPackageFiles (/opt/homebrew/Cellar/renovate/41.121.0/libexec/lib/node_modules/renovate/lib/workers/repository/update/branch/get-updated.ts:122:38)\n    at processBranch (/opt/homebrew/Cellar/renovate/41.121.0/libexec/lib/node_modules/renovate/lib/workers/repository/update/branch/index.ts:509:47)\n    at processTicksAndRejections (node:internal/process/task_queues:105:5)\n    at writeUpdates (/opt/homebrew/Cellar/renovate/41.121.0/libexec/lib/node_modules/renovate/lib/workers/repository/process/write.ts:168:17)\n    at update (/opt/homebrew/Cellar/renovate/41.121.0/libexec/lib/node_modules/renovate/lib/workers/repository/process/extract-update.ts:244:11)\n    at Object.renovateRepository (/opt/homebrew/Cellar/renovate/41.121.0/libexec/lib/node_modules/renovate/lib/workers/repository/index.ts:95:19)\n    at attributes.repository (/opt/homebrew/Cellar/renovate/41.121.0/libexec/lib/node_modules/renovate/lib/workers/global/index.ts:184:11)\n    at start (/opt/homebrew/Cellar/renovate/41.121.0/libexec/lib/node_modules/renovate/lib/workers/global/index.ts:169:7)\n    at /opt/homebrew/Cellar/renovate/41.121.0/libexec/lib/node_modules/renovate/lib/renovate.ts:19:22"
       }
DEBUG: syncBranchState() (repository=local, branch=renovate/monitoring-stack)
DEBUG: syncBranchState(): Branch cache not found, creating minimal branchState (repository=local, branch=renovate/monitoring-stack)
DEBUG: branchExists=true (repository=local, branch=renovate/monitoring-stack)
DEBUG: dependencyDashboardCheck=undefined (repository=local, branch=renovate/monitoring-stack)
DEBUG: Check for closed PR because recreating closed PRs is disabled. (repository=local, branch=renovate/monitoring-stack)
DEBUG: prAlreadyExisted=false (repository=local, branch=renovate/monitoring-stack)
DEBUG: Open PR Count: 0, Existing Branch Count: 31, Hourly PR Count: 0 (repository=local, branch=renovate/monitoring-stack)
DEBUG: Checking if PR has been edited (repository=local, branch=renovate/monitoring-stack)
DEBUG: Checking schedule(schedule=at any time, tz=America/Chicago, now=2025-09-21T03:14:53.319Z) (repository=local, branch=renovate/monitoring-stack)
DEBUG: No schedule defined (repository=local, branch=renovate/monitoring-stack)
DEBUG: Converting rebaseWhen=auto to rebaseWhen=conflicted because no rule for behind-base-branch applies (repository=local, branch=renovate/monitoring-stack)
DEBUG: Branch already exists (repository=local, branch=renovate/monitoring-stack)
DEBUG: Skipping behind base branch check due to rebaseWhen=conflicted (repository=local, branch=renovate/monitoring-stack)
DEBUG: Branch does not need rebasing (repository=local, branch=renovate/monitoring-stack)
DEBUG: Using reuseExistingBranch: true (repository=local, branch=renovate/monitoring-stack)
DEBUG: manager.getUpdatedPackageFiles() reuseExistingBranch=true (repository=local, branch=renovate/monitoring-stack)
 WARN: Error updating branch (repository=local, branch=renovate/monitoring-stack)
       "err": {
         "message": "Cannot sync git when platform=local",
         "stack": "Error: Cannot sync git when platform=local\n    at syncGit (/opt/homebrew/Cellar/renovate/41.121.0/libexec/lib/node_modules/renovate/lib/util/git/index.ts:409:11)\n    at getFile (/opt/homebrew/Cellar/renovate/41.121.0/libexec/lib/node_modules/renovate/lib/util/git/index.ts:1067:9)\n    at getFileContent (/opt/homebrew/Cellar/renovate/41.121.0/libexec/lib/node_modules/renovate/lib/workers/repository/update/branch/get-updated.ts:36:32)\n    at getUpdatedPackageFiles (/opt/homebrew/Cellar/renovate/41.121.0/libexec/lib/node_modules/renovate/lib/workers/repository/update/branch/get-updated.ts:122:38)\n    at processBranch (/opt/homebrew/Cellar/renovate/41.121.0/libexec/lib/node_modules/renovate/lib/workers/repository/update/branch/index.ts:509:47)\n    at processTicksAndRejections (node:internal/process/task_queues:105:5)\n    at writeUpdates (/opt/homebrew/Cellar/renovate/41.121.0/libexec/lib/node_modules/renovate/lib/workers/repository/process/write.ts:168:17)\n    at update (/opt/homebrew/Cellar/renovate/41.121.0/libexec/lib/node_modules/renovate/lib/workers/repository/process/extract-update.ts:244:11)\n    at Object.renovateRepository (/opt/homebrew/Cellar/renovate/41.121.0/libexec/lib/node_modules/renovate/lib/workers/repository/index.ts:95:19)\n    at attributes.repository (/opt/homebrew/Cellar/renovate/41.121.0/libexec/lib/node_modules/renovate/lib/workers/global/index.ts:184:11)\n    at start (/opt/homebrew/Cellar/renovate/41.121.0/libexec/lib/node_modules/renovate/lib/workers/global/index.ts:169:7)\n    at /opt/homebrew/Cellar/renovate/41.121.0/libexec/lib/node_modules/renovate/lib/renovate.ts:19:22"
       }
DEBUG: syncBranchState() (repository=local, branch=renovate/victoria-metrics-k8s-stack-0.x)
DEBUG: syncBranchState(): Branch cache not found, creating minimal branchState (repository=local, branch=renovate/victoria-metrics-k8s-stack-0.x)
DEBUG: branchExists=true (repository=local, branch=renovate/victoria-metrics-k8s-stack-0.x)
DEBUG: dependencyDashboardCheck=undefined (repository=local, branch=renovate/victoria-metrics-k8s-stack-0.x)
DEBUG: Check for closed PR because recreating closed PRs is disabled. (repository=local, branch=renovate/victoria-metrics-k8s-stack-0.x)
DEBUG: prAlreadyExisted=false (repository=local, branch=renovate/victoria-metrics-k8s-stack-0.x)
DEBUG: Open PR Count: 0, Existing Branch Count: 31, Hourly PR Count: 0 (repository=local, branch=renovate/victoria-metrics-k8s-stack-0.x)
DEBUG: Checking if PR has been edited (repository=local, branch=renovate/victoria-metrics-k8s-stack-0.x)
DEBUG: Checking schedule(schedule=at any time, tz=America/Chicago, now=2025-09-21T03:14:53.320Z) (repository=local, branch=renovate/victoria-metrics-k8s-stack-0.x)
DEBUG: No schedule defined (repository=local, branch=renovate/victoria-metrics-k8s-stack-0.x)
DEBUG: Converting rebaseWhen=auto to rebaseWhen=conflicted because no rule for behind-base-branch applies (repository=local, branch=renovate/victoria-metrics-k8s-stack-0.x)
DEBUG: Branch already exists (repository=local, branch=renovate/victoria-metrics-k8s-stack-0.x)
DEBUG: Skipping behind base branch check due to rebaseWhen=conflicted (repository=local, branch=renovate/victoria-metrics-k8s-stack-0.x)
DEBUG: Branch does not need rebasing (repository=local, branch=renovate/victoria-metrics-k8s-stack-0.x)
DEBUG: Using reuseExistingBranch: true (repository=local, branch=renovate/victoria-metrics-k8s-stack-0.x)
DEBUG: manager.getUpdatedPackageFiles() reuseExistingBranch=true (repository=local, branch=renovate/victoria-metrics-k8s-stack-0.x)
 WARN: Error updating branch (repository=local, branch=renovate/victoria-metrics-k8s-stack-0.x)
       "err": {
         "message": "Cannot sync git when platform=local",
         "stack": "Error: Cannot sync git when platform=local\n    at syncGit (/opt/homebrew/Cellar/renovate/41.121.0/libexec/lib/node_modules/renovate/lib/util/git/index.ts:409:11)\n    at getFile (/opt/homebrew/Cellar/renovate/41.121.0/libexec/lib/node_modules/renovate/lib/util/git/index.ts:1067:9)\n    at getFileContent (/opt/homebrew/Cellar/renovate/41.121.0/libexec/lib/node_modules/renovate/lib/workers/repository/update/branch/get-updated.ts:36:32)\n    at getUpdatedPackageFiles (/opt/homebrew/Cellar/renovate/41.121.0/libexec/lib/node_modules/renovate/lib/workers/repository/update/branch/get-updated.ts:122:38)\n    at processBranch (/opt/homebrew/Cellar/renovate/41.121.0/libexec/lib/node_modules/renovate/lib/workers/repository/update/branch/index.ts:509:47)\n    at processTicksAndRejections (node:internal/process/task_queues:105:5)\n    at writeUpdates (/opt/homebrew/Cellar/renovate/41.121.0/libexec/lib/node_modules/renovate/lib/workers/repository/process/write.ts:168:17)\n    at update (/opt/homebrew/Cellar/renovate/41.121.0/libexec/lib/node_modules/renovate/lib/workers/repository/process/extract-update.ts:244:11)\n    at Object.renovateRepository (/opt/homebrew/Cellar/renovate/41.121.0/libexec/lib/node_modules/renovate/lib/workers/repository/index.ts:95:19)\n    at attributes.repository (/opt/homebrew/Cellar/renovate/41.121.0/libexec/lib/node_modules/renovate/lib/workers/global/index.ts:184:11)\n    at start (/opt/homebrew/Cellar/renovate/41.121.0/libexec/lib/node_modules/renovate/lib/workers/global/index.ts:169:7)\n    at /opt/homebrew/Cellar/renovate/41.121.0/libexec/lib/node_modules/renovate/lib/renovate.ts:19:22"
       }
DEBUG: syncBranchState() (repository=local, branch=renovate/tj-actions-changed-files-47.x)
DEBUG: syncBranchState(): Branch cache not found, creating minimal branchState (repository=local, branch=renovate/tj-actions-changed-files-47.x)
DEBUG: branchExists=true (repository=local, branch=renovate/tj-actions-changed-files-47.x)
DEBUG: dependencyDashboardCheck=undefined (repository=local, branch=renovate/tj-actions-changed-files-47.x)
DEBUG: Check for closed PR because recreating closed PRs is disabled. (repository=local, branch=renovate/tj-actions-changed-files-47.x)
DEBUG: prAlreadyExisted=false (repository=local, branch=renovate/tj-actions-changed-files-47.x)
DEBUG: Open PR Count: 0, Existing Branch Count: 31, Hourly PR Count: 0 (repository=local, branch=renovate/tj-actions-changed-files-47.x)
DEBUG: Checking if PR has been edited (repository=local, branch=renovate/tj-actions-changed-files-47.x)
DEBUG: Checking schedule(schedule=at any time, tz=America/Chicago, now=2025-09-21T03:14:53.321Z) (repository=local, branch=renovate/tj-actions-changed-files-47.x)
DEBUG: No schedule defined (repository=local, branch=renovate/tj-actions-changed-files-47.x)
DEBUG: Converting rebaseWhen=auto to rebaseWhen=conflicted because no rule for behind-base-branch applies (repository=local, branch=renovate/tj-actions-changed-files-47.x)
DEBUG: Branch already exists (repository=local, branch=renovate/tj-actions-changed-files-47.x)
DEBUG: Skipping behind base branch check due to rebaseWhen=conflicted (repository=local, branch=renovate/tj-actions-changed-files-47.x)
DEBUG: Branch does not need rebasing (repository=local, branch=renovate/tj-actions-changed-files-47.x)
DEBUG: Using reuseExistingBranch: true (repository=local, branch=renovate/tj-actions-changed-files-47.x)
DEBUG: manager.getUpdatedPackageFiles() reuseExistingBranch=true (repository=local, branch=renovate/tj-actions-changed-files-47.x)
 WARN: Error updating branch (repository=local, branch=renovate/tj-actions-changed-files-47.x)
       "err": {
         "message": "Cannot sync git when platform=local",
         "stack": "Error: Cannot sync git when platform=local\n    at syncGit (/opt/homebrew/Cellar/renovate/41.121.0/libexec/lib/node_modules/renovate/lib/util/git/index.ts:409:11)\n    at getFile (/opt/homebrew/Cellar/renovate/41.121.0/libexec/lib/node_modules/renovate/lib/util/git/index.ts:1067:9)\n    at getFileContent (/opt/homebrew/Cellar/renovate/41.121.0/libexec/lib/node_modules/renovate/lib/workers/repository/update/branch/get-updated.ts:36:32)\n    at getUpdatedPackageFiles (/opt/homebrew/Cellar/renovate/41.121.0/libexec/lib/node_modules/renovate/lib/workers/repository/update/branch/get-updated.ts:122:38)\n    at processBranch (/opt/homebrew/Cellar/renovate/41.121.0/libexec/lib/node_modules/renovate/lib/workers/repository/update/branch/index.ts:509:47)\n    at processTicksAndRejections (node:internal/process/task_queues:105:5)\n    at writeUpdates (/opt/homebrew/Cellar/renovate/41.121.0/libexec/lib/node_modules/renovate/lib/workers/repository/process/write.ts:168:17)\n    at update (/opt/homebrew/Cellar/renovate/41.121.0/libexec/lib/node_modules/renovate/lib/workers/repository/process/extract-update.ts:244:11)\n    at Object.renovateRepository (/opt/homebrew/Cellar/renovate/41.121.0/libexec/lib/node_modules/renovate/lib/workers/repository/index.ts:95:19)\n    at attributes.repository (/opt/homebrew/Cellar/renovate/41.121.0/libexec/lib/node_modules/renovate/lib/workers/global/index.ts:184:11)\n    at start (/opt/homebrew/Cellar/renovate/41.121.0/libexec/lib/node_modules/renovate/lib/workers/global/index.ts:169:7)\n    at /opt/homebrew/Cellar/renovate/41.121.0/libexec/lib/node_modules/renovate/lib/renovate.ts:19:22"
       }
DEBUG: syncBranchState() (repository=local, branch=renovate/docker-registry1.mariadb.com-library-mariadb-12.x)
DEBUG: syncBranchState(): Branch cache not found, creating minimal branchState (repository=local, branch=renovate/docker-registry1.mariadb.com-library-mariadb-12.x)
DEBUG: branchExists=true (repository=local, branch=renovate/docker-registry1.mariadb.com-library-mariadb-12.x)
DEBUG: dependencyDashboardCheck=undefined (repository=local, branch=renovate/docker-registry1.mariadb.com-library-mariadb-12.x)
DEBUG: Check for closed PR because recreating closed PRs is disabled. (repository=local, branch=renovate/docker-registry1.mariadb.com-library-mariadb-12.x)
DEBUG: prAlreadyExisted=false (repository=local, branch=renovate/docker-registry1.mariadb.com-library-mariadb-12.x)
DEBUG: Open PR Count: 0, Existing Branch Count: 31, Hourly PR Count: 0 (repository=local, branch=renovate/docker-registry1.mariadb.com-library-mariadb-12.x)
DEBUG: Checking if PR has been edited (repository=local, branch=renovate/docker-registry1.mariadb.com-library-mariadb-12.x)
DEBUG: Checking schedule(schedule=at any time, tz=America/Chicago, now=2025-09-21T03:14:53.321Z) (repository=local, branch=renovate/docker-registry1.mariadb.com-library-mariadb-12.x)
DEBUG: No schedule defined (repository=local, branch=renovate/docker-registry1.mariadb.com-library-mariadb-12.x)
DEBUG: Converting rebaseWhen=auto to rebaseWhen=conflicted because no rule for behind-base-branch applies (repository=local, branch=renovate/docker-registry1.mariadb.com-library-mariadb-12.x)
DEBUG: Branch already exists (repository=local, branch=renovate/docker-registry1.mariadb.com-library-mariadb-12.x)
DEBUG: Skipping behind base branch check due to rebaseWhen=conflicted (repository=local, branch=renovate/docker-registry1.mariadb.com-library-mariadb-12.x)
DEBUG: Branch does not need rebasing (repository=local, branch=renovate/docker-registry1.mariadb.com-library-mariadb-12.x)
DEBUG: Using reuseExistingBranch: true (repository=local, branch=renovate/docker-registry1.mariadb.com-library-mariadb-12.x)
DEBUG: manager.getUpdatedPackageFiles() reuseExistingBranch=true (repository=local, branch=renovate/docker-registry1.mariadb.com-library-mariadb-12.x)
 WARN: Error updating branch (repository=local, branch=renovate/docker-registry1.mariadb.com-library-mariadb-12.x)
       "err": {
         "message": "Cannot sync git when platform=local",
         "stack": "Error: Cannot sync git when platform=local\n    at syncGit (/opt/homebrew/Cellar/renovate/41.121.0/libexec/lib/node_modules/renovate/lib/util/git/index.ts:409:11)\n    at getFile (/opt/homebrew/Cellar/renovate/41.121.0/libexec/lib/node_modules/renovate/lib/util/git/index.ts:1067:9)\n    at getFileContent (/opt/homebrew/Cellar/renovate/41.121.0/libexec/lib/node_modules/renovate/lib/workers/repository/update/branch/get-updated.ts:36:32)\n    at getUpdatedPackageFiles (/opt/homebrew/Cellar/renovate/41.121.0/libexec/lib/node_modules/renovate/lib/workers/repository/update/branch/get-updated.ts:122:38)\n    at processBranch (/opt/homebrew/Cellar/renovate/41.121.0/libexec/lib/node_modules/renovate/lib/workers/repository/update/branch/index.ts:509:47)\n    at processTicksAndRejections (node:internal/process/task_queues:105:5)\n    at writeUpdates (/opt/homebrew/Cellar/renovate/41.121.0/libexec/lib/node_modules/renovate/lib/workers/repository/process/write.ts:168:17)\n    at update (/opt/homebrew/Cellar/renovate/41.121.0/libexec/lib/node_modules/renovate/lib/workers/repository/process/extract-update.ts:244:11)\n    at Object.renovateRepository (/opt/homebrew/Cellar/renovate/41.121.0/libexec/lib/node_modules/renovate/lib/workers/repository/index.ts:95:19)\n    at attributes.repository (/opt/homebrew/Cellar/renovate/41.121.0/libexec/lib/node_modules/renovate/lib/workers/global/index.ts:184:11)\n    at start (/opt/homebrew/Cellar/renovate/41.121.0/libexec/lib/node_modules/renovate/lib/workers/global/index.ts:169:7)\n    at /opt/homebrew/Cellar/renovate/41.121.0/libexec/lib/node_modules/renovate/lib/renovate.ts:19:22"
       }
DEBUG: syncBranchState() (repository=local, branch=renovate/elasticsearch-9.x)
DEBUG: syncBranchState(): Branch cache not found, creating minimal branchState (repository=local, branch=renovate/elasticsearch-9.x)
DEBUG: branchExists=true (repository=local, branch=renovate/elasticsearch-9.x)
DEBUG: dependencyDashboardCheck=undefined (repository=local, branch=renovate/elasticsearch-9.x)
DEBUG: Check for closed PR because recreating closed PRs is disabled. (repository=local, branch=renovate/elasticsearch-9.x)
DEBUG: prAlreadyExisted=false (repository=local, branch=renovate/elasticsearch-9.x)
DEBUG: Open PR Count: 0, Existing Branch Count: 31, Hourly PR Count: 0 (repository=local, branch=renovate/elasticsearch-9.x)
DEBUG: Checking if PR has been edited (repository=local, branch=renovate/elasticsearch-9.x)
DEBUG: Checking schedule(schedule=at any time, tz=America/Chicago, now=2025-09-21T03:14:53.322Z) (repository=local, branch=renovate/elasticsearch-9.x)
DEBUG: No schedule defined (repository=local, branch=renovate/elasticsearch-9.x)
DEBUG: Converting rebaseWhen=auto to rebaseWhen=conflicted because no rule for behind-base-branch applies (repository=local, branch=renovate/elasticsearch-9.x)
DEBUG: Branch already exists (repository=local, branch=renovate/elasticsearch-9.x)
DEBUG: Skipping behind base branch check due to rebaseWhen=conflicted (repository=local, branch=renovate/elasticsearch-9.x)
DEBUG: Branch does not need rebasing (repository=local, branch=renovate/elasticsearch-9.x)
DEBUG: Using reuseExistingBranch: true (repository=local, branch=renovate/elasticsearch-9.x)
DEBUG: manager.getUpdatedPackageFiles() reuseExistingBranch=true (repository=local, branch=renovate/elasticsearch-9.x)
 WARN: Error updating branch (repository=local, branch=renovate/elasticsearch-9.x)
       "err": {
         "message": "Cannot sync git when platform=local",
         "stack": "Error: Cannot sync git when platform=local\n    at syncGit (/opt/homebrew/Cellar/renovate/41.121.0/libexec/lib/node_modules/renovate/lib/util/git/index.ts:409:11)\n    at getFile (/opt/homebrew/Cellar/renovate/41.121.0/libexec/lib/node_modules/renovate/lib/util/git/index.ts:1067:9)\n    at getFileContent (/opt/homebrew/Cellar/renovate/41.121.0/libexec/lib/node_modules/renovate/lib/workers/repository/update/branch/get-updated.ts:36:32)\n    at getUpdatedPackageFiles (/opt/homebrew/Cellar/renovate/41.121.0/libexec/lib/node_modules/renovate/lib/workers/repository/update/branch/get-updated.ts:122:38)\n    at processBranch (/opt/homebrew/Cellar/renovate/41.121.0/libexec/lib/node_modules/renovate/lib/workers/repository/update/branch/index.ts:509:47)\n    at processTicksAndRejections (node:internal/process/task_queues:105:5)\n    at writeUpdates (/opt/homebrew/Cellar/renovate/41.121.0/libexec/lib/node_modules/renovate/lib/workers/repository/process/write.ts:168:17)\n    at update (/opt/homebrew/Cellar/renovate/41.121.0/libexec/lib/node_modules/renovate/lib/workers/repository/process/extract-update.ts:244:11)\n    at Object.renovateRepository (/opt/homebrew/Cellar/renovate/41.121.0/libexec/lib/node_modules/renovate/lib/workers/repository/index.ts:95:19)\n    at attributes.repository (/opt/homebrew/Cellar/renovate/41.121.0/libexec/lib/node_modules/renovate/lib/workers/global/index.ts:184:11)\n    at start (/opt/homebrew/Cellar/renovate/41.121.0/libexec/lib/node_modules/renovate/lib/workers/global/index.ts:169:7)\n    at /opt/homebrew/Cellar/renovate/41.121.0/libexec/lib/node_modules/renovate/lib/renovate.ts:19:22"
       }
DEBUG: syncBranchState() (repository=local, branch=renovate/ghcr.io-silverbulletmd-silverbullet-2.x)
DEBUG: syncBranchState(): Branch cache not found, creating minimal branchState (repository=local, branch=renovate/ghcr.io-silverbulletmd-silverbullet-2.x)
DEBUG: branchExists=true (repository=local, branch=renovate/ghcr.io-silverbulletmd-silverbullet-2.x)
DEBUG: dependencyDashboardCheck=undefined (repository=local, branch=renovate/ghcr.io-silverbulletmd-silverbullet-2.x)
DEBUG: Check for closed PR because recreating closed PRs is disabled. (repository=local, branch=renovate/ghcr.io-silverbulletmd-silverbullet-2.x)
DEBUG: prAlreadyExisted=false (repository=local, branch=renovate/ghcr.io-silverbulletmd-silverbullet-2.x)
DEBUG: Open PR Count: 0, Existing Branch Count: 31, Hourly PR Count: 0 (repository=local, branch=renovate/ghcr.io-silverbulletmd-silverbullet-2.x)
DEBUG: Checking if PR has been edited (repository=local, branch=renovate/ghcr.io-silverbulletmd-silverbullet-2.x)
DEBUG: Checking schedule(schedule=at any time, tz=America/Chicago, now=2025-09-21T03:14:53.322Z) (repository=local, branch=renovate/ghcr.io-silverbulletmd-silverbullet-2.x)
DEBUG: No schedule defined (repository=local, branch=renovate/ghcr.io-silverbulletmd-silverbullet-2.x)
DEBUG: Converting rebaseWhen=auto to rebaseWhen=conflicted because no rule for behind-base-branch applies (repository=local, branch=renovate/ghcr.io-silverbulletmd-silverbullet-2.x)
DEBUG: Branch already exists (repository=local, branch=renovate/ghcr.io-silverbulletmd-silverbullet-2.x)
DEBUG: Skipping behind base branch check due to rebaseWhen=conflicted (repository=local, branch=renovate/ghcr.io-silverbulletmd-silverbullet-2.x)
DEBUG: Branch does not need rebasing (repository=local, branch=renovate/ghcr.io-silverbulletmd-silverbullet-2.x)
DEBUG: Using reuseExistingBranch: true (repository=local, branch=renovate/ghcr.io-silverbulletmd-silverbullet-2.x)
DEBUG: manager.getUpdatedPackageFiles() reuseExistingBranch=true (repository=local, branch=renovate/ghcr.io-silverbulletmd-silverbullet-2.x)
 WARN: Error updating branch (repository=local, branch=renovate/ghcr.io-silverbulletmd-silverbullet-2.x)
       "err": {
         "message": "Cannot sync git when platform=local",
         "stack": "Error: Cannot sync git when platform=local\n    at syncGit (/opt/homebrew/Cellar/renovate/41.121.0/libexec/lib/node_modules/renovate/lib/util/git/index.ts:409:11)\n    at getFile (/opt/homebrew/Cellar/renovate/41.121.0/libexec/lib/node_modules/renovate/lib/util/git/index.ts:1067:9)\n    at getFileContent (/opt/homebrew/Cellar/renovate/41.121.0/libexec/lib/node_modules/renovate/lib/workers/repository/update/branch/get-updated.ts:36:32)\n    at getUpdatedPackageFiles (/opt/homebrew/Cellar/renovate/41.121.0/libexec/lib/node_modules/renovate/lib/workers/repository/update/branch/get-updated.ts:122:38)\n    at processBranch (/opt/homebrew/Cellar/renovate/41.121.0/libexec/lib/node_modules/renovate/lib/workers/repository/update/branch/index.ts:509:47)\n    at processTicksAndRejections (node:internal/process/task_queues:105:5)\n    at writeUpdates (/opt/homebrew/Cellar/renovate/41.121.0/libexec/lib/node_modules/renovate/lib/workers/repository/process/write.ts:168:17)\n    at update (/opt/homebrew/Cellar/renovate/41.121.0/libexec/lib/node_modules/renovate/lib/workers/repository/process/extract-update.ts:244:11)\n    at Object.renovateRepository (/opt/homebrew/Cellar/renovate/41.121.0/libexec/lib/node_modules/renovate/lib/workers/repository/index.ts:95:19)\n    at attributes.repository (/opt/homebrew/Cellar/renovate/41.121.0/libexec/lib/node_modules/renovate/lib/workers/global/index.ts:184:11)\n    at start (/opt/homebrew/Cellar/renovate/41.121.0/libexec/lib/node_modules/renovate/lib/workers/global/index.ts:169:7)\n    at /opt/homebrew/Cellar/renovate/41.121.0/libexec/lib/node_modules/renovate/lib/renovate.ts:19:22"
       }
DEBUG: syncBranchState() (repository=local, branch=renovate/major-monitoring-stack)
DEBUG: syncBranchState(): Branch cache not found, creating minimal branchState (repository=local, branch=renovate/major-monitoring-stack)
DEBUG: branchExists=true (repository=local, branch=renovate/major-monitoring-stack)
DEBUG: dependencyDashboardCheck=undefined (repository=local, branch=renovate/major-monitoring-stack)
DEBUG: Check for closed PR because recreating closed PRs is disabled. (repository=local, branch=renovate/major-monitoring-stack)
DEBUG: prAlreadyExisted=false (repository=local, branch=renovate/major-monitoring-stack)
DEBUG: Open PR Count: 0, Existing Branch Count: 31, Hourly PR Count: 0 (repository=local, branch=renovate/major-monitoring-stack)
DEBUG: Checking if PR has been edited (repository=local, branch=renovate/major-monitoring-stack)
DEBUG: Checking schedule(schedule=at any time, tz=America/Chicago, now=2025-09-21T03:14:53.323Z) (repository=local, branch=renovate/major-monitoring-stack)
DEBUG: No schedule defined (repository=local, branch=renovate/major-monitoring-stack)
DEBUG: Converting rebaseWhen=auto to rebaseWhen=conflicted because no rule for behind-base-branch applies (repository=local, branch=renovate/major-monitoring-stack)
DEBUG: Branch already exists (repository=local, branch=renovate/major-monitoring-stack)
DEBUG: Skipping behind base branch check due to rebaseWhen=conflicted (repository=local, branch=renovate/major-monitoring-stack)
DEBUG: Branch does not need rebasing (repository=local, branch=renovate/major-monitoring-stack)
DEBUG: Using reuseExistingBranch: true (repository=local, branch=renovate/major-monitoring-stack)
DEBUG: manager.getUpdatedPackageFiles() reuseExistingBranch=true (repository=local, branch=renovate/major-monitoring-stack)
 WARN: Error updating branch (repository=local, branch=renovate/major-monitoring-stack)
       "err": {
         "message": "Cannot sync git when platform=local",
         "stack": "Error: Cannot sync git when platform=local\n    at syncGit (/opt/homebrew/Cellar/renovate/41.121.0/libexec/lib/node_modules/renovate/lib/util/git/index.ts:409:11)\n    at getFile (/opt/homebrew/Cellar/renovate/41.121.0/libexec/lib/node_modules/renovate/lib/util/git/index.ts:1067:9)\n    at getFileContent (/opt/homebrew/Cellar/renovate/41.121.0/libexec/lib/node_modules/renovate/lib/workers/repository/update/branch/get-updated.ts:36:32)\n    at getUpdatedPackageFiles (/opt/homebrew/Cellar/renovate/41.121.0/libexec/lib/node_modules/renovate/lib/workers/repository/update/branch/get-updated.ts:122:38)\n    at processBranch (/opt/homebrew/Cellar/renovate/41.121.0/libexec/lib/node_modules/renovate/lib/workers/repository/update/branch/index.ts:509:47)\n    at processTicksAndRejections (node:internal/process/task_queues:105:5)\n    at writeUpdates (/opt/homebrew/Cellar/renovate/41.121.0/libexec/lib/node_modules/renovate/lib/workers/repository/process/write.ts:168:17)\n    at update (/opt/homebrew/Cellar/renovate/41.121.0/libexec/lib/node_modules/renovate/lib/workers/repository/process/extract-update.ts:244:11)\n    at Object.renovateRepository (/opt/homebrew/Cellar/renovate/41.121.0/libexec/lib/node_modules/renovate/lib/workers/repository/index.ts:95:19)\n    at attributes.repository (/opt/homebrew/Cellar/renovate/41.121.0/libexec/lib/node_modules/renovate/lib/workers/global/index.ts:184:11)\n    at start (/opt/homebrew/Cellar/renovate/41.121.0/libexec/lib/node_modules/renovate/lib/workers/global/index.ts:169:7)\n    at /opt/homebrew/Cellar/renovate/41.121.0/libexec/lib/node_modules/renovate/lib/renovate.ts:19:22"
       }
DEBUG: Existing config file no longer exists (repository=local)
DEBUG: Got file list using git (repository=local)
DEBUG: Found renovate.json5 config file (repository=local)
DEBUG: Repository config (repository=local)
       "fileName": "renovate.json5",
       "config": {
         "$schema": "https://docs.renovatebot.com/renovate-schema.json",
         "extends": [
           "config:recommended",
           "docker:enableMajor",
           "security:openssf-scorecard",
           ":automergeBranch",
           ":automergeDigest",
           ":dependencyDashboard",
           ":disableRateLimiting",
           ":semanticCommits",
           ":timezone(America/Chicago)",
           "helpers:pinGitHubActionDigestsToSemver",
           "github>rcdailey/home-ops//.renovate/autoMerge.json5",
           "github>rcdailey/home-ops//.renovate/groups.json5",
           "github>rcdailey/home-ops//.renovate/labels.json5",
           "github>rcdailey/home-ops//.renovate/semanticCommits.json5",
           "github>rcdailey/home-ops//.renovate/customManagers.json5"
         ],
         "dependencyDashboardTitle": "Renovate Dashboard 🤖",
         "dependencyDashboardAutoclose": true,
         "suppressNotifications": ["prEditedNotification", "prIgnoreNotification"],
         "configMigration": true,
         "prConcurrentLimit": 15,
         "prHourlyLimit": 8,
         "ignorePresets": ["mergeConfidence:all-badges"],
         "gitIgnoredAuthors": ["git@rdailey.me"],
         "ignorePaths": ["**/*.sops.*", "**/resources/**"],
         "flux": {"managerFilePatterns": ["/\\.yaml(?:\\.j2)?$/"]},
         "kubernetes": {"managerFilePatterns": ["/\\.yaml(?:\\.j2)?$/"]},
         "pre-commit": {"enabled": true}
       }
DEBUG: Config does not need migration (repository=local)
DEBUG: ensureDependencyDashboard() (repository=local)
DEBUG: Ensuring Dependency Dashboard (repository=local)
DEBUG: Checking packageFiles for deprecated packages (repository=local)
 INFO: DRY-RUN: Would ensure Dependency Dashboard (repository=local)
       "title": "Renovate Dashboard 🤖"
DEBUG: checkReconfigureBranch() (repository=local)
DEBUG: Not attempting to reconfigure when running with local platform (repository=local)
 INFO: DRY-RUN: Would save repository cache. (repository=local)
DEBUG: Removing any stale branches (repository=local)
DEBUG: config.repoIsOnboarded=true (repository=local)
DEBUG: No renovate branches found (repository=local)
DEBUG: PackageFiles.clear() - Package files deleted (repository=local)
DEBUG: Branch summary (repository=local)
       "cacheModified": undefined,
       "baseBranches": [{"branchName": "", "sha": null}],
       "branches": [],
       "defaultBranch": "",
       "inactiveBranches": [
         "renovate/pin-dependencies",
         "renovate/adguard-adguardhome-0.x",
         "renovate/docker-registry1.mariadb.com-library-mariadb-11.x",
         "renovate/docker.io-envoyproxy-gateway-helm-1.x",
         "renovate/ghcr.io-coredns-charts-coredns-1.x",
         "renovate/ghcr.io-siderolabs-kubelet-1.x",
         "renovate/ghcr.io-stakater-charts-reloader-2.x",
         "renovate/mikefarah-yq-4.x",
         "renovate/solidnerd-bookstack-25.x",
         "renovate/cilium-1.x",
         "renovate/mariadb-operator-25.x",
         "renovate/mariadb-operator-crds-25.x",
         "renovate/victoria-logs-single-0.x",
         "renovate/rook-ceph",
         "renovate/docker.io-cloudflare-cloudflared-2025.x",
         "renovate/doobidoo-mcp-memory-service-6.x",
         "renovate/elasticsearch-8.x",
         "renovate/ghcr.io-bakito-adguardhome-sync-0.x",
         "renovate/ghcr.io-bjw-s-labs-helm-app-template-4.x",
         "renovate/ghcr.io-home-operations-qbittorrent-5.x",
         "renovate/ghcr.io-spegel-org-helm-charts-spegel-0.x",
         "renovate/immich",
         "renovate/kubernetes-tools",
         "renovate/external-dns-1.x",
         "renovate/monitoring-stack",
         "renovate/victoria-metrics-k8s-stack-0.x",
         "renovate/tj-actions-changed-files-47.x",
         "renovate/docker-registry1.mariadb.com-library-mariadb-12.x",
         "renovate/elasticsearch-9.x",
         "renovate/ghcr.io-silverbulletmd-silverbullet-2.x",
         "renovate/major-monitoring-stack"
       ]
DEBUG: branches info extended (repository=local)
       "branchesInformation": [
         {
           "branchName": "renovate/pin-dependencies",
           "prNo": null,
           "prTitle": "ci(github-action): pin dependencies",
           "result": "error",
           "upgrades": [
             {
               "datasource": "github-tags",
               "depName": "actions/checkout",
               "displayPending": "",
               "fixedVersion": "v5",
               "currentVersion": "v5.0.0",
               "currentValue": "v5",
               "newValue": "v5",
               "newDigest": "08c6903cd8c0fde910a37f88322edcfb5dd907a8",
               "packageFile": ".github/workflows/renovate.yaml",
               "updateType": "pinDigest",
               "packageName": "actions/checkout"
             },
             {
               "datasource": "github-tags",
               "depName": "actions/checkout",
               "displayPending": "",
               "fixedVersion": "v5",
               "currentVersion": "v5.0.0",
               "currentValue": "v5",
               "newValue": "v5",
               "newDigest": "08c6903cd8c0fde910a37f88322edcfb5dd907a8",
               "packageFile": ".github/workflows/renovate.yaml",
               "updateType": "pinDigest",
               "packageName": "actions/checkout"
             },
             {
               "datasource": "github-tags",
               "depName": "actions/checkout",
               "displayPending": "",
               "fixedVersion": "v5",
               "currentVersion": "v5.0.0",
               "currentValue": "v5",
               "newValue": "v5",
               "newDigest": "08c6903cd8c0fde910a37f88322edcfb5dd907a8",
               "packageFile": ".github/workflows/force-renovate.yaml",
               "updateType": "pinDigest",
               "packageName": "actions/checkout"
             },
             {
               "datasource": "github-tags",
               "depName": "actions/checkout",
               "displayPending": "",
               "fixedVersion": "v5.0.0",
               "currentVersion": "v5.0.0",
               "currentValue": "v5.0.0",
               "newValue": "v5.0.0",
               "newDigest": "08c6903cd8c0fde910a37f88322edcfb5dd907a8",
               "packageFile": ".github/workflows/flux-local.yaml",
               "updateType": "pinDigest",
               "packageName": "actions/checkout"
             },
             {
               "datasource": "github-tags",
               "depName": "actions/checkout",
               "displayPending": "",
               "fixedVersion": "v5.0.0",
               "currentVersion": "v5.0.0",
               "currentValue": "v5.0.0",
               "newValue": "v5.0.0",
               "newDigest": "08c6903cd8c0fde910a37f88322edcfb5dd907a8",
               "packageFile": ".github/workflows/flux-local.yaml",
               "updateType": "pinDigest",
               "packageName": "actions/checkout"
             },
             {
               "datasource": "github-tags",
               "depName": "actions/checkout",
               "displayPending": "",
               "fixedVersion": "v5.0.0",
               "currentVersion": "v5.0.0",
               "currentValue": "v5.0.0",
               "newValue": "v5.0.0",
               "newDigest": "08c6903cd8c0fde910a37f88322edcfb5dd907a8",
               "packageFile": ".github/workflows/flux-local.yaml",
               "updateType": "pinDigest",
               "packageName": "actions/checkout"
             },
             {
               "datasource": "github-tags",
               "depName": "actions/checkout",
               "displayPending": "",
               "fixedVersion": "v5.0.0",
               "currentVersion": "v5.0.0",
               "currentValue": "v5.0.0",
               "newValue": "v5.0.0",
               "newDigest": "08c6903cd8c0fde910a37f88322edcfb5dd907a8",
               "packageFile": ".github/workflows/flux-local.yaml",
               "updateType": "pinDigest",
               "packageName": "actions/checkout"
             },
             {
               "datasource": "github-tags",
               "depName": "mshick/add-pr-comment",
               "displayPending": "",
               "fixedVersion": "v2.8.2",
               "currentVersion": "v2.8.2",
               "currentValue": "v2.8.2",
               "newValue": "v2.8.2",
               "newDigest": "b8f338c590a895d50bcbfa6c5859251edc8952fc",
               "packageFile": ".github/workflows/flux-local.yaml",
               "updateType": "pinDigest",
               "packageName": "mshick/add-pr-comment"
             },
             {
               "datasource": "github-tags",
               "depName": "peter-evans/repository-dispatch",
               "displayPending": "",
               "fixedVersion": "v3",
               "currentVersion": "v3.0.0",
               "currentValue": "v3",
               "newValue": "v3",
               "newDigest": "ff45666b9427631e3450c54a1bcbee4d9ff4d7c0",
               "packageFile": ".github/workflows/renovate-dashboard.yaml",
               "updateType": "pinDigest",
               "packageName": "peter-evans/repository-dispatch"
             },
             {
               "datasource": "github-tags",
               "depName": "peter-evans/repository-dispatch",
               "displayPending": "",
               "fixedVersion": "v3",
               "currentVersion": "v3.0.0",
               "currentValue": "v3",
               "newValue": "v3",
               "newDigest": "ff45666b9427631e3450c54a1bcbee4d9ff4d7c0",
               "packageFile": ".github/workflows/renovate-dashboard.yaml",
               "updateType": "pinDigest",
               "packageName": "peter-evans/repository-dispatch"
             },
             {
               "datasource": "github-tags",
               "depName": "peter-evans/repository-dispatch",
               "displayPending": "",
               "fixedVersion": "v3",
               "currentVersion": "v3.0.0",
               "currentValue": "v3",
               "newValue": "v3",
               "newDigest": "ff45666b9427631e3450c54a1bcbee4d9ff4d7c0",
               "packageFile": ".github/workflows/renovate-dashboard.yaml",
               "updateType": "pinDigest",
               "packageName": "peter-evans/repository-dispatch"
             },
             {
               "datasource": "github-tags",
               "depName": "renovatebot/github-action",
               "displayPending": "",
               "fixedVersion": "v43.0.12",
               "currentVersion": "v43.0.12",
               "currentValue": "v43.0.12",
               "newValue": "v43.0.12",
               "newDigest": "f8af9272cd94a4637c29f60dea8731afd3134473",
               "packageFile": ".github/workflows/renovate.yaml",
               "updateType": "pinDigest",
               "packageName": "renovatebot/github-action"
             },
             {
               "datasource": "github-tags",
               "depName": "renovatebot/github-action",
               "displayPending": "",
               "fixedVersion": "v43.0.12",
               "currentVersion": "v43.0.12",
               "currentValue": "v43.0.12",
               "newValue": "v43.0.12",
               "newDigest": "f8af9272cd94a4637c29f60dea8731afd3134473",
               "packageFile": ".github/workflows/force-renovate.yaml",
               "updateType": "pinDigest",
               "packageName": "renovatebot/github-action"
             },
             {
               "datasource": "github-tags",
               "depName": "tj-actions/changed-files",
               "displayPending": "",
               "fixedVersion": "v46.0.5",
               "currentVersion": "v46.0.5",
               "currentValue": "v46.0.5",
               "newValue": "v46.0.5",
               "newDigest": "ed68ef82c095e0d48ec87eccea555d944a631a4c",
               "packageFile": ".github/workflows/flux-local.yaml",
               "updateType": "pinDigest",
               "packageName": "tj-actions/changed-files"
             }
           ]
         },
         {
           "branchName": "renovate/adguard-adguardhome-0.x",
           "prNo": null,
           "prTitle": "fix(container): update image adguard/adguardhome ( v0.107.65 ➔v0.107.66 )",
           "result": "error",
           "upgrades": [
             {
               "datasource": "docker",
               "depName": "adguard/adguardhome",
               "displayPending": "",
               "fixedVersion": "v0.107.65",
               "currentVersion": "v0.107.65",
               "currentValue": "v0.107.65",
               "newValue": "v0.107.66",
               "newVersion": "v0.107.66",
               "packageFile": "kubernetes/apps/dns-private/adguard-home/helmrelease.yaml",
               "updateType": "patch",
               "packageName": "adguard/adguardhome"
             }
           ]
         },
         {
           "branchName": "renovate/docker-registry1.mariadb.com-library-mariadb-11.x",
           "prNo": null,
           "prTitle": "fix(container): update image docker-registry1.mariadb.com/library/mariadb ( 11.8.2 ➔11.8.3 )",
           "result": "error",
           "upgrades": [
             {
               "datasource": "docker",
               "depName": "docker-registry1.mariadb.com/library/mariadb",
               "displayPending": "",
               "fixedVersion": "11.8.2",
               "currentVersion": "11.8.2",
               "currentValue": "11.8.2",
               "newValue": "11.8.3",
               "newVersion": "11.8.3",
               "packageFile": "kubernetes/apps/default/filerun/mariadb.yaml",
               "updateType": "patch",
               "packageName": "docker-registry1.mariadb.com/library/mariadb"
             },
             {
               "datasource": "docker",
               "depName": "docker-registry1.mariadb.com/library/mariadb",
               "displayPending": "",
               "fixedVersion": "11.8.2",
               "currentVersion": "11.8.2",
               "currentValue": "11.8.2",
               "newValue": "11.8.3",
               "newVersion": "11.8.3",
               "packageFile": "kubernetes/apps/default/bookstack/mariadb.yaml",
               "updateType": "patch",
               "packageName": "docker-registry1.mariadb.com/library/mariadb"
             }
           ]
         },
         {
           "branchName": "renovate/docker.io-envoyproxy-gateway-helm-1.x",
           "prNo": null,
           "prTitle": "fix(container): update image docker.io/envoyproxy/gateway-helm ( 1.5.0 ➔1.5.1 )",
           "result": "error",
           "upgrades": [
             {
               "datasource": "docker",
               "depName": "docker.io/envoyproxy/gateway-helm",
               "displayPending": "",
               "fixedVersion": "1.5.0",
               "currentVersion": "1.5.0",
               "currentValue": "1.5.0",
               "newValue": "1.5.1",
               "newVersion": "1.5.1",
               "packageFile": "kubernetes/apps/network/envoy-gateway/helmrelease.yaml",
               "updateType": "patch",
               "packageName": "docker.io/envoyproxy/gateway-helm"
             }
           ]
         },
         {
           "branchName": "renovate/ghcr.io-coredns-charts-coredns-1.x",
           "prNo": null,
           "prTitle": "fix(container): update image ghcr.io/coredns/charts/coredns ( 1.43.2 ➔1.43.3 )",
           "result": "error",
           "upgrades": [
             {
               "datasource": "docker",
               "depName": "ghcr.io/coredns/charts/coredns",
               "displayPending": "",
               "fixedVersion": "1.43.2",
               "currentVersion": "1.43.2",
               "currentValue": "1.43.2",
               "newValue": "1.43.3",
               "newVersion": "1.43.3",
               "packageFile": "bootstrap/helmfile.yaml",
               "updateType": "patch",
               "packageName": "ghcr.io/coredns/charts/coredns"
             },
             {
               "datasource": "docker",
               "depName": "ghcr.io/coredns/charts/coredns",
               "displayPending": "",
               "fixedVersion": "1.43.2",
               "currentVersion": "1.43.2",
               "currentValue": "1.43.2",
               "newValue": "1.43.3",
               "newVersion": "1.43.3",
               "packageFile": "kubernetes/apps/kube-system/coredns/helmrelease.yaml",
               "updateType": "patch",
               "packageName": "ghcr.io/coredns/charts/coredns"
             }
           ]
         },
         {
           "branchName": "renovate/ghcr.io-siderolabs-kubelet-1.x",
           "prNo": null,
           "prTitle": "fix(container): update image ghcr.io/siderolabs/kubelet ( v1.34.0 ➔v1.34.1 )",
           "result": "error",
           "upgrades": [
             {
               "datasource": "docker",
               "depName": "ghcr.io/siderolabs/kubelet",
               "displayPending": "",
               "fixedVersion": "v1.34.0",
               "currentVersion": "v1.34.0",
               "currentValue": "v1.34.0",
               "newValue": "v1.34.1",
               "newVersion": "v1.34.1",
               "packageFile": "talos/talenv.yaml",
               "updateType": "patch",
               "packageName": "ghcr.io/siderolabs/kubelet"
             }
           ]
         },
         {
           "branchName": "renovate/ghcr.io-stakater-charts-reloader-2.x",
           "prNo": null,
           "prTitle": "fix(container): update image ghcr.io/stakater/charts/reloader ( 2.2.0 ➔2.2.3 )",
           "result": "error",
           "upgrades": [
             {
               "datasource": "docker",
               "depName": "ghcr.io/stakater/charts/reloader",
               "displayPending": "",
               "fixedVersion": "2.2.0",
               "currentVersion": "2.2.0",
               "currentValue": "2.2.0",
               "newValue": "2.2.3",
               "newVersion": "2.2.3",
               "packageFile": "kubernetes/apps/kube-system/reloader/helmrelease.yaml",
               "updateType": "patch",
               "packageName": "ghcr.io/stakater/charts/reloader"
             }
           ]
         },
         {
           "branchName": "renovate/mikefarah-yq-4.x",
           "prNo": null,
           "prTitle": "fix(container): update image mikefarah/yq ( 4.47.1 ➔4.47.2 )",
           "result": "error",
           "upgrades": [
             {
               "datasource": "docker",
               "depName": "mikefarah/yq",
               "displayPending": "",
               "fixedVersion": "4.47.1",
               "currentVersion": "4.47.1",
               "currentValue": "4.47.1",
               "newValue": "4.47.2",
               "newVersion": "4.47.2",
               "packageFile": "kubernetes/apps/dns-private/adguard-home/helmrelease.yaml",
               "updateType": "patch",
               "packageName": "mikefarah/yq"
             }
           ]
         },
         {
           "branchName": "renovate/solidnerd-bookstack-25.x",
           "prNo": null,
           "prTitle": "fix(container): update image solidnerd/bookstack ( 25.7.1 ➔25.7.2 )",
           "result": "error",
           "upgrades": [
             {
               "datasource": "docker",
               "depName": "solidnerd/bookstack",
               "displayPending": "",
               "fixedVersion": "25.7.1",
               "currentVersion": "25.7.1",
               "currentValue": "25.7.1",
               "newValue": "25.7.2",
               "newVersion": "25.7.2",
               "packageFile": "kubernetes/apps/default/bookstack/helmrelease.yaml",
               "updateType": "patch",
               "packageName": "solidnerd/bookstack"
             }
           ]
         },
         {
           "branchName": "renovate/cilium-1.x",
           "prNo": null,
           "prTitle": "fix(helm): update chart cilium ( 1.18.1 ➔1.18.2 )",
           "result": "error",
           "upgrades": [
             {
               "datasource": "helm",
               "depName": "cilium",
               "displayPending": "",
               "fixedVersion": "1.18.1",
               "currentVersion": "1.18.1",
               "currentValue": "1.18.1",
               "newValue": "1.18.2",
               "newVersion": "1.18.2",
               "newDigest": "39b62a72f0892dd16548bd08ee97d5db2e975f7c1f57155578a144186e22992f",
               "packageFile": "bootstrap/helmfile.yaml",
               "updateType": "patch",
               "packageName": "cilium"
             },
             {
               "datasource": "helm",
               "depName": "cilium",
               "displayPending": "",
               "fixedVersion": "1.18.1",
               "currentVersion": "1.18.1",
               "currentValue": "1.18.1",
               "newValue": "1.18.2",
               "newVersion": "1.18.2",
               "newDigest": "39b62a72f0892dd16548bd08ee97d5db2e975f7c1f57155578a144186e22992f",
               "packageFile": "kubernetes/apps/kube-system/cilium/helmrelease.yaml",
               "updateType": "patch",
               "packageName": "cilium"
             }
           ]
         },
         {
           "branchName": "renovate/mariadb-operator-25.x",
           "prNo": null,
           "prTitle": "fix(helm): update chart mariadb-operator ( 25.8.3 ➔25.8.4 )",
           "result": "error",
           "upgrades": [
             {
               "datasource": "helm",
               "depName": "mariadb-operator",
               "displayPending": "",
               "fixedVersion": "25.8.3",
               "currentVersion": "25.8.3",
               "currentValue": "25.8.3",
               "newValue": "25.8.4",
               "newVersion": "25.8.4",
               "newDigest": "aab019d3dfc876e2d14314bbeaf39e3ad5107ebe829e682f833a6fe7b97c0151",
               "packageFile": "kubernetes/apps/kube-system/mariadb-operator/helmrelease.yaml",
               "updateType": "patch",
               "packageName": "mariadb-operator"
             }
           ]
         },
         {
           "branchName": "renovate/mariadb-operator-crds-25.x",
           "prNo": null,
           "prTitle": "fix(helm): update chart mariadb-operator-crds ( 25.8.3 ➔25.8.4 )",
           "result": "error",
           "upgrades": [
             {
               "datasource": "helm",
               "depName": "mariadb-operator-crds",
               "displayPending": "",
               "fixedVersion": "25.8.3",
               "currentVersion": "25.8.3",
               "currentValue": "25.8.3",
               "newValue": "25.8.4",
               "newVersion": "25.8.4",
               "newDigest": "017ef7cb13e81cee45dfd9bd261acce0260d54ea171b77b8383a8b79ffaeea1a",
               "packageFile": "kubernetes/apps/kube-system/mariadb-operator/helmrelease.yaml",
               "updateType": "patch",
               "packageName": "mariadb-operator-crds"
             }
           ]
         },
         {
           "branchName": "renovate/victoria-logs-single-0.x",
           "prNo": null,
           "prTitle": "fix(helm): update chart victoria-logs-single ( 0.11.6 ➔0.11.8 )",
           "result": "error",
           "upgrades": [
             {
               "datasource": "helm",
               "depName": "victoria-logs-single",
               "displayPending": "",
               "fixedVersion": "0.11.6",
               "currentVersion": "0.11.6",
               "currentValue": "0.11.6",
               "newValue": "0.11.8",
               "newVersion": "0.11.8",
               "newDigest": "102dd9ac2ad5f1bfdff90c2e9460acfc33fdf2720b5b8ef9f31f0b57e600d54b",
               "packageFile": "kubernetes/apps/observability/victoria-logs-single/helmrelease.yaml",
               "updateType": "patch",
               "packageName": "victoria-logs-single"
             }
           ]
         },
         {
           "branchName": "renovate/rook-ceph",
           "prNo": null,
           "prTitle": "fix(helm): update rook ceph ( v1.18.0 ➔v1.18.2 )",
           "result": "error",
           "upgrades": [
             {
               "datasource": "helm",
               "depName": "rook-ceph",
               "displayPending": "",
               "fixedVersion": "v1.18.0",
               "currentVersion": "v1.18.0",
               "currentValue": "v1.18.0",
               "newValue": "v1.18.2",
               "newVersion": "v1.18.2",
               "newDigest": "fb3b0aaa4cd6e1b9c89d6287bc2c0bb8c6f4f2525fdd0fe0d34f7f255fff9833",
               "packageFile": "kubernetes/apps/rook-ceph/operator/helmrelease.yaml",
               "updateType": "patch",
               "packageName": "rook-ceph"
             },
             {
               "datasource": "helm",
               "depName": "rook-ceph-cluster",
               "displayPending": "",
               "fixedVersion": "v1.18.0",
               "currentVersion": "v1.18.0",
               "currentValue": "v1.18.0",
               "newValue": "v1.18.2",
               "newVersion": "v1.18.2",
               "newDigest": "8cfd8441ab446ed2fb47ed7a171df5598c0ca8a022abd6f9292b43f33c6c693a",
               "packageFile": "kubernetes/apps/rook-ceph/cluster/helmrelease.yaml",
               "updateType": "patch",
               "packageName": "rook-ceph-cluster"
             }
           ]
         },
         {
           "branchName": "renovate/docker.io-cloudflare-cloudflared-2025.x",
           "prNo": null,
           "prTitle": "feat(container): update image docker.io/cloudflare/cloudflared ( 2025.8.1 ➔2025.9.0 )",
           "result": "error",
           "upgrades": [
             {
               "datasource": "docker",
               "depName": "docker.io/cloudflare/cloudflared",
               "displayPending": "",
               "fixedVersion": "2025.8.1",
               "currentVersion": "2025.8.1",
               "currentValue": "2025.8.1",
               "newValue": "2025.9.0",
               "newVersion": "2025.9.0",
               "packageFile": "kubernetes/apps/network/cloudflare-tunnel/helmrelease.yaml",
               "updateType": "minor",
               "packageName": "docker.io/cloudflare/cloudflared"
             }
           ]
         },
         {
           "branchName": "renovate/doobidoo-mcp-memory-service-6.x",
           "prNo": null,
           "prTitle": "feat(container): update image doobidoo/mcp-memory-service ( 6.6.0 ➔6.13.7 )",
           "result": "error",
           "upgrades": [
             {
               "datasource": "docker",
               "depName": "doobidoo/mcp-memory-service",
               "displayPending": "",
               "fixedVersion": "6.6.0",
               "currentVersion": "6.6.0",
               "currentValue": "6.6.0",
               "newValue": "6.13.7",
               "newVersion": "6.13.7",
               "packageFile": "kubernetes/apps/default/mcp-memory-service/helmrelease.yaml",
               "updateType": "minor",
               "packageName": "doobidoo/mcp-memory-service"
             }
           ]
         },
         {
           "branchName": "renovate/elasticsearch-8.x",
           "prNo": null,
           "prTitle": "feat(container): update image elasticsearch ( 8.18.2 ➔8.19.4 )",
           "result": "error",
           "upgrades": [
             {
               "datasource": "docker",
               "depName": "elasticsearch",
               "displayPending": "",
               "fixedVersion": "8.18.2",
               "currentVersion": "8.18.2",
               "currentValue": "8.18.2",
               "newValue": "8.19.4",
               "newVersion": "8.19.4",
               "packageFile": "kubernetes/apps/default/filerun/helmrelease.yaml",
               "updateType": "minor",
               "packageName": "elasticsearch"
             }
           ]
         },
         {
           "branchName": "renovate/ghcr.io-bakito-adguardhome-sync-0.x",
           "prNo": null,
           "prTitle": "feat(container): update image ghcr.io/bakito/adguardhome-sync ( v0.7.8 ➔v0.8.1 )",
           "result": "error",
           "upgrades": [
             {
               "datasource": "docker",
               "depName": "ghcr.io/bakito/adguardhome-sync",
               "displayPending": "",
               "fixedVersion": "v0.7.8",
               "currentVersion": "v0.7.8",
               "currentValue": "v0.7.8",
               "newValue": "v0.8.1",
               "newVersion": "v0.8.1",
               "packageFile": "kubernetes/apps/dns-private/adguard-home-sync/helmrelease.yaml",
               "updateType": "minor",
               "packageName": "ghcr.io/bakito/adguardhome-sync"
             }
           ]
         },
         {
           "branchName": "renovate/ghcr.io-bjw-s-labs-helm-app-template-4.x",
           "prNo": null,
           "prTitle": "feat(container): update image ghcr.io/bjw-s-labs/helm/app-template ( 4.2.0 ➔4.3.0 )",
           "result": "error",
           "upgrades": [
             {
               "datasource": "docker",
               "depName": "ghcr.io/bjw-s-labs/helm/app-template",
               "displayPending": "",
               "fixedVersion": "4.2.0",
               "currentVersion": "4.2.0",
               "currentValue": "4.2.0",
               "newValue": "4.3.0",
               "newVersion": "4.3.0",
               "packageFile": "kubernetes/components/common/repos/app-template/ocirepository.yaml",
               "updateType": "minor",
               "packageName": "ghcr.io/bjw-s-labs/helm/app-template"
             }
           ]
         },
         {
           "branchName": "renovate/ghcr.io-home-operations-qbittorrent-5.x",
           "prNo": null,
           "prTitle": "feat(container): update image ghcr.io/home-operations/qbittorrent ( 5.0.5 ➔5.1.2 )",
           "result": "error",
           "upgrades": [
             {
               "datasource": "docker",
               "depName": "ghcr.io/home-operations/qbittorrent",
               "displayPending": "",
               "fixedVersion": "5.0.5",
               "currentVersion": "5.0.5",
               "currentValue": "5.0.5",
               "newValue": "5.1.2",
               "newVersion": "5.1.2",
               "packageFile": "kubernetes/apps/media/qbittorrent/helmrelease.yaml",
               "updateType": "minor",
               "packageName": "ghcr.io/home-operations/qbittorrent"
             }
           ]
         },
         {
           "branchName": "renovate/ghcr.io-spegel-org-helm-charts-spegel-0.x",
           "prNo": null,
           "prTitle": "feat(container): update image ghcr.io/spegel-org/helm-charts/spegel ( 0.3.0 ➔0.4.0 )",
           "result": "error",
           "upgrades": [
             {
               "datasource": "docker",
               "depName": "ghcr.io/spegel-org/helm-charts/spegel",
               "displayPending": "",
               "fixedVersion": "0.3.0",
               "currentVersion": "0.3.0",
               "currentValue": "0.3.0",
               "newValue": "0.4.0",
               "newVersion": "0.4.0",
               "packageFile": "bootstrap/helmfile.yaml",
               "updateType": "minor",
               "packageName": "ghcr.io/spegel-org/helm-charts/spegel"
             },
             {
               "datasource": "docker",
               "depName": "ghcr.io/spegel-org/helm-charts/spegel",
               "displayPending": "",
               "fixedVersion": "0.3.0",
               "currentVersion": "0.3.0",
               "currentValue": "0.3.0",
               "newValue": "0.4.0",
               "newVersion": "0.4.0",
               "packageFile": "kubernetes/apps/kube-system/spegel/helmrelease.yaml",
               "updateType": "minor",
               "packageName": "ghcr.io/spegel-org/helm-charts/spegel"
             }
           ]
         },
         {
           "branchName": "renovate/immich",
           "prNo": null,
           "prTitle": "feat(container): update immich ( v1.139.2 ➔v1.142.1 )",
           "result": "error",
           "upgrades": [
             {
               "datasource": "docker",
               "depName": "ghcr.io/immich-app/immich-machine-learning",
               "displayPending": "",
               "fixedVersion": "v1.139.2-openvino",
               "currentVersion": "v1.139.2",
               "currentValue": "v1.139.2-openvino",
               "newValue": "v1.142.1-openvino",
               "newVersion": "v1.142.1",
               "packageFile": "kubernetes/apps/default/immich/helmrelease.yaml",
               "updateType": "minor",
               "packageName": "ghcr.io/immich-app/immich-machine-learning"
             },
             {
               "datasource": "docker",
               "depName": "ghcr.io/immich-app/immich-server",
               "displayPending": "",
               "fixedVersion": "v1.139.2",
               "currentVersion": "v1.139.2",
               "currentValue": "v1.139.2",
               "newValue": "v1.142.1",
               "newVersion": "v1.142.1",
               "packageFile": "kubernetes/apps/default/immich/helmrelease.yaml",
               "updateType": "minor",
               "packageName": "ghcr.io/immich-app/immich-server"
             }
           ]
         },
         {
           "branchName": "renovate/kubernetes-tools",
           "prNo": null,
           "prTitle": "feat(github-release): update release kubernetes-sigs/external-dns ( v0.18.0 ➔v0.19.0 )",
           "result": "error",
           "upgrades": [
             {
               "datasource": "github-releases",
               "depName": "kubernetes-sigs/external-dns",
               "displayPending": "",
               "fixedVersion": "v0.18.0",
               "currentVersion": "v0.18.0",
               "currentValue": "v0.18.0",
               "newValue": "v0.19.0",
               "newVersion": "v0.19.0",
               "packageFile": "scripts/bootstrap-apps.sh",
               "updateType": "minor",
               "packageName": "kubernetes-sigs/external-dns"
             }
           ]
         },
         {
           "branchName": "renovate/external-dns-1.x",
           "prNo": null,
           "prTitle": "feat(helm): update chart external-dns ( 1.18.0 ➔1.19.0 )",
           "result": "error",
           "upgrades": [
             {
               "datasource": "helm",
               "depName": "external-dns",
               "displayPending": "",
               "fixedVersion": "1.18.0",
               "currentVersion": "1.18.0",
               "currentValue": "1.18.0",
               "newValue": "1.19.0",
               "newVersion": "1.19.0",
               "newDigest": "8bd576acf7c9074cdf6ca21662a1e923b786d0576a3e6cf3f75d252860a0af6e",
               "packageFile": "kubernetes/apps/network/cloudflare-dns/httproute.yaml",
               "updateType": "minor",
               "packageName": "external-dns"
             },
             {
               "datasource": "helm",
               "depName": "external-dns",
               "displayPending": "",
               "fixedVersion": "1.18.0",
               "currentVersion": "1.18.0",
               "currentValue": "1.18.0",
               "newValue": "1.19.0",
               "newVersion": "1.19.0",
               "newDigest": "8bd576acf7c9074cdf6ca21662a1e923b786d0576a3e6cf3f75d252860a0af6e",
               "packageFile": "kubernetes/apps/network/cloudflare-dns/crd.yaml",
               "updateType": "minor",
               "packageName": "external-dns"
             },
             {
               "datasource": "helm",
               "depName": "external-dns",
               "displayPending": "",
               "fixedVersion": "1.18.0",
               "currentVersion": "1.18.0",
               "currentValue": "1.18.0",
               "newValue": "1.19.0",
               "newVersion": "1.19.0",
               "newDigest": "8bd576acf7c9074cdf6ca21662a1e923b786d0576a3e6cf3f75d252860a0af6e",
               "packageFile": "kubernetes/apps/dns-private/external-dns/helmrelease.yaml",
               "updateType": "minor",
               "packageName": "external-dns"
             }
           ]
         },
         {
           "branchName": "renovate/monitoring-stack",
           "prNo": null,
           "prTitle": "feat(helm): update chart grafana ( 9.3.6 ➔9.4.5 )",
           "result": "error",
           "upgrades": [
             {
               "datasource": "helm",
               "depName": "grafana",
               "displayPending": "",
               "fixedVersion": "9.3.6",
               "currentVersion": "9.3.6",
               "currentValue": "9.3.6",
               "newValue": "9.4.5",
               "newVersion": "9.4.5",
               "newDigest": "42a7d27fbba06c9d5e6f9f9006f6f60cda212ff399e811731a0037105e58a2e0",
               "packageFile": "kubernetes/apps/observability/grafana/helmrelease.yaml",
               "updateType": "minor",
               "packageName": "grafana"
             }
           ]
         },
         {
           "branchName": "renovate/victoria-metrics-k8s-stack-0.x",
           "prNo": null,
           "prTitle": "feat(helm): update chart victoria-metrics-k8s-stack ( 0.59.3 ➔0.60.1 )",
           "result": "error",
           "upgrades": [
             {
               "datasource": "helm",
               "depName": "victoria-metrics-k8s-stack",
               "displayPending": "",
               "fixedVersion": "0.59.3",
               "currentVersion": "0.59.3",
               "currentValue": "0.59.3",
               "newValue": "0.60.1",
               "newVersion": "0.60.1",
               "newDigest": "1c2e53e6ef62e7639034c310dea7ae44e5e2bed81421a0cb48cd294eeaff0e57",
               "packageFile": "kubernetes/apps/observability/victoria-metrics-k8s-stack/helmrelease.yaml",
               "updateType": "minor",
               "packageName": "victoria-metrics-k8s-stack"
             }
           ]
         },
         {
           "branchName": "renovate/tj-actions-changed-files-47.x",
           "prNo": null,
           "prTitle": "ci(github-action)!: Update action tj-actions/changed-files ( v46.0.5 ➔v47.0.0 )",
           "result": "error",
           "upgrades": [
             {
               "datasource": "github-tags",
               "depName": "tj-actions/changed-files",
               "displayPending": "",
               "fixedVersion": "v46.0.5",
               "currentVersion": "v46.0.5",
               "currentValue": "v46.0.5",
               "newValue": "v47.0.0",
               "newVersion": "v47.0.0",
               "newDigest": "24d32ffd492484c1d75e0c0b894501ddb9d30d62",
               "packageFile": ".github/workflows/flux-local.yaml",
               "updateType": "major",
               "packageName": "tj-actions/changed-files"
             }
           ]
         },
         {
           "branchName": "renovate/docker-registry1.mariadb.com-library-mariadb-12.x",
           "prNo": null,
           "prTitle": "feat(container)!: Update image docker-registry1.mariadb.com/library/mariadb ( 11.8.2 ➔12.0.2 )",
           "result": "error",
           "upgrades": [
             {
               "datasource": "docker",
               "depName": "docker-registry1.mariadb.com/library/mariadb",
               "displayPending": "",
               "fixedVersion": "11.8.2",
               "currentVersion": "11.8.2",
               "currentValue": "11.8.2",
               "newValue": "12.0.2",
               "newVersion": "12.0.2",
               "packageFile": "kubernetes/apps/default/filerun/mariadb.yaml",
               "updateType": "major",
               "packageName": "docker-registry1.mariadb.com/library/mariadb"
             },
             {
               "datasource": "docker",
               "depName": "docker-registry1.mariadb.com/library/mariadb",
               "displayPending": "",
               "fixedVersion": "11.8.2",
               "currentVersion": "11.8.2",
               "currentValue": "11.8.2",
               "newValue": "12.0.2",
               "newVersion": "12.0.2",
               "packageFile": "kubernetes/apps/default/bookstack/mariadb.yaml",
               "updateType": "major",
               "packageName": "docker-registry1.mariadb.com/library/mariadb"
             }
           ]
         },
         {
           "branchName": "renovate/elasticsearch-9.x",
           "prNo": null,
           "prTitle": "feat(container)!: Update image elasticsearch ( 8.18.2 ➔9.1.4 )",
           "result": "error",
           "upgrades": [
             {
               "datasource": "docker",
               "depName": "elasticsearch",
               "displayPending": "",
               "fixedVersion": "8.18.2",
               "currentVersion": "8.18.2",
               "currentValue": "8.18.2",
               "newValue": "9.1.4",
               "newVersion": "9.1.4",
               "packageFile": "kubernetes/apps/default/filerun/helmrelease.yaml",
               "updateType": "major",
               "packageName": "elasticsearch"
             }
           ]
         },
         {
           "branchName": "renovate/ghcr.io-silverbulletmd-silverbullet-2.x",
           "prNo": null,
           "prTitle": "feat(container)!: Update image ghcr.io/silverbulletmd/silverbullet ( 0.10.4 ➔2.0.0 )",
           "result": "error",
           "upgrades": [
             {
               "datasource": "docker",
               "depName": "ghcr.io/silverbulletmd/silverbullet",
               "displayPending": "",
               "fixedVersion": "0.10.4",
               "currentVersion": "0.10.4",
               "currentValue": "0.10.4",
               "newValue": "2.0.0",
               "newVersion": "2.0.0",
               "packageFile": "kubernetes/apps/default/silverbullet/helmrelease.yaml",
               "updateType": "major",
               "packageName": "ghcr.io/silverbulletmd/silverbullet"
             }
           ]
         },
         {
           "branchName": "renovate/major-monitoring-stack",
           "prNo": null,
           "prTitle": "feat(helm)!: Update chart grafana ( 9.3.6 ➔10.0.0 )",
           "result": "error",
           "upgrades": [
             {
               "datasource": "helm",
               "depName": "grafana",
               "displayPending": "",
               "fixedVersion": "9.3.6",
               "currentVersion": "9.3.6",
               "currentValue": "9.3.6",
               "newValue": "10.0.0",
               "newVersion": "10.0.0",
               "newDigest": "1a7bed9afd87c2e669c131593b5b2cfec5379b502eacdc4534b42e18a6f417a6",
               "packageFile": "kubernetes/apps/observability/grafana/helmrelease.yaml",
               "updateType": "major",
               "packageName": "grafana"
             }
           ]
         }
       ]
DEBUG: Renovate repository PR statistics (repository=local)
       "stats": {"total": 0, "open": 0, "closed": 0, "merged": 0}
DEBUG: Repository result: done, status: onboarded, enabled: true, onboarded: true (repository=local)
DEBUG: repository problems (repository=local)
       "repoProblems": [
         "WARN: Excess registryUrls found for datasource lookup - using first configured only",
         "WARN: Error updating branch"
       ]
DEBUG: Repository timing splits (milliseconds) (repository=local)
       "splits": {"init": 1277, "extract": 496, "lookup": 4038, "onboarding": 0, "update": 39},
       "total": 5872
DEBUG: Package cache statistics (repository=local)
       "get": {"count": 138, "avgMs": 370, "medianMs": 349, "maxMs": 2010, "totalMs": 51030},
       "set": {"count": 1, "avgMs": 194, "medianMs": 194, "maxMs": 194, "totalMs": 194}
DEBUG: Datasource cache statistics (repository=local)
       "pypi": {"https://pypi.org/pypi": {"hit": 2, "miss": 0, "set": 0, "skip": 0}},
       "docker": {"https://index.docker.io": {"hit": 0, "miss": 0, "set": 0, "skip": 32}},
       "helm": {
         "https://charts.goauthentik.io": {"hit": 0, "miss": 0, "set": 0, "skip": 1},
         "https://helm.cilium.io": {"hit": 0, "miss": 0, "set": 0, "skip": 1},
         "https://kubernetes-sigs.github.io/external-dns": {
           "hit": 0,
           "miss": 0,
           "set": 0,
           "skip": 1
         },
         "https://helm.mariadb.com/mariadb-operator": {
           "hit": 0,
           "miss": 0,
           "set": 0,
           "skip": 2
         },
         "https://kubernetes-sigs.github.io/metrics-server": {
           "hit": 0,
           "miss": 0,
           "set": 0,
           "skip": 1
         },
         "https://kubernetes-sigs.github.io/node-feature-discovery/charts": {
           "hit": 0,
           "miss": 0,
           "set": 0,
           "skip": 1
         },
         "https://charts.rook.io/release": {"hit": 0, "miss": 0, "set": 0, "skip": 2},
         "https://victoriametrics.github.io/helm-charts": {
           "hit": 0,
           "miss": 0,
           "set": 0,
           "skip": 2
         },
         "https://grafana.github.io/helm-charts": {
           "hit": 0,
           "miss": 0,
           "set": 0,
           "skip": 1
         }
       },
       "github-releases": {"https://github.com": {"hit": 0, "miss": 0, "set": 0, "skip": 4}},
       "github-tags": {"https://github.com": {"hit": 0, "miss": 0, "set": 0, "skip": 16}}
DEBUG: HTTP statistics (repository=local)
       "hosts": {
         "api.github.com": {
           "count": 6,
           "reqAvgMs": 255,
           "reqMedianMs": 131,
           "reqMaxMs": 802,
           "queueAvgMs": 0,
           "queueMedianMs": 0,
           "queueMaxMs": 0
         },
         "ghcr.io": {
           "count": 3,
           "reqAvgMs": 253,
           "reqMedianMs": 124,
           "reqMaxMs": 563,
           "queueAvgMs": 0,
           "queueMedianMs": 0,
           "queueMaxMs": 0
         }
       },
       "requests": 9
DEBUG: HTTP cache statistics (repository=local)
       "https://api.github.com": {
         "/repos/rcdailey/home-ops/contents/.renovate/autoMerge.json5": {
           "hit": 0,
           "miss": 1
         },
         "/repos/rcdailey/home-ops/contents/.renovate/customManagers.json5": {
           "hit": 0,
           "miss": 1
         },
         "/repos/rcdailey/home-ops/contents/.renovate/groups.json5": {
           "hit": 0,
           "miss": 1
         },
         "/repos/rcdailey/home-ops/contents/.renovate/labels.json5": {
           "hit": 0,
           "miss": 1
         },
         "/repos/rcdailey/home-ops/contents/.renovate/semanticCommits.json5": {
           "hit": 0,
           "miss": 1
         }
       },
       "https://ghcr.io": {
         "/token": {"hit": 0, "miss": 1},
         "/v2/siderolabs/installer/manifests/latest": {"hit": 0, "miss": 1}
       }
DEBUG: Lookup statistics (repository=local)
       "docker": {"count": 41, "avgMs": 622, "medianMs": 653, "maxMs": 2710, "totalMs": 25500},
       "kubernetes-api": {"count": 142, "avgMs": 6, "medianMs": 5, "maxMs": 35, "totalMs": 850},
       "pypi": {"count": 2, "avgMs": 515, "medianMs": 519, "maxMs": 519, "totalMs": 1030},
       "helm": {"count": 15, "avgMs": 154, "medianMs": 129, "maxMs": 617, "totalMs": 2316},
       "github-releases": {"count": 4, "avgMs": 1035, "medianMs": 1219, "maxMs": 1221, "totalMs": 4141},
       "github-tags": {"count": 30, "avgMs": 1433, "medianMs": 1364, "maxMs": 2545, "totalMs": 42999}
DEBUG: Cache fallback URLs (repository=local)
       "count": 0,
       "hits": {}
 INFO: Repository finished (repository=local)
       "cloned": undefined,
       "durationMs": 5872
DEBUG: Checking file package cache for expired items
DEBUG: Deleted 0 of 223 file cached entries in 62ms
